{"type":"FeatureCollection","features":[{"type":"Feature","geometry":{"type":"Point","coordinates":[-3.78288,40.4701]},"properties":{"stop_id":"1","stop_code":"1","stop_name":"Avenida Valdemarín - Blanca De Castilla","routes":["161"]}},{"type":"Feature","geometry":{"type":"Point","coordinates":[-3.78596,40.46862]},"properties":{"stop_id":"2","stop_code":"2","stop_name":"Avenida Valdemarín - La Salle","routes":["161"]}},{"type":"Feature","geometry":{"type":"Point","coordinates":[-3.78385,40.46491]},"properties":{"stop_id":"3","stop_code":"3","stop_name":"Blanca De Castilla - Camino De La Zarzuela","routes":["161"]}},{"type":"Feature","geometry":{"type":"Point","coordinates":[-3.7841,40.46139]},"properties":{"stop_id":"4","stop_code":"4","stop_name":"Pléyades - Ana Teresa","routes":["161"]}},{"type":"Feature","geometry":{"type":"Point","coordinates":[-3.78429,40.45939]},"properties":{"stop_id":"5","stop_code":"5","stop_name":"Pléyades - Osa Mayor","routes":["161"]}},{"type":"Feature","geometry":{"type":"Point","coordinates":[-3.7836,40.46494]},"properties":{"stop_id":"6","stop_code":"6","stop_name":"Blanca De Castilla - Camino De La Zarzuela","routes":["161"]}},{"type":"Feature","geometry":{"type":"Point","coordinates":[-3.78571,40.46841]},"properties":{"stop_id":"7","stop_code":"7","stop_name":"Avenida Valdemarín - La Salle","routes":["161"]}},{"type":"Feature","geometry":{"type":"Point","coordinates":[-3.78209,40.46987]},"properties":{"stop_id":"8","stop_code":"8","stop_name":"Avenida Valdemarín - Blanca De Castilla","routes":["161"]}},{"type":"Feature","geometry":{"type":"Point","coordinates":[-3.7044,40.4204]},"properties":{"stop_id":"9","stop_code":"9","stop_name":"Gran Vía - Callao","routes":["001","002","046","074","146","361","516","518","519","520","521"]}},{"type":"Feature","geometry":{"type":"Point","coordinates":[-3.67583,40.47161]},"properties":{"stop_id":"11","stop_code":"11","stop_name":"Buganvilla","routes":["014"]}},{"type":"Feature","geometry":{"type":"Point","coordinates":[-3.81782,40.47101]},"properties":{"stop_id":"13","stop_code":"13","stop_name":"Guecho - Gobelas","routes":["162"]}},{"type":"Feature","geometry":{"type":"Point","coordinates":[-3.81757,40.47105]},"properties":{"stop_id":"14","stop_code":"14","stop_name":"Guecho - Gobelas","routes":["162"]}},{"type":"Feature","geometry":{"type":"Point","coordinates":[-3.81318,40.46689]},"properties":{"stop_id":"16","stop_code":"16","stop_name":"Avenida De La Victoria - Centro Comercial","routes":["162","163"]}},{"type":"Feature","geometry":{"type":"Point","coordinates":[-3.80859,40.46426]},"properties":{"stop_id":"17","stop_code":"17","stop_name":"El Barrial","routes":["163"]}},{"type":"Feature","geometry":{"type":"Point","coordinates":[-3.8136,40.46715]},"properties":{"stop_id":"18","stop_code":"18","stop_name":"Avenida De La Victoria - Centro Comercial","routes":["162","163"]}},{"type":"Feature","geometry":{"type":"Point","coordinates":[-3.81895,40.46909]},"properties":{"stop_id":"19","stop_code":"19","stop_name":"Acceso A6 - Avenida De La Victoria","routes":["162"]}},{"type":"Feature","geometry":{"type":"Point","coordinates":[-3.81714,40.47045]},"properties":{"stop_id":"20","stop_code":"20","stop_name":"Guecho - Gobelas","routes":["162"]}},{"type":"Feature","geometry":{"type":"Point","coordinates":[-3.81317,40.46929]},"properties":{"stop_id":"21","stop_code":"21","stop_name":"Motrico - Lequeitio","routes":["162"]}},{"type":"Feature","geometry":{"type":"Point","coordinates":[-3.81033,40.46895]},"properties":{"stop_id":"22","stop_code":"22","stop_name":"Amorebieta","routes":["162"]}},{"type":"Feature","geometry":{"type":"Point","coordinates":[-3.73586,40.44814]},"properties":{"stop_id":"23","stop_code":"23","stop_name":"Estadística - Geografía E Historia","routes":["083","133","162","164","531"]}},{"type":"Feature","geometry":{"type":"Point","coordinates":[-3.63769,40.46946]},"properties":{"stop_id":"24","stop_code":"24","stop_name":"Mar De Cristal","routes":["112","125"]}},{"type":"Feature","geometry":{"type":"Point","coordinates":[-3.68973,40.46501]},"properties":{"stop_id":"28","stop_code":"28","stop_name":"Juzgados Plaza Castilla","routes":["005","027","147","522","524","881"]}},{"type":"Feature","geometry":{"type":"Point","coordinates":[-3.6892,40.46508]},"properties":{"stop_id":"29","stop_code":"29","stop_name":"Juzgados Plaza Castilla","routes":["005","027","147","522","524"]}},{"type":"Feature","geometry":{"type":"Point","coordinates":[-3.68813,40.46619]},"properties":{"stop_id":"30","stop_code":"30","stop_name":"Plaza Castilla","routes":["005","070","107","129","833"]}},{"type":"Feature","geometry":{"type":"Point","coordinates":[-3.68833,40.46642]},"properties":{"stop_id":"31","stop_code":"31","stop_name":"Plaza Castilla","routes":["005","066","070","107","129","174"]}},{"type":"Feature","geometry":{"type":"Point","coordinates":[-3.68999,40.46183]},"properties":{"stop_id":"32","stop_code":"32","stop_name":"Castellana - Rosario Pino","routes":["005","027","147","522","524"]}},{"type":"Feature","geometry":{"type":"Point","coordinates":[-3.68953,40.46181]},"properties":{"stop_id":"33","stop_code":"33","stop_name":"Castellana - Rosario Pino","routes":["005","027","147","522","524"]}},{"type":"Feature","geometry":{"type":"Point","coordinates":[-3.69032,40.45828]},"properties":{"stop_id":"34","stop_code":"34","stop_name":"Cuzco","routes":["005","027","040","147","522","524","881"]}},{"type":"Feature","geometry":{"type":"Point","coordinates":[-3.68972,40.45985]},"properties":{"stop_id":"35","stop_code":"35","stop_name":"Cuzco","routes":["005","027","147","522","524","881"]}},{"type":"Feature","geometry":{"type":"Point","coordinates":[-3.69049,40.45657]},"properties":{"stop_id":"36","stop_code":"36","stop_name":"Castellana - San Germán","routes":["005","027","040","147","522","524"]}},{"type":"Feature","geometry":{"type":"Point","coordinates":[-3.69011,40.45572]},"properties":{"stop_id":"37","stop_code":"37","stop_name":"Castellana - San Germán","routes":["027","040","126","147","522","524"]}},{"type":"Feature","geometry":{"type":"Point","coordinates":[-3.6907,40.45455]},"properties":{"stop_id":"38","stop_code":"38","stop_name":"Castellana - Rafael Salgado","routes":["027","040","126","147"]}},{"type":"Feature","geometry":{"type":"Point","coordinates":[-3.69023,40.45454]},"properties":{"stop_id":"39","stop_code":"39","stop_name":"Castellana - Rafael Salgado","routes":["027","040","126","147"]}},{"type":"Feature","geometry":{"type":"Point","coordinates":[-3.62094,40.43756]},"properties":{"stop_id":"40","stop_code":"40","stop_name":"San Romualdo - Julián Camarillo","routes":["105"]}},{"type":"Feature","geometry":{"type":"Point","coordinates":[-3.69106,40.45146]},"properties":{"stop_id":"41","stop_code":"41","stop_name":"Lima - Santiago Bernabéu","routes":["014","027","040","126","147","150","522","524","881"]}},{"type":"Feature","geometry":{"type":"Point","coordinates":[-3.69052,40.45148]},"properties":{"stop_id":"42","stop_code":"42","stop_name":"Lima - Santiago Bernabéu","routes":["027","040","126","147","150","522","524","881"]}},{"type":"Feature","geometry":{"type":"Point","coordinates":[-3.69037,40.45308]},"properties":{"stop_id":"44","stop_code":"44","stop_name":"Santiago Bernabéu","routes":["027","040","126","147","150"]}},{"type":"Feature","geometry":{"type":"Point","coordinates":[-3.6905,40.45162]},"properties":{"stop_id":"45","stop_code":"45","stop_name":"Plaza Lima","routes":["120"]}},{"type":"Feature","geometry":{"type":"Point","coordinates":[-3.69074,40.44934]},"properties":{"stop_id":"47","stop_code":"47","stop_name":"Azca","routes":["027","040","126","147","150","522","524"]}},{"type":"Feature","geometry":{"type":"Point","coordinates":[-3.6915,40.44656]},"properties":{"stop_id":"48","stop_code":"48","stop_name":"Nuevos Ministerios - Centro Comercial","routes":["014","027","040","147","150","881"]}},{"type":"Feature","geometry":{"type":"Point","coordinates":[-3.6917,40.44536]},"properties":{"stop_id":"49","stop_code":"49","stop_name":"Nuevos Ministerios - Cercanías","routes":["007","014","027","040","147","150","522","524"]}},{"type":"Feature","geometry":{"type":"Point","coordinates":[-3.69101,40.44682]},"properties":{"stop_id":"50","stop_code":"50","stop_name":"Nuevos Ministerios - Centro Comercial","routes":["027","040","126","147","150","522","524"]}},{"type":"Feature","geometry":{"type":"Point","coordinates":[-3.69182,40.44405]},"properties":{"stop_id":"51","stop_code":"51","stop_name":"Nuevos Ministerios - Castellana","routes":["007","014","027","040","147","150","522","524"]}},{"type":"Feature","geometry":{"type":"Point","coordinates":[-3.69115,40.44373]},"properties":{"stop_id":"52","stop_code":"52","stop_name":"Nuevos Ministerios - Castellana","routes":["007","014","027","040","147","150","522","524"]}},{"type":"Feature","geometry":{"type":"Point","coordinates":[-3.69219,40.44098]},"properties":{"stop_id":"53","stop_code":"53","stop_name":"Museo Ciencias Naturales","routes":["007","014","027","040","147","150","522","524"]}},{"type":"Feature","geometry":{"type":"Point","coordinates":[-3.69137,40.44112]},"properties":{"stop_id":"54","stop_code":"54","stop_name":"Barrio De La Ciencia","routes":["007","014","027","040","147","150","522","524"]}},{"type":"Feature","geometry":{"type":"Point","coordinates":[-3.6904,40.43835]},"properties":{"stop_id":"56","stop_code":"56","stop_name":"Gregorio Marañón","routes":["007","014","027","040","147","150","522","524"]}},{"type":"Feature","geometry":{"type":"Point","coordinates":[-3.68926,40.43497]},"properties":{"stop_id":"57","stop_code":"57","stop_name":"Emilio Castelar","routes":["005","014","027","045","150","501","522","524"]}},{"type":"Feature","geometry":{"type":"Point","coordinates":[-3.68869,40.43575]},"properties":{"stop_id":"58","stop_code":"58","stop_name":"Emilio Castelar","routes":["007","016","040","147"]}},{"type":"Feature","geometry":{"type":"Point","coordinates":[-3.68881,40.43297]},"properties":{"stop_id":"59","stop_code":"59","stop_name":"Castellana - Rubén Darío","routes":["005","014","027","045","150","501","522","524"]}},{"type":"Feature","geometry":{"type":"Point","coordinates":[-3.68808,40.4332]},"properties":{"stop_id":"60","stop_code":"60","stop_name":"Castellana - Rubén Darío","routes":["005","014","027","045","150","501","522","524"]}},{"type":"Feature","geometry":{"type":"Point","coordinates":[-3.6898,40.42913]},"properties":{"stop_id":"61","stop_code":"61","stop_name":"Castellana - Ministerio Interior","routes":["005","014","027","045","150","501","522","524","525","526"]}},{"type":"Feature","geometry":{"type":"Point","coordinates":[-3.68907,40.42921]},"properties":{"stop_id":"62","stop_code":"62","stop_name":"Castellana - Ministerio Interior","routes":["005","014","027","045","150","501","522","524"]}},{"type":"Feature","geometry":{"type":"Point","coordinates":[-3.69063,40.42586]},"properties":{"stop_id":"63","stop_code":"63","stop_name":"Colón","routes":["005","014","027","045","150","501","522","524","525","526"]}},{"type":"Feature","geometry":{"type":"Point","coordinates":[-3.69052,40.42384]},"properties":{"stop_id":"65","stop_code":"65","stop_name":"Biblioteca Nacional","routes":["005","014","027","045","053","150","363","501","504","522","523","524","525","526"]}},{"type":"Feature","geometry":{"type":"Point","coordinates":[-3.68987,40.42608]},"properties":{"stop_id":"66","stop_code":"66","stop_name":"Colón","routes":["005","014","027","045","150","501","522","524"]}},{"type":"Feature","geometry":{"type":"Point","coordinates":[-3.69152,40.42285]},"properties":{"stop_id":"68","stop_code":"68","stop_name":"Recoletos","routes":["005","014","027","037","045","053","150","363"]}},{"type":"Feature","geometry":{"type":"Point","coordinates":[-3.69353,40.41975]},"properties":{"stop_id":"69","stop_code":"69","stop_name":"Cibeles","routes":["001","002","009","015","020","051","052","053","074","146","203","361","516","517","518","519"]}},{"type":"Feature","geometry":{"type":"Point","coordinates":[-3.69337,40.41911]},"properties":{"stop_id":"70","stop_code":"70","stop_name":"Cibeles","routes":["001","002","009","015","020","051","052","074","146","505","506","507"]}},{"type":"Feature","geometry":{"type":"Point","coordinates":[-3.69263,40.41876]},"properties":{"stop_id":"71","stop_code":"71","stop_name":"Cibeles","routes":["203","527"]}},{"type":"Feature","geometry":{"type":"Point","coordinates":[-3.69214,40.42031]},"properties":{"stop_id":"72","stop_code":"72","stop_name":"Cibeles - Casa De América","routes":["005","014","027","037","045","053","150","363","501","504","522","524","525","526"]}},{"type":"Feature","geometry":{"type":"Point","coordinates":[-3.69281,40.42019]},"properties":{"stop_id":"73","stop_code":"73","stop_name":"Cibeles","routes":["005","014","027","037","045","150","363","523","525","526"]}},{"type":"Feature","geometry":{"type":"Point","coordinates":[-3.69355,40.41903]},"properties":{"stop_id":"74","stop_code":"74","stop_name":"Cibeles","routes":["034"]}},{"type":"Feature","geometry":{"type":"Point","coordinates":[-3.69424,40.41778]},"properties":{"stop_id":"76","stop_code":"76","stop_name":"Banco De España","routes":["014","027","037","045","361","363","513","514"]}},{"type":"Feature","geometry":{"type":"Point","coordinates":[-3.69466,40.41508]},"properties":{"stop_id":"77","stop_code":"77","stop_name":"Neptuno","routes":["010","014","027","034","037","045","361","363","509","510","511","512","513","514","515","517","525","526"]}},{"type":"Feature","geometry":{"type":"Point","coordinates":[-3.69327,40.4156]},"properties":{"stop_id":"78","stop_code":"78","stop_name":"Neptuno","routes":["010","014","027","034","037","045","361","363","509","510","511","512","513","514","515","517","525","526"]}},{"type":"Feature","geometry":{"type":"Point","coordinates":[-3.69343,40.41232]},"properties":{"stop_id":"79","stop_code":"79","stop_name":"Museo Del Prado - Jardín Botánico","routes":["010","014","027","034","037","045","361","363","509","510","511","512","513","514","515","517","525","526"]}},{"type":"Feature","geometry":{"type":"Point","coordinates":[-3.71127,40.40715]},"properties":{"stop_id":"80","stop_code":"80","stop_name":"Metro Puerta De Toledo","routes":["362"]}},{"type":"Feature","geometry":{"type":"Point","coordinates":[-3.69263,40.40988]},"properties":{"stop_id":"81","stop_code":"81","stop_name":"Prado - Atocha","routes":["010","014","027","034","037","045","361","363","401","509","510","511","512","513","514","515","517","525","526"]}},{"type":"Feature","geometry":{"type":"Point","coordinates":[-3.69218,40.41002]},"properties":{"stop_id":"82","stop_code":"82","stop_name":"Prado - Atocha","routes":["010","014","027","034","037","045","361","363","401","509","510","511","512","513","514","515","517","525","526"]}},{"type":"Feature","geometry":{"type":"Point","coordinates":[-3.69359,40.40773]},"properties":{"stop_id":"83","stop_code":"83","stop_name":"Museo Reina Sofía","routes":["027","034","068","363","512","515","517","529"]}},{"type":"Feature","geometry":{"type":"Point","coordinates":[-3.69877,40.40625]},"properties":{"stop_id":"84","stop_code":"84","stop_name":"Teatro Circo Price","routes":["027","034","036","041","068","119","363","512","515","517","529"]}},{"type":"Feature","geometry":{"type":"Point","coordinates":[-3.69888,40.40594]},"properties":{"stop_id":"85","stop_code":"85","stop_name":"Teatro Circo Price","routes":["027","034","036","041","069","119","363","512","515","517","530"]}},{"type":"Feature","geometry":{"type":"Point","coordinates":[-3.70242,40.40539]},"properties":{"stop_id":"86","stop_code":"86","stop_name":"Embajadores","routes":["027"]}},{"type":"Feature","geometry":{"type":"Point","coordinates":[-3.69674,40.40443]},"properties":{"stop_id":"87","stop_code":"87","stop_name":"José Antonio Armona","routes":["027"]}},{"type":"Feature","geometry":{"type":"Point","coordinates":[-3.69393,40.40415]},"properties":{"stop_id":"88","stop_code":"88","stop_name":"Calle De Las Delicias","routes":["027"]}},{"type":"Feature","geometry":{"type":"Point","coordinates":[-3.69316,40.40661]},"properties":{"stop_id":"89","stop_code":"89","stop_name":"Delicias - Atocha","routes":["006","019","027","045","514"]}},{"type":"Feature","geometry":{"type":"Point","coordinates":[-3.69608,40.41862]},"properties":{"stop_id":"90","stop_code":"90","stop_name":"Círculo De Bellas Artes","routes":["009","052","146","361","516"]}},{"type":"Feature","geometry":{"type":"Point","coordinates":[-3.67788,40.39374]},"properties":{"stop_id":"92","stop_code":"92","stop_name":"Méndez Álvaro - Estación Sur","routes":["102","148"]}},{"type":"Feature","geometry":{"type":"Point","coordinates":[-3.70676,40.47906]},"properties":{"stop_id":"93","stop_code":"93","stop_name":"La Vaguada","routes":["049","083","132","137","179","522"]}},{"type":"Feature","geometry":{"type":"Point","coordinates":[-3.68724,40.45476]},"properties":{"stop_id":"97","stop_code":"97","stop_name":"Padre Damián - Rafael Salgado","routes":["150"]}},{"type":"Feature","geometry":{"type":"Point","coordinates":[-3.68698,40.45477]},"properties":{"stop_id":"98","stop_code":"98","stop_name":"Padre Damián - Rafael Salgado","routes":["150"]}},{"type":"Feature","geometry":{"type":"Point","coordinates":[-3.68583,40.45757]},"properties":{"stop_id":"99","stop_code":"99","stop_name":"Padre Damián - Lázaro Galdiano","routes":["150"]}},{"type":"Feature","geometry":{"type":"Point","coordinates":[-3.68557,40.45742]},"properties":{"stop_id":"100","stop_code":"100","stop_name":"Padre Damián - Lázaro Galdiano","routes":["150"]}},{"type":"Feature","geometry":{"type":"Point","coordinates":[-3.68564,40.4595]},"properties":{"stop_id":"101","stop_code":"101","stop_name":"Alberto Alcocer - Padre Damián","routes":["150"]}},{"type":"Feature","geometry":{"type":"Point","coordinates":[-3.68539,40.45913]},"properties":{"stop_id":"102","stop_code":"102","stop_name":"Alberto Alcocer - Padre Damián","routes":["150"]}},{"type":"Feature","geometry":{"type":"Point","coordinates":[-3.68539,40.46186]},"properties":{"stop_id":"103","stop_code":"103","stop_name":"Padre Damián - Pedro Muguruza","routes":["150"]}},{"type":"Feature","geometry":{"type":"Point","coordinates":[-3.68516,40.46154]},"properties":{"stop_id":"104","stop_code":"104","stop_name":"Padre Damián - Pedro Muguruza","routes":["150"]}},{"type":"Feature","geometry":{"type":"Point","coordinates":[-3.68456,40.46267]},"properties":{"stop_id":"105","stop_code":"105","stop_name":"Madre Molas","routes":["150"]}},{"type":"Feature","geometry":{"type":"Point","coordinates":[-3.6845,40.46232]},"properties":{"stop_id":"106","stop_code":"106","stop_name":"Madre Molas","routes":["150"]}},{"type":"Feature","geometry":{"type":"Point","coordinates":[-3.68226,40.46122]},"properties":{"stop_id":"107","stop_code":"107","stop_name":"Fray Bernardino Sahagún","routes":["150"]}},{"type":"Feature","geometry":{"type":"Point","coordinates":[-3.68224,40.46098]},"properties":{"stop_id":"108","stop_code":"108","stop_name":"Fray Bernardino Sahagún","routes":["150"]}},{"type":"Feature","geometry":{"type":"Point","coordinates":[-3.68046,40.46042]},"properties":{"stop_id":"109","stop_code":"109","stop_name":"Alfonso XIII - Paseo De La Habana","routes":["150"]}},{"type":"Feature","geometry":{"type":"Point","coordinates":[-3.68041,40.46024]},"properties":{"stop_id":"110","stop_code":"110","stop_name":"Alfonso XIII - Paseo De La Habana","routes":["150"]}},{"type":"Feature","geometry":{"type":"Point","coordinates":[-3.67673,40.46081]},"properties":{"stop_id":"111","stop_code":"111","stop_name":"Plaza Del Perú","routes":["016","029"]}},{"type":"Feature","geometry":{"type":"Point","coordinates":[-3.67636,40.46087]},"properties":{"stop_id":"112","stop_code":"112","stop_name":"Plaza Del Perú","routes":["016","029","150","501"]}},{"type":"Feature","geometry":{"type":"Point","coordinates":[-3.67693,40.46017]},"properties":{"stop_id":"113","stop_code":"113","stop_name":"Plaza Del Perú","routes":["051"]}},{"type":"Feature","geometry":{"type":"Point","coordinates":[-3.67631,40.46255]},"properties":{"stop_id":"114","stop_code":"114","stop_name":"Pío XII","routes":["016","029","150","501"]}},{"type":"Feature","geometry":{"type":"Point","coordinates":[-3.67603,40.4625]},"properties":{"stop_id":"115","stop_code":"115","stop_name":"Pío XII","routes":["016","029","150","501"]}},{"type":"Feature","geometry":{"type":"Point","coordinates":[-3.67575,40.46516]},"properties":{"stop_id":"116","stop_code":"116","stop_name":"Pío XII - Comandante Franco","routes":["016","029","150","501"]}},{"type":"Feature","geometry":{"type":"Point","coordinates":[-3.67538,40.46552]},"properties":{"stop_id":"117","stop_code":"117","stop_name":"Pío XII - Comandante Franco","routes":["016","029","150","501"]}},{"type":"Feature","geometry":{"type":"Point","coordinates":[-3.67375,40.46862]},"properties":{"stop_id":"118","stop_code":"118","stop_name":"Nunciatura","routes":["016","150"]}},{"type":"Feature","geometry":{"type":"Point","coordinates":[-3.67362,40.46829]},"properties":{"stop_id":"119","stop_code":"119","stop_name":"Nunciatura","routes":["016","150"]}},{"type":"Feature","geometry":{"type":"Point","coordinates":[-3.6734,40.47081]},"properties":{"stop_id":"120","stop_code":"120","stop_name":"Pío XII - La Paloma","routes":["150"]}},{"type":"Feature","geometry":{"type":"Point","coordinates":[-3.67749,40.47408]},"properties":{"stop_id":"123","stop_code":"123","stop_name":"Bambú","routes":["129","150","174"]}},{"type":"Feature","geometry":{"type":"Point","coordinates":[-3.67643,40.47683]},"properties":{"stop_id":"124","stop_code":"124","stop_name":"Bambú - Yuca","routes":["129","150","174","833"]}},{"type":"Feature","geometry":{"type":"Point","coordinates":[-3.67578,40.47945]},"properties":{"stop_id":"125","stop_code":"125","stop_name":"Avenida De Burgos","routes":["129","150","174"]}},{"type":"Feature","geometry":{"type":"Point","coordinates":[-3.6755,40.47919]},"properties":{"stop_id":"126","stop_code":"126","stop_name":"Avenida De Burgos","routes":["129","150","833"]}},{"type":"Feature","geometry":{"type":"Point","coordinates":[-3.67526,40.48095]},"properties":{"stop_id":"127","stop_code":"127","stop_name":"San Luis - Avenida De Burgos","routes":["129","150"]}},{"type":"Feature","geometry":{"type":"Point","coordinates":[-3.67495,40.4806]},"properties":{"stop_id":"128","stop_code":"128","stop_name":"San Luis - Avenida De Burgos","routes":["129","150"]}},{"type":"Feature","geometry":{"type":"Point","coordinates":[-3.67213,40.47954]},"properties":{"stop_id":"129","stop_code":"129","stop_name":"Condado De Treviño","routes":["129","150"]}},{"type":"Feature","geometry":{"type":"Point","coordinates":[-3.6726,40.47975]},"properties":{"stop_id":"130","stop_code":"130","stop_name":"Condado De Treviño","routes":["129","150"]}},{"type":"Feature","geometry":{"type":"Point","coordinates":[-3.67084,40.47783]},"properties":{"stop_id":"131","stop_code":"131","stop_name":"Serrano Galvache","routes":["129","150"]}},{"type":"Feature","geometry":{"type":"Point","coordinates":[-3.67091,40.47743]},"properties":{"stop_id":"132","stop_code":"132","stop_name":"Serrano Galvache","routes":["129","150"]}},{"type":"Feature","geometry":{"type":"Point","coordinates":[-3.66895,40.47686]},"properties":{"stop_id":"133","stop_code":"133","stop_name":"San Luis - Arturo Soria","routes":["029","129","150"]}},{"type":"Feature","geometry":{"type":"Point","coordinates":[-3.66852,40.47679]},"properties":{"stop_id":"134","stop_code":"134","stop_name":"San Luis - Arturo Soria","routes":["029","125","129","150"]}},{"type":"Feature","geometry":{"type":"Point","coordinates":[-3.66851,40.47919]},"properties":{"stop_id":"135","stop_code":"135","stop_name":"Arturo Soria - Cultura","routes":["029","125","129","150"]}},{"type":"Feature","geometry":{"type":"Point","coordinates":[-3.66843,40.47852]},"properties":{"stop_id":"136","stop_code":"136","stop_name":"Arturo Soria - Cultura","routes":["029","125","129","150"]}},{"type":"Feature","geometry":{"type":"Point","coordinates":[-3.66725,40.48046]},"properties":{"stop_id":"137","stop_code":"137","stop_name":"Pinar De Chamartín","routes":["125","129","150","501"]}},{"type":"Feature","geometry":{"type":"Point","coordinates":[-3.66727,40.48011]},"properties":{"stop_id":"138","stop_code":"138","stop_name":"Pinar De Chamartín","routes":["125","129","150"]}},{"type":"Feature","geometry":{"type":"Point","coordinates":[-3.66494,40.48258]},"properties":{"stop_id":"139","stop_code":"139","stop_name":"Arturo Soria - M11","routes":["125","129","150","501"]}},{"type":"Feature","geometry":{"type":"Point","coordinates":[-3.66456,40.48238]},"properties":{"stop_id":"140","stop_code":"140","stop_name":"Arturo Soria - M11","routes":["125","129","150"]}},{"type":"Feature","geometry":{"type":"Point","coordinates":[-3.67591,40.47511]},"properties":{"stop_id":"145","stop_code":"145","stop_name":"Bambú","routes":["129","150","833"]}},{"type":"Feature","geometry":{"type":"Point","coordinates":[-3.6757,40.4731]},"properties":{"stop_id":"146","stop_code":"146","stop_name":"Pío XII - Avenida De Burgos","routes":["129","150"]}},{"type":"Feature","geometry":{"type":"Point","coordinates":[-3.66914,40.42859]},"properties":{"stop_id":"147","stop_code":"147","stop_name":"Manuel Becerra","routes":["143","156"]}},{"type":"Feature","geometry":{"type":"Point","coordinates":[-3.66891,40.42521]},"properties":{"stop_id":"148","stop_code":"148","stop_name":"Doctor Esquerdo - Goya","routes":["002","056","068","071","143","156"]}},{"type":"Feature","geometry":{"type":"Point","coordinates":[-3.66851,40.42485]},"properties":{"stop_id":"149","stop_code":"149","stop_name":"Doctor Esquerdo - Goya","routes":["002","056","069","071","143","156"]}},{"type":"Feature","geometry":{"type":"Point","coordinates":[-3.66919,40.42198]},"properties":{"stop_id":"150","stop_code":"150","stop_name":"O'donnell","routes":["002","030","056","071","143","156","404","405","529","870"]}},{"type":"Feature","geometry":{"type":"Point","coordinates":[-3.66871,40.42272]},"properties":{"stop_id":"151","stop_code":"151","stop_name":"O'donnell","routes":["002","030","056","071","143","156","869"]}},{"type":"Feature","geometry":{"type":"Point","coordinates":[-3.66951,40.42139]},"properties":{"stop_id":"152","stop_code":"152","stop_name":"Doctor Esquerdo - O Donnell","routes":["028","506"]}},{"type":"Feature","geometry":{"type":"Point","coordinates":[-3.66951,40.42114]},"properties":{"stop_id":"153","stop_code":"153","stop_name":"Metro O Donnell","routes":["028","203","402","403","506","527"]}},{"type":"Feature","geometry":{"type":"Point","coordinates":[-3.67311,40.42156]},"properties":{"stop_id":"154","stop_code":"154","stop_name":"O Donnell - Maiquez","routes":["028","506"]}},{"type":"Feature","geometry":{"type":"Point","coordinates":[-3.67313,40.42129]},"properties":{"stop_id":"155","stop_code":"155","stop_name":"O Donnell - Maiquez","routes":["028","506"]}},{"type":"Feature","geometry":{"type":"Point","coordinates":[-3.67639,40.42172]},"properties":{"stop_id":"156","stop_code":"156","stop_name":"O Donnell - Narváez","routes":["002","028","506"]}},{"type":"Feature","geometry":{"type":"Point","coordinates":[-3.67646,40.42147]},"properties":{"stop_id":"157","stop_code":"157","stop_name":"O Donnell - Narváez","routes":["002","028","506"]}},{"type":"Feature","geometry":{"type":"Point","coordinates":[-3.68041,40.42172]},"properties":{"stop_id":"158","stop_code":"158","stop_name":"O Donnell - Retiro","routes":["002","020","028","506","508"]}},{"type":"Feature","geometry":{"type":"Point","coordinates":[-3.68074,40.42144]},"properties":{"stop_id":"159","stop_code":"159","stop_name":"O Donnell - Retiro","routes":["020","508"]}},{"type":"Feature","geometry":{"type":"Point","coordinates":[-3.68919,40.42064]},"properties":{"stop_id":"161","stop_code":"161","stop_name":"Puerta De Alcalá","routes":["001","002","009","015","020","051","052","074","146","504","505","506","507"]}},{"type":"Feature","geometry":{"type":"Point","coordinates":[-3.68826,40.41965]},"properties":{"stop_id":"162","stop_code":"162","stop_name":"Puerta De Alcalá - Retiro","routes":["001","002","009","015","019","020","051","052","074","146","502","503","505","506","507","508"]}},{"type":"Feature","geometry":{"type":"Point","coordinates":[-3.68851,40.42053]},"properties":{"stop_id":"163","stop_code":"163","stop_name":"Puerta De Alcalá","routes":["028"]}},{"type":"Feature","geometry":{"type":"Point","coordinates":[-3.69715,40.41891]},"properties":{"stop_id":"164","stop_code":"164","stop_name":"Gran Vía - Alcalá","routes":["001","002","003","046","074","146","361","362"]}},{"type":"Feature","geometry":{"type":"Point","coordinates":[-3.70761,40.42154]},"properties":{"stop_id":"168","stop_code":"168","stop_name":"Santo Domingo","routes":["001","002","044","046","074","075","133","147","148","361","516","518","519","520","521"]}},{"type":"Feature","geometry":{"type":"Point","coordinates":[-3.70746,40.42109]},"properties":{"stop_id":"169","stop_code":"169","stop_name":"Santo Domingo","routes":["001","002","003","046","074","146","361","516","518","519","520","521"]}},{"type":"Feature","geometry":{"type":"Point","coordinates":[-3.7097,40.42295]},"properties":{"stop_id":"170","stop_code":"170","stop_name":"Gran Vía - Plaza De España","routes":["003","046","074","075","148","516","518","519","520"]}},{"type":"Feature","geometry":{"type":"Point","coordinates":[-3.71052,40.423]},"properties":{"stop_id":"171","stop_code":"171","stop_name":"Gran Vía - Plaza De España","routes":["001","002","003","046","074","361","516","518","519","520","521"]}},{"type":"Feature","geometry":{"type":"Point","coordinates":[-3.71266,40.42595]},"properties":{"stop_id":"172","stop_code":"172","stop_name":"Ventura Rodríguez","routes":["001","002","044","068","133","138","361","521","529"]}},{"type":"Feature","geometry":{"type":"Point","coordinates":[-3.71313,40.42602]},"properties":{"stop_id":"173","stop_code":"173","stop_name":"Ventura Rodríguez","routes":["001","002","044","069","074","133","138","361","521","530"]}},{"type":"Feature","geometry":{"type":"Point","coordinates":[-3.68579,40.42048]},"properties":{"stop_id":"174","stop_code":"174","stop_name":"Alcalá - Retiro","routes":["002","020","028"]}},{"type":"Feature","geometry":{"type":"Point","coordinates":[-3.71359,40.42776]},"properties":{"stop_id":"175","stop_code":"175","stop_name":"Mártires De Alcalá","routes":["002"]}},{"type":"Feature","geometry":{"type":"Point","coordinates":[-3.71173,40.43049]},"properties":{"stop_id":"176","stop_code":"176","stop_name":"Argüelles","routes":["002"]}},{"type":"Feature","geometry":{"type":"Point","coordinates":[-3.71147,40.43396]},"properties":{"stop_id":"177","stop_code":"177","stop_name":"Blasco De Garay - Centro Mayores","routes":["002"]}},{"type":"Feature","geometry":{"type":"Point","coordinates":[-3.70803,40.44047]},"properties":{"stop_id":"180","stop_code":"180","stop_name":"Vallehermoso - Islas Filipinas","routes":["002"]}},{"type":"Feature","geometry":{"type":"Point","coordinates":[-3.70998,40.44254]},"properties":{"stop_id":"181","stop_code":"181","stop_name":"Estadio Vallehermoso","routes":["002"]}},{"type":"Feature","geometry":{"type":"Point","coordinates":[-3.71238,40.44139]},"properties":{"stop_id":"182","stop_code":"182","stop_name":"Melquíades Álvarez","routes":["002"]}},{"type":"Feature","geometry":{"type":"Point","coordinates":[-3.71503,40.44238]},"properties":{"stop_id":"183","stop_code":"183","stop_name":"General Ampudia","routes":["002"]}},{"type":"Feature","geometry":{"type":"Point","coordinates":[-3.71508,40.4436]},"properties":{"stop_id":"184","stop_code":"184","stop_name":"Avenida Del Valle","routes":["002"]}},{"type":"Feature","geometry":{"type":"Point","coordinates":[-3.71421,40.44581]},"properties":{"stop_id":"185","stop_code":"185","stop_name":"Metro Guzmán El Bueno","routes":["002","068","091"]}},{"type":"Feature","geometry":{"type":"Point","coordinates":[-3.71241,40.44587]},"properties":{"stop_id":"186","stop_code":"186","stop_name":"Reina Victoria","routes":["002"]}},{"type":"Feature","geometry":{"type":"Point","coordinates":[-3.71265,40.44292]},"properties":{"stop_id":"187","stop_code":"187","stop_name":"Guzmán El Bueno - San Francisco De Sales","routes":["002"]}},{"type":"Feature","geometry":{"type":"Point","coordinates":[-3.71282,40.44159]},"properties":{"stop_id":"188","stop_code":"188","stop_name":"Melquíades Álvarez","routes":["002","012"]}},{"type":"Feature","geometry":{"type":"Point","coordinates":[-3.71302,40.43876]},"properties":{"stop_id":"189","stop_code":"189","stop_name":"Metro Islas Filipinas","routes":["002"]}},{"type":"Feature","geometry":{"type":"Point","coordinates":[-3.71323,40.43586]},"properties":{"stop_id":"190","stop_code":"190","stop_name":"Guzmán El Bueno - Fernández De Los Ríos","routes":["002"]}},{"type":"Feature","geometry":{"type":"Point","coordinates":[-3.71342,40.43356]},"properties":{"stop_id":"191","stop_code":"191","stop_name":"Guzmán El Bueno - Meléndez Valdés","routes":["002"]}},{"type":"Feature","geometry":{"type":"Point","coordinates":[-3.71362,40.43101]},"properties":{"stop_id":"192","stop_code":"192","stop_name":"Argüelles","routes":["002"]}},{"type":"Feature","geometry":{"type":"Point","coordinates":[-3.71453,40.42794]},"properties":{"stop_id":"193","stop_code":"193","stop_name":"Princesa - Rey Francisco","routes":["001","002","044","069","133","138","361"]}},{"type":"Feature","geometry":{"type":"Point","coordinates":[-3.67919,40.41981]},"properties":{"stop_id":"194","stop_code":"194","stop_name":"Menéndez Pelayo - Menorca","routes":["020","152","508"]}},{"type":"Feature","geometry":{"type":"Point","coordinates":[-3.67937,40.41963]},"properties":{"stop_id":"195","stop_code":"195","stop_name":"Menéndez Pelayo - Menorca","routes":["020","152","508"]}},{"type":"Feature","geometry":{"type":"Point","coordinates":[-3.67726,40.41692]},"properties":{"stop_id":"196","stop_code":"196","stop_name":"Menéndez Pelayo - Sainz De Baranda","routes":["508"]}},{"type":"Feature","geometry":{"type":"Point","coordinates":[-3.67651,40.41847]},"properties":{"stop_id":"197","stop_code":"197","stop_name":"Ibiza - Narváez","routes":["508"]}},{"type":"Feature","geometry":{"type":"Point","coordinates":[-3.67276,40.4183]},"properties":{"stop_id":"199","stop_code":"199","stop_name":"Ibiza - Maiquez","routes":["002","508"]}},{"type":"Feature","geometry":{"type":"Point","coordinates":[-3.68513,40.4669]},"properties":{"stop_id":"203","stop_code":"203","stop_name":"Mateo Inurria","routes":["070","107","129"]}},{"type":"Feature","geometry":{"type":"Point","coordinates":[-3.68559,40.46693]},"properties":{"stop_id":"204","stop_code":"204","stop_name":"Mateo Inurria","routes":["070","107","129","174"]}},{"type":"Feature","geometry":{"type":"Point","coordinates":[-3.68154,40.46743]},"properties":{"stop_id":"205","stop_code":"205","stop_name":"Avenida Del Recuerdo","routes":["070","107","129"]}},{"type":"Feature","geometry":{"type":"Point","coordinates":[-3.68117,40.46762]},"properties":{"stop_id":"206","stop_code":"206","stop_name":"Avenida Del Recuerdo","routes":["070","107","129","174"]}},{"type":"Feature","geometry":{"type":"Point","coordinates":[-3.67525,40.46739]},"properties":{"stop_id":"208","stop_code":"208","stop_name":"Nunciatura","routes":["070","107"]}},{"type":"Feature","geometry":{"type":"Point","coordinates":[-3.67517,40.46749]},"properties":{"stop_id":"209","stop_code":"209","stop_name":"Nunciatura","routes":["070","107"]}},{"type":"Feature","geometry":{"type":"Point","coordinates":[-3.67273,40.46651]},"properties":{"stop_id":"210","stop_code":"210","stop_name":"Caidos División Azul","routes":["029","070","107","501"]}},{"type":"Feature","geometry":{"type":"Point","coordinates":[-3.67276,40.46682]},"properties":{"stop_id":"211","stop_code":"211","stop_name":"Caidos División Azul","routes":["029","070","107","501"]}},{"type":"Feature","geometry":{"type":"Point","coordinates":[-3.66614,40.46652]},"properties":{"stop_id":"212","stop_code":"212","stop_name":"Arturo Soria - Añastro","routes":["007","070"]}},{"type":"Feature","geometry":{"type":"Point","coordinates":[-3.66579,40.46656]},"properties":{"stop_id":"213","stop_code":"213","stop_name":"Arturo Soria - Añastro","routes":["070"]}},{"type":"Feature","geometry":{"type":"Point","coordinates":[-3.66597,40.46755]},"properties":{"stop_id":"214","stop_code":"214","stop_name":"Arturo Soria - Añastro","routes":["007","029","107","501"]}},{"type":"Feature","geometry":{"type":"Point","coordinates":[-3.66504,40.46411]},"properties":{"stop_id":"216","stop_code":"216","stop_name":"Arturo Soria - Aleixandre","routes":["007","070"]}},{"type":"Feature","geometry":{"type":"Point","coordinates":[-3.66224,40.46107]},"properties":{"stop_id":"217","stop_code":"217","stop_name":"Arturo Soria - Gran Vía De Hortaleza","routes":["007","011","070"]}},{"type":"Feature","geometry":{"type":"Point","coordinates":[-3.66068,40.45952]},"properties":{"stop_id":"218","stop_code":"218","stop_name":"Arturo Soria - López De Hoyos","routes":["009","011","070","072","073","502","503"]}},{"type":"Feature","geometry":{"type":"Point","coordinates":[-3.65945,40.45916]},"properties":{"stop_id":"219","stop_code":"219","stop_name":"Arturo Soria - López De Hoyos","routes":["011","070"]}},{"type":"Feature","geometry":{"type":"Point","coordinates":[-3.65755,40.45677]},"properties":{"stop_id":"220","stop_code":"220","stop_name":"Metro Arturo Soria","routes":["011","070","503"]}},{"type":"Feature","geometry":{"type":"Point","coordinates":[-3.65743,40.4571]},"properties":{"stop_id":"221","stop_code":"221","stop_name":"Metro Arturo Soria","routes":["011","070","503"]}},{"type":"Feature","geometry":{"type":"Point","coordinates":[-3.65547,40.45449]},"properties":{"stop_id":"222","stop_code":"222","stop_name":"Jefatura Provincial Tráfico","routes":["011","070","122","503"]}},{"type":"Feature","geometry":{"type":"Point","coordinates":[-3.65536,40.45473]},"properties":{"stop_id":"223","stop_code":"223","stop_name":"Arturo Soria - Bueso Pineda","routes":["011","070","122","503"]}},{"type":"Feature","geometry":{"type":"Point","coordinates":[-3.65324,40.45194]},"properties":{"stop_id":"224","stop_code":"224","stop_name":"Arturo Soria - Conservatorio","routes":["011","070","122","503"]}},{"type":"Feature","geometry":{"type":"Point","coordinates":[-3.65219,40.45093]},"properties":{"stop_id":"225","stop_code":"225","stop_name":"Arturo Soria - Conservatorio","routes":["011","070","122","503"]}},{"type":"Feature","geometry":{"type":"Point","coordinates":[-3.65162,40.44975]},"properties":{"stop_id":"226","stop_code":"226","stop_name":"Hospital Universitario Vithas","routes":["011","070","503"]}},{"type":"Feature","geometry":{"type":"Point","coordinates":[-3.65064,40.44917]},"properties":{"stop_id":"227","stop_code":"227","stop_name":"Hospital Universitario Vithas","routes":["011","070","503"]}},{"type":"Feature","geometry":{"type":"Point","coordinates":[-3.64905,40.44678]},"properties":{"stop_id":"228","stop_code":"228","stop_name":"Arturo Soria - Josefa Valcárcel","routes":["070"]}},{"type":"Feature","geometry":{"type":"Point","coordinates":[-3.64897,40.4471]},"properties":{"stop_id":"229","stop_code":"229","stop_name":"Arturo Soria - Josefa Valcárcel","routes":["021","070","114","504"]}},{"type":"Feature","geometry":{"type":"Point","coordinates":[-3.64572,40.4448]},"properties":{"stop_id":"230","stop_code":"230","stop_name":"Arturo Soria - Juan Pérez De Zúñiga","routes":["070"]}},{"type":"Feature","geometry":{"type":"Point","coordinates":[-3.64564,40.44513]},"properties":{"stop_id":"231","stop_code":"231","stop_name":"Arturo Soria - Juan Pérez De Zúñiga","routes":["021","070"]}},{"type":"Feature","geometry":{"type":"Point","coordinates":[-3.64395,40.44403]},"properties":{"stop_id":"232","stop_code":"232","stop_name":"Arturo Soria - Marqués De Pico Velasco","routes":["070"]}},{"type":"Feature","geometry":{"type":"Point","coordinates":[-3.64387,40.44426]},"properties":{"stop_id":"233","stop_code":"233","stop_name":"Arturo Soria - Marqués De Pico Velasco","routes":["070"]}},{"type":"Feature","geometry":{"type":"Point","coordinates":[-3.64128,40.44205]},"properties":{"stop_id":"234","stop_code":"234","stop_name":"Arturo Soria - José Del Hierro","routes":["070"]}},{"type":"Feature","geometry":{"type":"Point","coordinates":[-3.6403,40.44124]},"properties":{"stop_id":"235","stop_code":"235","stop_name":"Arturo Soria - José Del Hierro","routes":["070"]}},{"type":"Feature","geometry":{"type":"Point","coordinates":[-3.63881,40.43858]},"properties":{"stop_id":"236","stop_code":"236","stop_name":"Ciudad Lineal","routes":["048","070"]}},{"type":"Feature","geometry":{"type":"Point","coordinates":[-3.63837,40.43876]},"properties":{"stop_id":"237","stop_code":"237","stop_name":"Ciudad Lineal","routes":["048","070"]}},{"type":"Feature","geometry":{"type":"Point","coordinates":[-3.63741,40.43743]},"properties":{"stop_id":"239","stop_code":"239","stop_name":"Ciudad Lineal","routes":["004","038","048","070","105"]}},{"type":"Feature","geometry":{"type":"Point","coordinates":[-3.63609,40.43491]},"properties":{"stop_id":"240","stop_code":"240","stop_name":"Vital Aza - Albasanz","routes":["004","038","048","070","105"]}},{"type":"Feature","geometry":{"type":"Point","coordinates":[-3.63575,40.43508]},"properties":{"stop_id":"241","stop_code":"241","stop_name":"Vital Aza - Albasanz","routes":["004","038","048","070","105"]}},{"type":"Feature","geometry":{"type":"Point","coordinates":[-3.63447,40.43257]},"properties":{"stop_id":"242","stop_code":"242","stop_name":"Ascao - Julián Camarillo","routes":["004","038","048","070"]}},{"type":"Feature","geometry":{"type":"Point","coordinates":[-3.63379,40.43252]},"properties":{"stop_id":"243","stop_code":"243","stop_name":"Ascao - Julián Camarillo","routes":["004","038","048","070"]}},{"type":"Feature","geometry":{"type":"Point","coordinates":[-3.63213,40.42944]},"properties":{"stop_id":"244","stop_code":"244","stop_name":"Metro García Noblejas","routes":["004","038","048","070","506"]}},{"type":"Feature","geometry":{"type":"Point","coordinates":[-3.63161,40.42948]},"properties":{"stop_id":"245","stop_code":"245","stop_name":"Metro García Noblejas","routes":["004","038","048","070","506"]}},{"type":"Feature","geometry":{"type":"Point","coordinates":[-3.63088,40.42773]},"properties":{"stop_id":"246","stop_code":"246","stop_name":"Castillo De Arévalo","routes":["004","038","048","070"]}},{"type":"Feature","geometry":{"type":"Point","coordinates":[-3.63073,40.42807]},"properties":{"stop_id":"247","stop_code":"247","stop_name":"Castillo De Arévalo","routes":["004","038","048","070"]}},{"type":"Feature","geometry":{"type":"Point","coordinates":[-3.62953,40.42643]},"properties":{"stop_id":"248","stop_code":"248","stop_name":"Hermanos García Noblejas - Gandhi","routes":["004","038","048","070","506"]}},{"type":"Feature","geometry":{"type":"Point","coordinates":[-3.62804,40.42372]},"properties":{"stop_id":"250","stop_code":"250","stop_name":"Hermanos García Noblejas - Centro De Salud","routes":["004","038","048","070","506"]}},{"type":"Feature","geometry":{"type":"Point","coordinates":[-3.62869,40.42532]},"properties":{"stop_id":"251","stop_code":"251","stop_name":"Hermanos García Noblejas - Arcentales","routes":["070"]}},{"type":"Feature","geometry":{"type":"Point","coordinates":[-3.62755,40.42394]},"properties":{"stop_id":"252","stop_code":"252","stop_name":"Hermanos García Noblejas - Centro De Salud","routes":["004","038","048","506"]}},{"type":"Feature","geometry":{"type":"Point","coordinates":[-3.62576,40.42064]},"properties":{"stop_id":"253","stop_code":"253","stop_name":"Hermanos García Noblejas - Villaescusa","routes":["070","167"]}},{"type":"Feature","geometry":{"type":"Point","coordinates":[-3.67445,40.42467]},"properties":{"stop_id":"255","stop_code":"255","stop_name":"Felipe II","routes":["030","404"]}},{"type":"Feature","geometry":{"type":"Point","coordinates":[-3.62808,40.41859]},"properties":{"stop_id":"256","stop_code":"256","stop_name":"Nicolás Salmerón - Paredes De Nava","routes":["070","106","507"]}},{"type":"Feature","geometry":{"type":"Point","coordinates":[-3.62821,40.41839]},"properties":{"stop_id":"257","stop_code":"257","stop_name":"Nicolás Salmerón - Paredes De Nava","routes":["106","507"]}},{"type":"Feature","geometry":{"type":"Point","coordinates":[-3.63001,40.41961]},"properties":{"stop_id":"258","stop_code":"258","stop_name":"Nicolás Salmerón - Matamorosa","routes":["070","106"]}},{"type":"Feature","geometry":{"type":"Point","coordinates":[-3.6301,40.41942]},"properties":{"stop_id":"259","stop_code":"259","stop_name":"Nicolás Salmerón - Matamorosa","routes":["106"]}},{"type":"Feature","geometry":{"type":"Point","coordinates":[-3.63217,40.42073]},"properties":{"stop_id":"260","stop_code":"260","stop_name":"Nicolás Salmerón - Crematorio","routes":["070","106","507"]}},{"type":"Feature","geometry":{"type":"Point","coordinates":[-3.63223,40.42059]},"properties":{"stop_id":"261","stop_code":"261","stop_name":"Nicolás Salmerón - Crematorio","routes":["106","507"]}},{"type":"Feature","geometry":{"type":"Point","coordinates":[-3.63432,40.42193]},"properties":{"stop_id":"262","stop_code":"262","stop_name":"Cementerio Civil","routes":["070","106"]}},{"type":"Feature","geometry":{"type":"Point","coordinates":[-3.63424,40.42169]},"properties":{"stop_id":"263","stop_code":"263","stop_name":"Cementerio Civil","routes":["106"]}},{"type":"Feature","geometry":{"type":"Point","coordinates":[-3.63526,40.42305]},"properties":{"stop_id":"264","stop_code":"264","stop_name":"Largo Caballero - Nicolás Salmerón","routes":["070"]}},{"type":"Feature","geometry":{"type":"Point","coordinates":[-3.63273,40.42319]},"properties":{"stop_id":"265","stop_code":"265","stop_name":"Largo Caballero - Villaescusa","routes":["070"]}},{"type":"Feature","geometry":{"type":"Point","coordinates":[-3.67786,40.46806]},"properties":{"stop_id":"266","stop_code":"266","stop_name":"Duque De Pastrana","routes":["070","107"]}},{"type":"Feature","geometry":{"type":"Point","coordinates":[-3.67568,40.44315]},"properties":{"stop_id":"268","stop_code":"268","stop_name":"López De Hoyos - Cartagena","routes":["009","073","502"]}},{"type":"Feature","geometry":{"type":"Point","coordinates":[-3.66733,40.49701]},"properties":{"stop_id":"269","stop_code":"269","stop_name":"Quintanavides","routes":["176"]}},{"type":"Feature","geometry":{"type":"Point","coordinates":[-3.66736,40.49674]},"properties":{"stop_id":"270","stop_code":"270","stop_name":"Quintanavides","routes":["176"]}},{"type":"Feature","geometry":{"type":"Point","coordinates":[-3.66965,40.49758]},"properties":{"stop_id":"271","stop_code":"271","stop_name":"Foresta","routes":["176","833"]}},{"type":"Feature","geometry":{"type":"Point","coordinates":[-3.67002,40.49879]},"properties":{"stop_id":"272","stop_code":"272","stop_name":"Quintanadueñas","routes":["176","833"]}},{"type":"Feature","geometry":{"type":"Point","coordinates":[-3.6749,40.44376]},"properties":{"stop_id":"273","stop_code":"273","stop_name":"Prosperidad","routes":["001"]}},{"type":"Feature","geometry":{"type":"Point","coordinates":[-3.65435,40.44221]},"properties":{"stop_id":"276","stop_code":"276","stop_name":"Avenida De Badajoz","routes":["053","122","503"]}},{"type":"Feature","geometry":{"type":"Point","coordinates":[-3.6987,40.42357]},"properties":{"stop_id":"278","stop_code":"278","stop_name":"Chueca","routes":["003"]}},{"type":"Feature","geometry":{"type":"Point","coordinates":[-3.69938,40.42885]},"properties":{"stop_id":"280","stop_code":"280","stop_name":"Sagasta","routes":["037","040"]}},{"type":"Feature","geometry":{"type":"Point","coordinates":[-3.69961,40.42872]},"properties":{"stop_id":"281","stop_code":"281","stop_name":"Sagasta","routes":["040"]}},{"type":"Feature","geometry":{"type":"Point","coordinates":[-3.70006,40.43022]},"properties":{"stop_id":"282","stop_code":"282","stop_name":"Francisco De Rojas","routes":["040"]}},{"type":"Feature","geometry":{"type":"Point","coordinates":[-3.71049,40.42336]},"properties":{"stop_id":"283","stop_code":"283","stop_name":"Gran Vía - Plaza De España","routes":["001","002","044","133","361","521"]}},{"type":"Feature","geometry":{"type":"Point","coordinates":[-3.69815,40.43208]},"properties":{"stop_id":"284","stop_code":"284","stop_name":"Plaza Chamberí","routes":["040","147"]}},{"type":"Feature","geometry":{"type":"Point","coordinates":[-3.69868,40.432]},"properties":{"stop_id":"285","stop_code":"285","stop_name":"Luchana - Plaza Chamberí","routes":["040","147"]}},{"type":"Feature","geometry":{"type":"Point","coordinates":[-3.69433,40.43274]},"properties":{"stop_id":"286","stop_code":"286","stop_name":"Eduardo Dato","routes":["040","147"]}},{"type":"Feature","geometry":{"type":"Point","coordinates":[-3.69448,40.43301]},"properties":{"stop_id":"287","stop_code":"287","stop_name":"Eduardo Dato","routes":["040","147"]}},{"type":"Feature","geometry":{"type":"Point","coordinates":[-3.69216,40.43285]},"properties":{"stop_id":"288","stop_code":"288","stop_name":"Rubén Darío","routes":["040","147"]}},{"type":"Feature","geometry":{"type":"Point","coordinates":[-3.71524,40.43047]},"properties":{"stop_id":"289","stop_code":"289","stop_name":"Argüelles","routes":["363"]}},{"type":"Feature","geometry":{"type":"Point","coordinates":[-3.71243,40.36685]},"properties":{"stop_id":"292","stop_code":"292","stop_name":"Rafaela Ybarra - Centro Comercial","routes":["006","131"]}},{"type":"Feature","geometry":{"type":"Point","coordinates":[-3.68517,40.45863]},"properties":{"stop_id":"293","stop_code":"293","stop_name":"Alberto Alcocer - Padre Damián","routes":["011","040"]}},{"type":"Feature","geometry":{"type":"Point","coordinates":[-3.68512,40.45901]},"properties":{"stop_id":"294","stop_code":"294","stop_name":"Alberto Alcocer - Padre Damián","routes":["011","040"]}},{"type":"Feature","geometry":{"type":"Point","coordinates":[-3.68234,40.4585]},"properties":{"stop_id":"295","stop_code":"295","stop_name":"Alberto Alcocer - Paseo De La Habana","routes":["011","040"]}},{"type":"Feature","geometry":{"type":"Point","coordinates":[-3.68236,40.4588]},"properties":{"stop_id":"296","stop_code":"296","stop_name":"Alberto Alcocer - Paseo De La Habana","routes":["011","040"]}},{"type":"Feature","geometry":{"type":"Point","coordinates":[-3.67827,40.45858]},"properties":{"stop_id":"297","stop_code":"297","stop_name":"República Dominicana","routes":["011","040"]}},{"type":"Feature","geometry":{"type":"Point","coordinates":[-3.67833,40.45893]},"properties":{"stop_id":"298","stop_code":"298","stop_name":"República Dominicana","routes":["011","040"]}},{"type":"Feature","geometry":{"type":"Point","coordinates":[-3.67545,40.45837]},"properties":{"stop_id":"299","stop_code":"299","stop_name":"Chile","routes":["007","011","040"]}},{"type":"Feature","geometry":{"type":"Point","coordinates":[-3.67228,40.45832]},"properties":{"stop_id":"300","stop_code":"300","stop_name":"Costa Rica","routes":["007","011","040","087"]}},{"type":"Feature","geometry":{"type":"Point","coordinates":[-3.66906,40.45877]},"properties":{"stop_id":"302","stop_code":"302","stop_name":"José María Soler","routes":["007","011","040","087"]}},{"type":"Feature","geometry":{"type":"Point","coordinates":[-3.6693,40.45903]},"properties":{"stop_id":"303","stop_code":"303","stop_name":"José María Soler","routes":["007","011","040","087"]}},{"type":"Feature","geometry":{"type":"Point","coordinates":[-3.6673,40.45709]},"properties":{"stop_id":"304","stop_code":"304","stop_name":"Aster","routes":["040"]}},{"type":"Feature","geometry":{"type":"Point","coordinates":[-3.66696,40.45755]},"properties":{"stop_id":"305","stop_code":"305","stop_name":"Aster","routes":["040"]}},{"type":"Feature","geometry":{"type":"Point","coordinates":[-3.66706,40.45519]},"properties":{"stop_id":"306","stop_code":"306","stop_name":"Alfonso XIII - Alhelíes","routes":["040"]}},{"type":"Feature","geometry":{"type":"Point","coordinates":[-3.66676,40.45523]},"properties":{"stop_id":"307","stop_code":"307","stop_name":"Alfonso XIII - Alhelíes","routes":["040"]}},{"type":"Feature","geometry":{"type":"Point","coordinates":[-3.66746,40.45319]},"properties":{"stop_id":"308","stop_code":"308","stop_name":"Alfonso XIII - Ramón Y Cajal","routes":["040"]}},{"type":"Feature","geometry":{"type":"Point","coordinates":[-3.6672,40.45316]},"properties":{"stop_id":"309","stop_code":"309","stop_name":"Alfonso XIII - Ramón Y Cajal","routes":["040"]}},{"type":"Feature","geometry":{"type":"Point","coordinates":[-3.66765,40.45127]},"properties":{"stop_id":"310","stop_code":"310","stop_name":"Alfonso XIII - Pradillo","routes":["009","040","043","072","073","502"]}},{"type":"Feature","geometry":{"type":"Point","coordinates":[-3.66733,40.45098]},"properties":{"stop_id":"311","stop_code":"311","stop_name":"Alfonso XIII - Pradillo","routes":["040","043"]}},{"type":"Feature","geometry":{"type":"Point","coordinates":[-3.6675,40.44821]},"properties":{"stop_id":"312","stop_code":"312","stop_name":"Alfonso XIII","routes":["040"]}},{"type":"Feature","geometry":{"type":"Point","coordinates":[-3.66595,40.44851]},"properties":{"stop_id":"313","stop_code":"313","stop_name":"San Nazario","routes":["040","043","072"]}},{"type":"Feature","geometry":{"type":"Point","coordinates":[-3.67598,40.45881]},"properties":{"stop_id":"314","stop_code":"314","stop_name":"Chile","routes":["007","011","040","087"]}},{"type":"Feature","geometry":{"type":"Point","coordinates":[-3.71429,40.36583]},"properties":{"stop_id":"315","stop_code":"315","stop_name":"Gaínza","routes":["006"]}},{"type":"Feature","geometry":{"type":"Point","coordinates":[-3.69148,40.43339]},"properties":{"stop_id":"316","stop_code":"316","stop_name":"Rubén Darío","routes":["040","147"]}},{"type":"Feature","geometry":{"type":"Point","coordinates":[-3.70164,40.40546]},"properties":{"stop_id":"320","stop_code":"320","stop_name":"Embajadores - Ronda De Valencia","routes":["034","036","041","068","119","363","512","515","529"]}},{"type":"Feature","geometry":{"type":"Point","coordinates":[-3.70144,40.40525]},"properties":{"stop_id":"321","stop_code":"321","stop_name":"Embajadores - Ronda De Valencia","routes":["034","036","041","119","363","512","515"]}},{"type":"Feature","geometry":{"type":"Point","coordinates":[-3.70427,40.40471]},"properties":{"stop_id":"322","stop_code":"322","stop_name":"Embajadores - Acacias","routes":["034","036","119","512","515"]}},{"type":"Feature","geometry":{"type":"Point","coordinates":[-3.70389,40.40458]},"properties":{"stop_id":"323","stop_code":"323","stop_name":"Embajadores - Acacias","routes":["034","036","119","512","515"]}},{"type":"Feature","geometry":{"type":"Point","coordinates":[-3.70711,40.40394]},"properties":{"stop_id":"324","stop_code":"324","stop_name":"Acacias","routes":["034","036","062","116","118","119"]}},{"type":"Feature","geometry":{"type":"Point","coordinates":[-3.70698,40.40376]},"properties":{"stop_id":"325","stop_code":"325","stop_name":"Acacias","routes":["034","036","062","116","118","119"]}},{"type":"Feature","geometry":{"type":"Point","coordinates":[-3.71005,40.40314]},"properties":{"stop_id":"326","stop_code":"326","stop_name":"Olmos","routes":["034","036","062","116","118","119","512","515"]}},{"type":"Feature","geometry":{"type":"Point","coordinates":[-3.71331,40.40134]},"properties":{"stop_id":"327","stop_code":"327","stop_name":"Pirámides","routes":["034","036","062","116","118","119","512","515"]}},{"type":"Feature","geometry":{"type":"Point","coordinates":[-3.71324,40.40114]},"properties":{"stop_id":"328","stop_code":"328","stop_name":"Pirámides","routes":["034","036","062","116","118","119","512","515"]}},{"type":"Feature","geometry":{"type":"Point","coordinates":[-3.71728,40.39717]},"properties":{"stop_id":"329","stop_code":"329","stop_name":"Marqués De Vadillo","routes":["034","035","118","119","526"]}},{"type":"Feature","geometry":{"type":"Point","coordinates":[-3.71666,40.3972]},"properties":{"stop_id":"330","stop_code":"330","stop_name":"Marqués De Vadillo","routes":["034","035","118","119","526"]}},{"type":"Feature","geometry":{"type":"Point","coordinates":[-3.71905,40.3959]},"properties":{"stop_id":"331","stop_code":"331","stop_name":"General Ricardos - Iglesia","routes":["034","035","118","119","526"]}},{"type":"Feature","geometry":{"type":"Point","coordinates":[-3.71543,40.36651]},"properties":{"stop_id":"332","stop_code":"332","stop_name":"Guetaria - Ordicia","routes":["006"]}},{"type":"Feature","geometry":{"type":"Point","coordinates":[-3.72308,40.39371]},"properties":{"stop_id":"334","stop_code":"334","stop_name":"General Ricardos - Camino Viejo Leganés","routes":["034","035","118","119","526"]}},{"type":"Feature","geometry":{"type":"Point","coordinates":[-3.72538,40.39247]},"properties":{"stop_id":"336","stop_code":"336","stop_name":"Urgel","routes":["034","035","119","526"]}},{"type":"Feature","geometry":{"type":"Point","coordinates":[-3.72885,40.3903]},"properties":{"stop_id":"338","stop_code":"338","stop_name":"Clarisas","routes":["034","035","526"]}},{"type":"Feature","geometry":{"type":"Point","coordinates":[-3.73121,40.38879]},"properties":{"stop_id":"340","stop_code":"340","stop_name":"Oporto","routes":["034","035","526"]}},{"type":"Feature","geometry":{"type":"Point","coordinates":[-3.73735,40.3853]},"properties":{"stop_id":"341","stop_code":"341","stop_name":"Plaza Vista Alegre","routes":["034","035","517"]}},{"type":"Feature","geometry":{"type":"Point","coordinates":[-3.7373,40.38511]},"properties":{"stop_id":"342","stop_code":"342","stop_name":"Plaza Vista Alegre","routes":["034","035","517"]}},{"type":"Feature","geometry":{"type":"Point","coordinates":[-3.7392,40.38482]},"properties":{"stop_id":"343","stop_code":"343","stop_name":"General Ricardos - Marcelino Camacho","routes":["034","035","517"]}},{"type":"Feature","geometry":{"type":"Point","coordinates":[-3.73965,40.38451]},"properties":{"stop_id":"344","stop_code":"344","stop_name":"General Ricardos - Marcelino Camacho","routes":["034"]}},{"type":"Feature","geometry":{"type":"Point","coordinates":[-3.74279,40.38268]},"properties":{"stop_id":"345","stop_code":"345","stop_name":"Plaza De La Palmera","routes":["034"]}},{"type":"Feature","geometry":{"type":"Point","coordinates":[-3.74252,40.3826]},"properties":{"stop_id":"346","stop_code":"346","stop_name":"Plaza De La Palmera","routes":["034"]}},{"type":"Feature","geometry":{"type":"Point","coordinates":[-3.74507,40.38094]},"properties":{"stop_id":"347","stop_code":"347","stop_name":"General Ricardos - Eugenia De Montijo","routes":["034"]}},{"type":"Feature","geometry":{"type":"Point","coordinates":[-3.74494,40.38075]},"properties":{"stop_id":"348","stop_code":"348","stop_name":"General Ricardos - Eugenia De Montijo","routes":["034"]}},{"type":"Feature","geometry":{"type":"Point","coordinates":[-3.74745,40.37901]},"properties":{"stop_id":"349","stop_code":"349","stop_name":"Colonia De La Prensa","routes":["034"]}},{"type":"Feature","geometry":{"type":"Point","coordinates":[-3.74616,40.38]},"properties":{"stop_id":"350","stop_code":"350","stop_name":"Colonia De La Prensa","routes":["034"]}},{"type":"Feature","geometry":{"type":"Point","coordinates":[-3.7482,40.37833]},"properties":{"stop_id":"351","stop_code":"351","stop_name":"Eugenia De Montijo - Fátima","routes":["034"]}},{"type":"Feature","geometry":{"type":"Point","coordinates":[-3.74806,40.37824]},"properties":{"stop_id":"352","stop_code":"352","stop_name":"Eugenia De Montijo - Fátima","routes":["034"]}},{"type":"Feature","geometry":{"type":"Point","coordinates":[-3.75139,40.37576]},"properties":{"stop_id":"353","stop_code":"353","stop_name":"Plaza Del Parterre","routes":["034","139"]}},{"type":"Feature","geometry":{"type":"Point","coordinates":[-3.75338,40.37462]},"properties":{"stop_id":"354","stop_code":"354","stop_name":"Ronda De Don Bosco","routes":["034"]}},{"type":"Feature","geometry":{"type":"Point","coordinates":[-3.75462,40.37208]},"properties":{"stop_id":"355","stop_code":"355","stop_name":"Polvoranca","routes":["034"]}},{"type":"Feature","geometry":{"type":"Point","coordinates":[-3.75455,40.37189]},"properties":{"stop_id":"356","stop_code":"356","stop_name":"Polvoranca","routes":["034","139"]}},{"type":"Feature","geometry":{"type":"Point","coordinates":[-3.75881,40.37224]},"properties":{"stop_id":"357","stop_code":"357","stop_name":"Joaquín Turina - Las Cruces","routes":["034"]}},{"type":"Feature","geometry":{"type":"Point","coordinates":[-3.75907,40.37214]},"properties":{"stop_id":"358","stop_code":"358","stop_name":"Joaquín Turina - Las Cruces","routes":["034"]}},{"type":"Feature","geometry":{"type":"Point","coordinates":[-3.7653,40.37498]},"properties":{"stop_id":"359","stop_code":"359","stop_name":"Colonia Aviación","routes":["034","155"]}},{"type":"Feature","geometry":{"type":"Point","coordinates":[-3.76549,40.37432]},"properties":{"stop_id":"360","stop_code":"360","stop_name":"Colonia Aviación","routes":["034","155","519"]}},{"type":"Feature","geometry":{"type":"Point","coordinates":[-3.76631,40.37752]},"properties":{"stop_id":"361","stop_code":"361","stop_name":"Millán Astray","routes":["034","155"]}},{"type":"Feature","geometry":{"type":"Point","coordinates":[-3.76649,40.37744]},"properties":{"stop_id":"362","stop_code":"362","stop_name":"Millán Astray","routes":["034","155","519"]}},{"type":"Feature","geometry":{"type":"Point","coordinates":[-3.76881,40.37751]},"properties":{"stop_id":"363","stop_code":"363","stop_name":"Mercado Las Águilas","routes":["034"]}},{"type":"Feature","geometry":{"type":"Point","coordinates":[-3.76933,40.37717]},"properties":{"stop_id":"364","stop_code":"364","stop_name":"Mercado Las Águilas","routes":["034","519"]}},{"type":"Feature","geometry":{"type":"Point","coordinates":[-3.77239,40.37791]},"properties":{"stop_id":"365","stop_code":"365","stop_name":"Blas Cabrera - Rafael Finat","routes":["017","034","139"]}},{"type":"Feature","geometry":{"type":"Point","coordinates":[-3.77267,40.37789]},"properties":{"stop_id":"366","stop_code":"366","stop_name":"Blas Cabrera - Rafael Finat","routes":["017","034","039","138","139","519"]}},{"type":"Feature","geometry":{"type":"Point","coordinates":[-3.77511,40.37929]},"properties":{"stop_id":"367","stop_code":"367","stop_name":"Blas Cabrera - Oliva De Plasencia","routes":["034"]}},{"type":"Feature","geometry":{"type":"Point","coordinates":[-3.77738,40.37907]},"properties":{"stop_id":"368","stop_code":"368","stop_name":"Oliva De Plasencia","routes":["034"]}},{"type":"Feature","geometry":{"type":"Point","coordinates":[-3.78015,40.37883]},"properties":{"stop_id":"369","stop_code":"369","stop_name":"Cuacos De Yuste","routes":["034"]}},{"type":"Feature","geometry":{"type":"Point","coordinates":[-3.78036,40.3788]},"properties":{"stop_id":"370","stop_code":"370","stop_name":"Cuacos De Yuste","routes":["034"]}},{"type":"Feature","geometry":{"type":"Point","coordinates":[-3.77987,40.38097]},"properties":{"stop_id":"371","stop_code":"371","stop_name":"Las Águilas - Cercanías","routes":["017","034","518"]}},{"type":"Feature","geometry":{"type":"Point","coordinates":[-3.78046,40.38154]},"properties":{"stop_id":"372","stop_code":"372","stop_name":"Las Águilas - Cercanías","routes":["017","034"]}},{"type":"Feature","geometry":{"type":"Point","coordinates":[-3.77742,40.38184]},"properties":{"stop_id":"373","stop_code":"373","stop_name":"Las Águilas","routes":["034","518"]}},{"type":"Feature","geometry":{"type":"Point","coordinates":[-3.77694,40.37914]},"properties":{"stop_id":"374","stop_code":"374","stop_name":"Oliva De Plasencia","routes":["034","039","138","519"]}},{"type":"Feature","geometry":{"type":"Point","coordinates":[-3.77455,40.3789]},"properties":{"stop_id":"375","stop_code":"375","stop_name":"San Ignacio","routes":["039","519"]}},{"type":"Feature","geometry":{"type":"Point","coordinates":[-3.75107,40.37407]},"properties":{"stop_id":"376","stop_code":"376","stop_name":"Plaza De La Emperatriz","routes":["034","035","047","139"]}},{"type":"Feature","geometry":{"type":"Point","coordinates":[-3.75122,40.37433]},"properties":{"stop_id":"377","stop_code":"377","stop_name":"Plaza De La Emperatriz","routes":["035","047"]}},{"type":"Feature","geometry":{"type":"Point","coordinates":[-3.7508,40.37508]},"properties":{"stop_id":"378","stop_code":"378","stop_name":"Plaza Del Parterre","routes":["034","035","047","139","517"]}},{"type":"Feature","geometry":{"type":"Point","coordinates":[-3.75105,40.37528]},"properties":{"stop_id":"379","stop_code":"379","stop_name":"Plaza Del Parterre","routes":["035","047","517"]}},{"type":"Feature","geometry":{"type":"Point","coordinates":[-3.71111,40.4024]},"properties":{"stop_id":"380","stop_code":"380","stop_name":"Pirámides Cercanías","routes":["034","036","062","116","118","119"]}},{"type":"Feature","geometry":{"type":"Point","coordinates":[-3.70982,40.40298]},"properties":{"stop_id":"381","stop_code":"381","stop_name":"Olmos","routes":["034","036","062","116","118","119","512","515"]}},{"type":"Feature","geometry":{"type":"Point","coordinates":[-3.65598,40.45604]},"properties":{"stop_id":"383","stop_code":"383","stop_name":"Ulises - Arturo Soria","routes":["120","122"]}},{"type":"Feature","geometry":{"type":"Point","coordinates":[-3.65596,40.45619]},"properties":{"stop_id":"384","stop_code":"384","stop_name":"Ulises - Arturo Soria","routes":["120","122"]}},{"type":"Feature","geometry":{"type":"Point","coordinates":[-3.65358,40.45704]},"properties":{"stop_id":"385","stop_code":"385","stop_name":"Ulises - Asura","routes":["120","122"]}},{"type":"Feature","geometry":{"type":"Point","coordinates":[-3.65369,40.4572]},"properties":{"stop_id":"386","stop_code":"386","stop_name":"Ulises - Asura","routes":["120","122"]}},{"type":"Feature","geometry":{"type":"Point","coordinates":[-3.6499,40.45711]},"properties":{"stop_id":"387","stop_code":"387","stop_name":"Moscatelar - Parma","routes":["120","122"]}},{"type":"Feature","geometry":{"type":"Point","coordinates":[-3.64926,40.45725]},"properties":{"stop_id":"388","stop_code":"388","stop_name":"Moscatelar - Parma","routes":["120","122"]}},{"type":"Feature","geometry":{"type":"Point","coordinates":[-3.64734,40.45708]},"properties":{"stop_id":"389","stop_code":"389","stop_name":"Moscatelar - Milán","routes":["120","122"]}},{"type":"Feature","geometry":{"type":"Point","coordinates":[-3.64681,40.45732]},"properties":{"stop_id":"390","stop_code":"390","stop_name":"Moscatelar - Milán","routes":["120","122"]}},{"type":"Feature","geometry":{"type":"Point","coordinates":[-3.64379,40.45785]},"properties":{"stop_id":"391","stop_code":"391","stop_name":"Plaza Del Liceo","routes":["120","122"]}},{"type":"Feature","geometry":{"type":"Point","coordinates":[-3.64398,40.45794]},"properties":{"stop_id":"392","stop_code":"392","stop_name":"Plaza Del Liceo","routes":["120","122"]}},{"type":"Feature","geometry":{"type":"Point","coordinates":[-3.64231,40.45962]},"properties":{"stop_id":"393","stop_code":"393","stop_name":"Silvano - Esperanza","routes":["120","122"]}},{"type":"Feature","geometry":{"type":"Point","coordinates":[-3.64264,40.45961]},"properties":{"stop_id":"394","stop_code":"394","stop_name":"Silvano - Esperanza","routes":["120","122"]}},{"type":"Feature","geometry":{"type":"Point","coordinates":[-3.63925,40.46198]},"properties":{"stop_id":"395","stop_code":"395","stop_name":"Silvano - Alcorisa","routes":["120","122"]}},{"type":"Feature","geometry":{"type":"Point","coordinates":[-3.64013,40.46166]},"properties":{"stop_id":"396","stop_code":"396","stop_name":"Silvano - Alcorisa","routes":["120","122"]}},{"type":"Feature","geometry":{"type":"Point","coordinates":[-3.63752,40.46259]},"properties":{"stop_id":"397","stop_code":"397","stop_name":"Silvano - El Algabeño","routes":["120","122"]}},{"type":"Feature","geometry":{"type":"Point","coordinates":[-3.63778,40.46278]},"properties":{"stop_id":"398","stop_code":"398","stop_name":"Silvano - El Algabeño","routes":["120","122"]}},{"type":"Feature","geometry":{"type":"Point","coordinates":[-3.67918,40.51077]},"properties":{"stop_id":"399","stop_code":"399","stop_name":"Federico Mompou - Isabel Colbrand","routes":["175","524"]}},{"type":"Feature","geometry":{"type":"Point","coordinates":[-3.6691,40.50894]},"properties":{"stop_id":"402","stop_code":"402","stop_name":"Camino De Santiago - Palas De Rey","routes":["172","175","176","372"]}},{"type":"Feature","geometry":{"type":"Point","coordinates":[-3.61545,40.46131]},"properties":{"stop_id":"405","stop_code":"405","stop_name":"Parque Juan Carlos I","routes":["112","122"]}},{"type":"Feature","geometry":{"type":"Point","coordinates":[-3.61598,40.46146]},"properties":{"stop_id":"406","stop_code":"406","stop_name":"Parque Juan Carlos I","routes":["112","122"]}},{"type":"Feature","geometry":{"type":"Point","coordinates":[-3.61674,40.46415]},"properties":{"stop_id":"407","stop_code":"407","stop_name":"Campo De Las Naciones","routes":["073","709"]}},{"type":"Feature","geometry":{"type":"Point","coordinates":[-3.6612,40.45355]},"properties":{"stop_id":"408","stop_code":"408","stop_name":"Avenida De La Paz","routes":["009","072","073","120","502"]}},{"type":"Feature","geometry":{"type":"Point","coordinates":[-3.66161,40.45369]},"properties":{"stop_id":"409","stop_code":"409","stop_name":"Avenida De La Paz","routes":["009","072","073","120","502"]}},{"type":"Feature","geometry":{"type":"Point","coordinates":[-3.66826,40.45234]},"properties":{"stop_id":"410","stop_code":"410","stop_name":"Alfonso XIII - Ramón Y Cajal","routes":["043","120"]}},{"type":"Feature","geometry":{"type":"Point","coordinates":[-3.66854,40.45262]},"properties":{"stop_id":"411","stop_code":"411","stop_name":"Alfonso XIII - Ramón Y Cajal","routes":["043","120"]}},{"type":"Feature","geometry":{"type":"Point","coordinates":[-3.67685,40.45156]},"properties":{"stop_id":"412","stop_code":"412","stop_name":"Parque De Berlín","routes":["043","052","120"]}},{"type":"Feature","geometry":{"type":"Point","coordinates":[-3.6771,40.45176]},"properties":{"stop_id":"413","stop_code":"413","stop_name":"Parque De Berlín","routes":["043","052","120"]}},{"type":"Feature","geometry":{"type":"Point","coordinates":[-3.67762,40.44956]},"properties":{"stop_id":"414","stop_code":"414","stop_name":"Plaza De Cataluña","routes":["016","029","052","501"]}},{"type":"Feature","geometry":{"type":"Point","coordinates":[-3.67801,40.44923]},"properties":{"stop_id":"415","stop_code":"415","stop_name":"Plaza De Cataluña","routes":["016","029","052"]}},{"type":"Feature","geometry":{"type":"Point","coordinates":[-3.68045,40.44741]},"properties":{"stop_id":"416","stop_code":"416","stop_name":"Santa Gema","routes":["007","016","019","051","501"]}},{"type":"Feature","geometry":{"type":"Point","coordinates":[-3.68087,40.44749]},"properties":{"stop_id":"417","stop_code":"417","stop_name":"Santa Gema","routes":["016","019"]}},{"type":"Feature","geometry":{"type":"Point","coordinates":[-3.68214,40.44616]},"properties":{"stop_id":"418","stop_code":"418","stop_name":"Doctor Arce","routes":["016","019","051","501"]}},{"type":"Feature","geometry":{"type":"Point","coordinates":[-3.68596,40.4459]},"properties":{"stop_id":"419","stop_code":"419","stop_name":"República Argentina","routes":["007","069","530"]}},{"type":"Feature","geometry":{"type":"Point","coordinates":[-3.68624,40.44559]},"properties":{"stop_id":"420","stop_code":"420","stop_name":"República Argentina","routes":["007","068","529"]}},{"type":"Feature","geometry":{"type":"Point","coordinates":[-3.69012,40.44602]},"properties":{"stop_id":"421","stop_code":"421","stop_name":"Nuevos Ministerios - Joaquín Costa","routes":["007","068"]}},{"type":"Feature","geometry":{"type":"Point","coordinates":[-3.69006,40.44643]},"properties":{"stop_id":"422","stop_code":"422","stop_name":"Nuevos Ministerios - Joaquín Costa","routes":["007","069"]}},{"type":"Feature","geometry":{"type":"Point","coordinates":[-3.68421,40.42216]},"properties":{"stop_id":"423","stop_code":"423","stop_name":"Velázquez - Villanueva","routes":["001","009","019","051","074"]}},{"type":"Feature","geometry":{"type":"Point","coordinates":[-3.68402,40.42488]},"properties":{"stop_id":"424","stop_code":"424","stop_name":"Velázquez - Goya","routes":["001","009","019","051","074","504"]}},{"type":"Feature","geometry":{"type":"Point","coordinates":[-3.68379,40.42761]},"properties":{"stop_id":"425","stop_code":"425","stop_name":"Velázquez - Ayala","routes":["001","009","019","051","074"]}},{"type":"Feature","geometry":{"type":"Point","coordinates":[-3.68351,40.43008]},"properties":{"stop_id":"426","stop_code":"426","stop_name":"Velázquez - Ortega Y Gasset","routes":["001","009","019","051","074","504"]}},{"type":"Feature","geometry":{"type":"Point","coordinates":[-3.6834,40.4321]},"properties":{"stop_id":"427","stop_code":"427","stop_name":"Velázquez - Juan Bravo","routes":["009","019","051","504"]}},{"type":"Feature","geometry":{"type":"Point","coordinates":[-3.6832,40.43468]},"properties":{"stop_id":"428","stop_code":"428","stop_name":"Velázquez - Diego De León","routes":["009","019","051","504"]}},{"type":"Feature","geometry":{"type":"Point","coordinates":[-3.68271,40.43978]},"properties":{"stop_id":"430","stop_code":"430","stop_name":"Velázquez - López De Hoyos","routes":["016","019","051","501"]}},{"type":"Feature","geometry":{"type":"Point","coordinates":[-3.68266,40.44142]},"properties":{"stop_id":"431","stop_code":"431","stop_name":"Velázquez - Joaquín Costa","routes":["016","019","051"]}},{"type":"Feature","geometry":{"type":"Point","coordinates":[-3.68251,40.44315]},"properties":{"stop_id":"432","stop_code":"432","stop_name":"Velázquez - Rodríguez Marín","routes":["016","019","051","501"]}},{"type":"Feature","geometry":{"type":"Point","coordinates":[-3.67947,40.44933]},"properties":{"stop_id":"433","stop_code":"433","stop_name":"Plaza De Cataluña","routes":["007","051"]}},{"type":"Feature","geometry":{"type":"Point","coordinates":[-3.68183,40.45022]},"properties":{"stop_id":"434","stop_code":"434","stop_name":"Cinca","routes":["007","051"]}},{"type":"Feature","geometry":{"type":"Point","coordinates":[-3.68101,40.4521]},"properties":{"stop_id":"435","stop_code":"435","stop_name":"Hospital San Rafael","routes":["007","051"]}},{"type":"Feature","geometry":{"type":"Point","coordinates":[-3.68133,40.4522]},"properties":{"stop_id":"436","stop_code":"436","stop_name":"Hospital San Rafael","routes":["051","501"]}},{"type":"Feature","geometry":{"type":"Point","coordinates":[-3.67783,40.45462]},"properties":{"stop_id":"437","stop_code":"437","stop_name":"Príncipe De Vergara - Serrano","routes":["007","051"]}},{"type":"Feature","geometry":{"type":"Point","coordinates":[-3.67864,40.45438]},"properties":{"stop_id":"438","stop_code":"438","stop_name":"Príncipe De Vergara - Serrano","routes":["051","501"]}},{"type":"Feature","geometry":{"type":"Point","coordinates":[-3.67666,40.45808]},"properties":{"stop_id":"439","stop_code":"439","stop_name":"Colombia","routes":["007","016","029","051","501"]}},{"type":"Feature","geometry":{"type":"Point","coordinates":[-3.6772,40.45753]},"properties":{"stop_id":"440","stop_code":"440","stop_name":"Colombia","routes":["007","016","029","051","501"]}},{"type":"Feature","geometry":{"type":"Point","coordinates":[-3.68265,40.44997]},"properties":{"stop_id":"441","stop_code":"441","stop_name":"Segre","routes":["007","051","501"]}},{"type":"Feature","geometry":{"type":"Point","coordinates":[-3.68394,40.44788]},"properties":{"stop_id":"442","stop_code":"442","stop_name":"Guadiana","routes":["007","051","501"]}},{"type":"Feature","geometry":{"type":"Point","coordinates":[-3.68591,40.44447]},"properties":{"stop_id":"443","stop_code":"443","stop_name":"República Argentina","routes":["016","019","051","501"]}},{"type":"Feature","geometry":{"type":"Point","coordinates":[-3.68614,40.44251]},"properties":{"stop_id":"444","stop_code":"444","stop_name":"Ramiro De Maeztu","routes":["016","019","051","501"]}},{"type":"Feature","geometry":{"type":"Point","coordinates":[-3.68626,40.44074]},"properties":{"stop_id":"445","stop_code":"445","stop_name":"Residencia De Estudiantes","routes":["016","019","051"]}},{"type":"Feature","geometry":{"type":"Point","coordinates":[-3.68644,40.43833]},"properties":{"stop_id":"446","stop_code":"446","stop_name":"Serrano - María De Molina","routes":["009","016","019","051","501"]}},{"type":"Feature","geometry":{"type":"Point","coordinates":[-3.68667,40.43583]},"properties":{"stop_id":"447","stop_code":"447","stop_name":"Serrano - Diego De León","routes":["009","016","019","051","504"]}},{"type":"Feature","geometry":{"type":"Point","coordinates":[-3.68682,40.43389]},"properties":{"stop_id":"448","stop_code":"448","stop_name":"Serrano - Maldonado","routes":["009","019","051","504"]}},{"type":"Feature","geometry":{"type":"Point","coordinates":[-3.68726,40.42962]},"properties":{"stop_id":"449","stop_code":"449","stop_name":"Serrano - Ortega Y Gasset","routes":["001","009","019","051","074","504"]}},{"type":"Feature","geometry":{"type":"Point","coordinates":[-3.68791,40.4261]},"properties":{"stop_id":"451","stop_code":"451","stop_name":"Metro Serrano","routes":["001","009","019","051","074","504"]}},{"type":"Feature","geometry":{"type":"Point","coordinates":[-3.68844,40.42305]},"properties":{"stop_id":"452","stop_code":"452","stop_name":"Museo Arqueológico","routes":["001","009","019","051","074","504"]}},{"type":"Feature","geometry":{"type":"Point","coordinates":[-3.68505,40.45175]},"properties":{"stop_id":"453","stop_code":"453","stop_name":"Sagrados Corazones","routes":["043","120"]}},{"type":"Feature","geometry":{"type":"Point","coordinates":[-3.68514,40.45203]},"properties":{"stop_id":"454","stop_code":"454","stop_name":"Sagrados Corazones","routes":["043","120"]}},{"type":"Feature","geometry":{"type":"Point","coordinates":[-3.68089,40.45155]},"properties":{"stop_id":"455","stop_code":"455","stop_name":"Hospital San Rafael","routes":["043","120"]}},{"type":"Feature","geometry":{"type":"Point","coordinates":[-3.68092,40.45188]},"properties":{"stop_id":"456","stop_code":"456","stop_name":"Hospital San Rafael","routes":["007","043","120"]}},{"type":"Feature","geometry":{"type":"Point","coordinates":[-3.67409,40.45153]},"properties":{"stop_id":"457","stop_code":"457","stop_name":"Ramón Y Cajal - Víctor De La Serna","routes":["043","120"]}},{"type":"Feature","geometry":{"type":"Point","coordinates":[-3.67402,40.45186]},"properties":{"stop_id":"458","stop_code":"458","stop_name":"Ramón Y Cajal - Víctor De La Serna","routes":["043","120"]}},{"type":"Feature","geometry":{"type":"Point","coordinates":[-3.67092,40.45223]},"properties":{"stop_id":"459","stop_code":"459","stop_name":"Ramón Y Cajal - Gabriel Y Galán","routes":["043","120"]}},{"type":"Feature","geometry":{"type":"Point","coordinates":[-3.67098,40.45245]},"properties":{"stop_id":"460","stop_code":"460","stop_name":"Ramón Y Cajal - Gabriel Y Galán","routes":["043","120"]}},{"type":"Feature","geometry":{"type":"Point","coordinates":[-3.66501,40.45254]},"properties":{"stop_id":"461","stop_code":"461","stop_name":"Padre Claret - Ramón Y Cajal","routes":["120"]}},{"type":"Feature","geometry":{"type":"Point","coordinates":[-3.66597,40.45258]},"properties":{"stop_id":"462","stop_code":"462","stop_name":"Padre Claret - Ramón Y Cajal","routes":["009","072","073","120","502"]}},{"type":"Feature","geometry":{"type":"Point","coordinates":[-3.65858,40.4549]},"properties":{"stop_id":"464","stop_code":"464","stop_name":"José Silva - Agastia","routes":["120"]}},{"type":"Feature","geometry":{"type":"Point","coordinates":[-3.63292,40.46261]},"properties":{"stop_id":"465","stop_code":"465","stop_name":"Silvano - José Domingo Rus","routes":["120"]}},{"type":"Feature","geometry":{"type":"Point","coordinates":[-3.63292,40.46281]},"properties":{"stop_id":"466","stop_code":"466","stop_name":"Silvano - José Domingo Rus","routes":["120","503"]}},{"type":"Feature","geometry":{"type":"Point","coordinates":[-3.62958,40.46303]},"properties":{"stop_id":"467","stop_code":"467","stop_name":"Pedroñeras - Silvano","routes":["120"]}},{"type":"Feature","geometry":{"type":"Point","coordinates":[-3.62974,40.46296]},"properties":{"stop_id":"468","stop_code":"468","stop_name":"Canillas","routes":["120","503"]}},{"type":"Feature","geometry":{"type":"Point","coordinates":[-3.63006,40.46451]},"properties":{"stop_id":"469","stop_code":"469","stop_name":"Pedroñeras - El Provencio","routes":["073","120"]}},{"type":"Feature","geometry":{"type":"Point","coordinates":[-3.63008,40.46409]},"properties":{"stop_id":"470","stop_code":"470","stop_name":"Pedroñeras - El Provencio","routes":["073","120","503"]}},{"type":"Feature","geometry":{"type":"Point","coordinates":[-3.63171,40.46499]},"properties":{"stop_id":"471","stop_code":"471","stop_name":"Mota Del Cuervo","routes":["073","120"]}},{"type":"Feature","geometry":{"type":"Point","coordinates":[-3.63175,40.46479]},"properties":{"stop_id":"472","stop_code":"472","stop_name":"Mota Del Cuervo","routes":["073","120","503"]}},{"type":"Feature","geometry":{"type":"Point","coordinates":[-3.63418,40.46484]},"properties":{"stop_id":"473","stop_code":"473","stop_name":"Motilla Del Palancar","routes":["073","120"]}},{"type":"Feature","geometry":{"type":"Point","coordinates":[-3.63421,40.46473]},"properties":{"stop_id":"474","stop_code":"474","stop_name":"Motilla Del Palancar","routes":["073","120","503"]}},{"type":"Feature","geometry":{"type":"Point","coordinates":[-3.63599,40.46579]},"properties":{"stop_id":"475","stop_code":"475","stop_name":"Emigrantes - Carretera De Canillas","routes":["112","120","153"]}},{"type":"Feature","geometry":{"type":"Point","coordinates":[-3.6363,40.46576]},"properties":{"stop_id":"476","stop_code":"476","stop_name":"Emigrantes - Carretera De Canillas","routes":["112","120","153"]}},{"type":"Feature","geometry":{"type":"Point","coordinates":[-3.63692,40.46742]},"properties":{"stop_id":"477","stop_code":"477","stop_name":"Emigrantes - Tribaldos","routes":["112","120","153"]}},{"type":"Feature","geometry":{"type":"Point","coordinates":[-3.63723,40.4673]},"properties":{"stop_id":"478","stop_code":"478","stop_name":"Emigrantes - Tribaldos","routes":["112","120","153"]}},{"type":"Feature","geometry":{"type":"Point","coordinates":[-3.63921,40.47]},"properties":{"stop_id":"479","stop_code":"479","stop_name":"Ayacucho","routes":["120","125"]}},{"type":"Feature","geometry":{"type":"Point","coordinates":[-3.64193,40.47004]},"properties":{"stop_id":"480","stop_code":"480","stop_name":"Ayacucho - Sandro Pertini","routes":["087","120","125","172","372"]}},{"type":"Feature","geometry":{"type":"Point","coordinates":[-3.64319,40.47039]},"properties":{"stop_id":"481","stop_code":"481","stop_name":"Valdetorres De Jarama - Sandro Pertini","routes":["120","125","172","372"]}},{"type":"Feature","geometry":{"type":"Point","coordinates":[-3.6436,40.4703]},"properties":{"stop_id":"482","stop_code":"482","stop_name":"Valdetorres De Jarama - Sandro Pertini","routes":["120","125","172","372"]}},{"type":"Feature","geometry":{"type":"Point","coordinates":[-3.64508,40.47122]},"properties":{"stop_id":"483","stop_code":"483","stop_name":"Valdetorres De Jarama - Ángel Luis Herrán","routes":["120","125","172","372"]}},{"type":"Feature","geometry":{"type":"Point","coordinates":[-3.64509,40.47095]},"properties":{"stop_id":"484","stop_code":"484","stop_name":"Valdetorres De Jarama - Ángel Luis Herrán","routes":["120","125","172","372"]}},{"type":"Feature","geometry":{"type":"Point","coordinates":[-3.6464,40.47181]},"properties":{"stop_id":"485","stop_code":"485","stop_name":"Valdetorres De Jarama - Rogelio Muñoz","routes":["120","125","172","372"]}},{"type":"Feature","geometry":{"type":"Point","coordinates":[-3.64668,40.47166]},"properties":{"stop_id":"486","stop_code":"486","stop_name":"Valdetorres De Jarama - Rogelio Muñoz","routes":["120","125","172","372"]}},{"type":"Feature","geometry":{"type":"Point","coordinates":[-3.64825,40.47267]},"properties":{"stop_id":"487","stop_code":"487","stop_name":"Santos De La Humosa","routes":["120","125","172","372"]}},{"type":"Feature","geometry":{"type":"Point","coordinates":[-3.64942,40.47294]},"properties":{"stop_id":"488","stop_code":"488","stop_name":"Hortaleza","routes":["120"]}},{"type":"Feature","geometry":{"type":"Point","coordinates":[-3.64079,40.469]},"properties":{"stop_id":"489","stop_code":"489","stop_name":"Arequipa","routes":["087","120","125","172","372"]}},{"type":"Feature","geometry":{"type":"Point","coordinates":[-3.63905,40.46898]},"properties":{"stop_id":"490","stop_code":"490","stop_name":"Arequipa - Mar De Cristal","routes":["120"]}},{"type":"Feature","geometry":{"type":"Point","coordinates":[-3.6951,40.42812]},"properties":{"stop_id":"491","stop_code":"491","stop_name":"Alonso Martínez","routes":["007","525","526"]}},{"type":"Feature","geometry":{"type":"Point","coordinates":[-3.69269,40.43037]},"properties":{"stop_id":"492","stop_code":"492","stop_name":"Almagro - Zurbano","routes":["007"]}},{"type":"Feature","geometry":{"type":"Point","coordinates":[-3.69332,40.43017]},"properties":{"stop_id":"493","stop_code":"493","stop_name":"Almagro","routes":["007"]}},{"type":"Feature","geometry":{"type":"Point","coordinates":[-3.69149,40.43224]},"properties":{"stop_id":"494","stop_code":"494","stop_name":"Almagro - Rubén Darío","routes":["007"]}},{"type":"Feature","geometry":{"type":"Point","coordinates":[-3.69178,40.43249]},"properties":{"stop_id":"495","stop_code":"495","stop_name":"Almagro - Rubén Darío","routes":["007"]}},{"type":"Feature","geometry":{"type":"Point","coordinates":[-3.67396,40.49673]},"properties":{"stop_id":"496","stop_code":"496","stop_name":"Camino De Santiago - Valcarlos","routes":["176"]}},{"type":"Feature","geometry":{"type":"Point","coordinates":[-3.66696,40.47118]},"properties":{"stop_id":"497","stop_code":"497","stop_name":"Arturo Soria - Julio Dánvila","routes":["007","029","107","501"]}},{"type":"Feature","geometry":{"type":"Point","coordinates":[-3.66741,40.47101]},"properties":{"stop_id":"498","stop_code":"498","stop_name":"Arturo Soria - Julio Dánvila","routes":["007","029","107","501"]}},{"type":"Feature","geometry":{"type":"Point","coordinates":[-3.66753,40.47325]},"properties":{"stop_id":"499","stop_code":"499","stop_name":"Ingenieros Navales","routes":["007","029","107"]}},{"type":"Feature","geometry":{"type":"Point","coordinates":[-3.66799,40.47319]},"properties":{"stop_id":"500","stop_code":"500","stop_name":"Ingenieros Navales","routes":["007","029","107"]}},{"type":"Feature","geometry":{"type":"Point","coordinates":[-3.66772,40.47546]},"properties":{"stop_id":"501","stop_code":"501","stop_name":"San Luis - Arturo Soria","routes":["007","107","125","501"]}},{"type":"Feature","geometry":{"type":"Point","coordinates":[-3.66792,40.4758]},"properties":{"stop_id":"502","stop_code":"502","stop_name":"San Luis - Arturo Soria","routes":["007","107"]}},{"type":"Feature","geometry":{"type":"Point","coordinates":[-3.66583,40.47475]},"properties":{"stop_id":"503","stop_code":"503","stop_name":"San Luis - Mesena","routes":["007","107","125","501"]}},{"type":"Feature","geometry":{"type":"Point","coordinates":[-3.6659,40.47498]},"properties":{"stop_id":"504","stop_code":"504","stop_name":"San Luis - Mesena","routes":["007","107","125"]}},{"type":"Feature","geometry":{"type":"Point","coordinates":[-3.66293,40.47389]},"properties":{"stop_id":"505","stop_code":"505","stop_name":"San Luis - Almanzora","routes":["007","501"]}},{"type":"Feature","geometry":{"type":"Point","coordinates":[-3.66317,40.474]},"properties":{"stop_id":"506","stop_code":"506","stop_name":"San Luis - Almanzora","routes":["007"]}},{"type":"Feature","geometry":{"type":"Point","coordinates":[-3.66079,40.47555]},"properties":{"stop_id":"507","stop_code":"507","stop_name":"Almanzora - Bacares","routes":["007","029","129","501"]}},{"type":"Feature","geometry":{"type":"Point","coordinates":[-3.65882,40.47695]},"properties":{"stop_id":"508","stop_code":"508","stop_name":"Almanzora","routes":["007","029","129","501"]}},{"type":"Feature","geometry":{"type":"Point","coordinates":[-3.65937,40.47915]},"properties":{"stop_id":"509","stop_code":"509","stop_name":"Alicún","routes":["007","029","129"]}},{"type":"Feature","geometry":{"type":"Point","coordinates":[-3.66114,40.47818]},"properties":{"stop_id":"510","stop_code":"510","stop_name":"Vélez Rubio","routes":["007","029","129"]}},{"type":"Feature","geometry":{"type":"Point","coordinates":[-3.66239,40.47635]},"properties":{"stop_id":"511","stop_code":"511","stop_name":"Manoteras","routes":["007","029"]}},{"type":"Feature","geometry":{"type":"Point","coordinates":[-3.66127,40.47547]},"properties":{"stop_id":"512","stop_code":"512","stop_name":"Almanzora - Bacares","routes":["007"]}},{"type":"Feature","geometry":{"type":"Point","coordinates":[-3.66846,40.47507]},"properties":{"stop_id":"513","stop_code":"513","stop_name":"Cuartel De La Marina","routes":["007","029","107","501"]}},{"type":"Feature","geometry":{"type":"Point","coordinates":[-3.67746,40.45414]},"properties":{"stop_id":"514","stop_code":"514","stop_name":"Príncipe De Vergara - Serrano","routes":["007","016","029"]}},{"type":"Feature","geometry":{"type":"Point","coordinates":[-3.67718,40.45386]},"properties":{"stop_id":"515","stop_code":"515","stop_name":"Príncipe De Vergara - Serrano","routes":["016","029","501"]}},{"type":"Feature","geometry":{"type":"Point","coordinates":[-3.67764,40.45239]},"properties":{"stop_id":"516","stop_code":"516","stop_name":"Concha Espina","routes":["007","016","029"]}},{"type":"Feature","geometry":{"type":"Point","coordinates":[-3.67743,40.45138]},"properties":{"stop_id":"517","stop_code":"517","stop_name":"Concha Espina","routes":["016","029"]}},{"type":"Feature","geometry":{"type":"Point","coordinates":[-3.69512,40.42847]},"properties":{"stop_id":"518","stop_code":"518","stop_name":"Almagro - Alonso Martínez","routes":["007"]}},{"type":"Feature","geometry":{"type":"Point","coordinates":[-3.7169,40.43547]},"properties":{"stop_id":"520","stop_code":"520","stop_name":"Fernández De Los Ríos - Hilarión Eslava","routes":["016","061"]}},{"type":"Feature","geometry":{"type":"Point","coordinates":[-3.71345,40.43532]},"properties":{"stop_id":"521","stop_code":"521","stop_name":"Guzmán El Bueno - Fernández De Los Ríos","routes":["016","061"]}},{"type":"Feature","geometry":{"type":"Point","coordinates":[-3.70904,40.43509]},"properties":{"stop_id":"522","stop_code":"522","stop_name":"Galileo","routes":["016","061"]}},{"type":"Feature","geometry":{"type":"Point","coordinates":[-3.70491,40.43487]},"properties":{"stop_id":"523","stop_code":"523","stop_name":"Arapiles","routes":["016","061"]}},{"type":"Feature","geometry":{"type":"Point","coordinates":[-3.70286,40.43417]},"properties":{"stop_id":"524","stop_code":"524","stop_name":"Eloy Gonzalo","routes":["016","061"]}},{"type":"Feature","geometry":{"type":"Point","coordinates":[-3.69974,40.43464]},"properties":{"stop_id":"525","stop_code":"525","stop_name":"Iglesia","routes":["016","061"]}},{"type":"Feature","geometry":{"type":"Point","coordinates":[-3.69983,40.43486]},"properties":{"stop_id":"526","stop_code":"526","stop_name":"Iglesia","routes":["016","061"]}},{"type":"Feature","geometry":{"type":"Point","coordinates":[-3.69606,40.43497]},"properties":{"stop_id":"527","stop_code":"527","stop_name":"Martínez Campos","routes":["005","016","061"]}},{"type":"Feature","geometry":{"type":"Point","coordinates":[-3.69526,40.43525]},"properties":{"stop_id":"528","stop_code":"528","stop_name":"Martínez Campos","routes":["005","016","061"]}},{"type":"Feature","geometry":{"type":"Point","coordinates":[-3.69054,40.4351]},"properties":{"stop_id":"529","stop_code":"529","stop_name":"Miguel Ángel","routes":["007","016","040","061","147"]}},{"type":"Feature","geometry":{"type":"Point","coordinates":[-3.69002,40.43534]},"properties":{"stop_id":"530","stop_code":"530","stop_name":"Emilio Castelar","routes":["005","016","061"]}},{"type":"Feature","geometry":{"type":"Point","coordinates":[-3.68665,40.43799]},"properties":{"stop_id":"533","stop_code":"533","stop_name":"Serrano - María De Molina","routes":["012"]}},{"type":"Feature","geometry":{"type":"Point","coordinates":[-3.68387,40.43847]},"properties":{"stop_id":"534","stop_code":"534","stop_name":"López De Hoyos - Velázquez","routes":["016"]}},{"type":"Feature","geometry":{"type":"Point","coordinates":[-3.67684,40.46062]},"properties":{"stop_id":"535","stop_code":"535","stop_name":"Plaza Del Perú","routes":["150"]}},{"type":"Feature","geometry":{"type":"Point","coordinates":[-3.68329,40.44603]},"properties":{"stop_id":"536","stop_code":"536","stop_name":"Doctor Arce","routes":["016","019"]}},{"type":"Feature","geometry":{"type":"Point","coordinates":[-3.68803,40.4359]},"properties":{"stop_id":"537","stop_code":"537","stop_name":"General Oráa - Emilio Castelar","routes":["016","061"]}},{"type":"Feature","geometry":{"type":"Point","coordinates":[-3.70312,40.43409]},"properties":{"stop_id":"538","stop_code":"538","stop_name":"Quevedo","routes":["003","016","061"]}},{"type":"Feature","geometry":{"type":"Point","coordinates":[-3.70594,40.43392]},"properties":{"stop_id":"540","stop_code":"540","stop_name":"Arapiles","routes":["016","061"]}},{"type":"Feature","geometry":{"type":"Point","coordinates":[-3.70924,40.43417]},"properties":{"stop_id":"541","stop_code":"541","stop_name":"Mercado Vallehermoso","routes":["016","061"]}},{"type":"Feature","geometry":{"type":"Point","coordinates":[-3.71291,40.43436]},"properties":{"stop_id":"542","stop_code":"542","stop_name":"Guzmán El Bueno - Fernando El Católico","routes":["016","061"]}},{"type":"Feature","geometry":{"type":"Point","coordinates":[-3.71703,40.43457]},"properties":{"stop_id":"543","stop_code":"543","stop_name":"Moncloa","routes":["016","061"]}},{"type":"Feature","geometry":{"type":"Point","coordinates":[-3.70689,40.41388]},"properties":{"stop_id":"544","stop_code":"544","stop_name":"Plaza Mayor","routes":["017"]}},{"type":"Feature","geometry":{"type":"Point","coordinates":[-3.70837,40.41155]},"properties":{"stop_id":"545","stop_code":"545","stop_name":"La Latina","routes":["017","018","023","035","362","526","603"]}},{"type":"Feature","geometry":{"type":"Point","coordinates":[-3.70794,40.41182]},"properties":{"stop_id":"546","stop_code":"546","stop_name":"La Latina","routes":["017","018","023","035","362","526"]}},{"type":"Feature","geometry":{"type":"Point","coordinates":[-3.7105,40.40885]},"properties":{"stop_id":"547","stop_code":"547","stop_name":"Toledo - Humilladero","routes":["017","018","023","035","060","362","526"]}},{"type":"Feature","geometry":{"type":"Point","coordinates":[-3.70973,40.40958]},"properties":{"stop_id":"548","stop_code":"548","stop_name":"Toledo - Humilladero","routes":["017","018","023","035","362","526"]}},{"type":"Feature","geometry":{"type":"Point","coordinates":[-3.71269,40.4066]},"properties":{"stop_id":"549","stop_code":"549","stop_name":"Puerta De Toledo","routes":["017","041"]}},{"type":"Feature","geometry":{"type":"Point","coordinates":[-3.71563,40.40491]},"properties":{"stop_id":"550","stop_code":"550","stop_name":"Imperial - Pontones","routes":["017","041","516"]}},{"type":"Feature","geometry":{"type":"Point","coordinates":[-3.71549,40.40472]},"properties":{"stop_id":"551","stop_code":"551","stop_name":"Imperial - Pontones","routes":["017","041","516"]}},{"type":"Feature","geometry":{"type":"Point","coordinates":[-3.71989,40.40423]},"properties":{"stop_id":"552","stop_code":"552","stop_name":"Puente San Isidro - Pontones","routes":["017","036","516"]}},{"type":"Feature","geometry":{"type":"Point","coordinates":[-3.71988,40.40399]},"properties":{"stop_id":"553","stop_code":"553","stop_name":"Puente San Isidro - Pontones","routes":["017","036","062","516"]}},{"type":"Feature","geometry":{"type":"Point","coordinates":[-3.72465,40.40384]},"properties":{"stop_id":"554","stop_code":"554","stop_name":"Puente San Isidro - Ermita Del Santo","routes":["017","516"]}},{"type":"Feature","geometry":{"type":"Point","coordinates":[-3.73088,40.40172]},"properties":{"stop_id":"555","stop_code":"555","stop_name":"Vía Carpetana - Caramuel","routes":["017","025","516"]}},{"type":"Feature","geometry":{"type":"Point","coordinates":[-3.73009,40.40185]},"properties":{"stop_id":"556","stop_code":"556","stop_name":"Vía Carpetana - Caramuel","routes":["017","025","516"]}},{"type":"Feature","geometry":{"type":"Point","coordinates":[-3.73547,40.39819]},"properties":{"stop_id":"557","stop_code":"557","stop_name":"Polideportivo Gallur","routes":["017","516"]}},{"type":"Feature","geometry":{"type":"Point","coordinates":[-3.73491,40.39839]},"properties":{"stop_id":"558","stop_code":"558","stop_name":"Polideportivo Gallur","routes":["017","025","516"]}},{"type":"Feature","geometry":{"type":"Point","coordinates":[-3.73755,40.39656]},"properties":{"stop_id":"559","stop_code":"559","stop_name":"Vía Carpetana - Centro De Salud","routes":["017","516"]}},{"type":"Feature","geometry":{"type":"Point","coordinates":[-3.73757,40.39617]},"properties":{"stop_id":"560","stop_code":"560","stop_name":"Vía Carpetana - Centro De Salud","routes":["017","025","516"]}},{"type":"Feature","geometry":{"type":"Point","coordinates":[-3.73907,40.39455]},"properties":{"stop_id":"561","stop_code":"561","stop_name":"Vía Carpetana - La Campana","routes":["017"]}},{"type":"Feature","geometry":{"type":"Point","coordinates":[-3.75433,40.3621]},"properties":{"stop_id":"562","stop_code":"562","stop_name":"Carabanchel Alto - La Peseta","routes":["035","118","155","401","517"]}},{"type":"Feature","geometry":{"type":"Point","coordinates":[-3.74017,40.39374]},"properties":{"stop_id":"563","stop_code":"563","stop_name":"Metro Vía Carpetana","routes":["017","516"]}},{"type":"Feature","geometry":{"type":"Point","coordinates":[-3.74266,40.39175]},"properties":{"stop_id":"564","stop_code":"564","stop_name":"Vía Carpetana - Laguna","routes":["017"]}},{"type":"Feature","geometry":{"type":"Point","coordinates":[-3.74174,40.39222]},"properties":{"stop_id":"565","stop_code":"565","stop_name":"Vía Carpetana - Laguna","routes":["017"]}},{"type":"Feature","geometry":{"type":"Point","coordinates":[-3.74414,40.38978]},"properties":{"stop_id":"566","stop_code":"566","stop_name":"Vía Carpetana - Casimiro Escudero","routes":["017"]}},{"type":"Feature","geometry":{"type":"Point","coordinates":[-3.70053,40.45886]},"properties":{"stop_id":"569","stop_code":"569","stop_name":"Bravo Murillo - María Zayas","routes":["066","124","523"]}},{"type":"Feature","geometry":{"type":"Point","coordinates":[-3.7537,40.3852]},"properties":{"stop_id":"570","stop_code":"570","stop_name":"Ocaña","routes":["017","526"]}},{"type":"Feature","geometry":{"type":"Point","coordinates":[-3.75314,40.38554]},"properties":{"stop_id":"571","stop_code":"571","stop_name":"Ocaña","routes":["017","526"]}},{"type":"Feature","geometry":{"type":"Point","coordinates":[-3.75793,40.38442]},"properties":{"stop_id":"572","stop_code":"572","stop_name":"Ocaña - Camarena","routes":["017"]}},{"type":"Feature","geometry":{"type":"Point","coordinates":[-3.75801,40.38429]},"properties":{"stop_id":"573","stop_code":"573","stop_name":"Ocaña - Camarena","routes":["017"]}},{"type":"Feature","geometry":{"type":"Point","coordinates":[-3.75935,40.38545]},"properties":{"stop_id":"574","stop_code":"574","stop_name":"Ocaña - Intercambiador De Aluche","routes":["017"]}},{"type":"Feature","geometry":{"type":"Point","coordinates":[-3.76102,40.38632]},"properties":{"stop_id":"575","stop_code":"575","stop_name":"Intercambiador De Aluche","routes":["017","138","518"]}},{"type":"Feature","geometry":{"type":"Point","coordinates":[-3.64808,40.43903]},"properties":{"stop_id":"577","stop_code":"577","stop_name":"Hermanos De Pablo","routes":["048","146"]}},{"type":"Feature","geometry":{"type":"Point","coordinates":[-3.76525,40.38367]},"properties":{"stop_id":"578","stop_code":"578","stop_name":"Rafael Finat - Avenida De Las Águilas","routes":["017","138"]}},{"type":"Feature","geometry":{"type":"Point","coordinates":[-3.76444,40.38386]},"properties":{"stop_id":"579","stop_code":"579","stop_name":"Rafael Finat - Avenida De Las Águilas","routes":["017","138"]}},{"type":"Feature","geometry":{"type":"Point","coordinates":[-3.7678,40.38155]},"properties":{"stop_id":"580","stop_code":"580","stop_name":"Rafael Finat - Valle Inclán","routes":["017","138"]}},{"type":"Feature","geometry":{"type":"Point","coordinates":[-3.76751,40.38154]},"properties":{"stop_id":"581","stop_code":"581","stop_name":"Rafael Finat - Valle Inclán","routes":["017","138"]}},{"type":"Feature","geometry":{"type":"Point","coordinates":[-3.77082,40.37895]},"properties":{"stop_id":"582","stop_code":"582","stop_name":"Rafael Finat - José De Cadalso","routes":["017","138"]}},{"type":"Feature","geometry":{"type":"Point","coordinates":[-3.77028,40.37912]},"properties":{"stop_id":"583","stop_code":"583","stop_name":"Rafael Finat - José De Cadalso","routes":["017","138"]}},{"type":"Feature","geometry":{"type":"Point","coordinates":[-3.77463,40.37958]},"properties":{"stop_id":"584","stop_code":"584","stop_name":"Blas Cabrera - Oliva De Plasencia","routes":["017","139"]}},{"type":"Feature","geometry":{"type":"Point","coordinates":[-3.7742,40.37879]},"properties":{"stop_id":"585","stop_code":"585","stop_name":"Blas Cabrera - Oliva De Plasencia","routes":["017","034","138","139"]}},{"type":"Feature","geometry":{"type":"Point","coordinates":[-3.77554,40.38178]},"properties":{"stop_id":"586","stop_code":"586","stop_name":"Blas Cabrera - Avenida De Las Águilas","routes":["139"]}},{"type":"Feature","geometry":{"type":"Point","coordinates":[-3.77541,40.38183]},"properties":{"stop_id":"587","stop_code":"587","stop_name":"Blas Cabrera - Avenida De Las Águilas","routes":["017","139"]}},{"type":"Feature","geometry":{"type":"Point","coordinates":[-3.74767,40.38453]},"properties":{"stop_id":"588","stop_code":"588","stop_name":"Fátima - Nuestra Señora De La Luz","routes":["017"]}},{"type":"Feature","geometry":{"type":"Point","coordinates":[-3.74599,40.38509]},"properties":{"stop_id":"589","stop_code":"589","stop_name":"Guabairo","routes":["017","035","517","526"]}},{"type":"Feature","geometry":{"type":"Point","coordinates":[-3.74427,40.3877]},"properties":{"stop_id":"590","stop_code":"590","stop_name":"Carabanchel - Hospital Militar","routes":["017","035","526"]}},{"type":"Feature","geometry":{"type":"Point","coordinates":[-3.76403,40.38366]},"properties":{"stop_id":"591","stop_code":"591","stop_name":"Vidauba - Damasquillo","routes":["155"]}},{"type":"Feature","geometry":{"type":"Point","coordinates":[-3.72511,40.40539]},"properties":{"stop_id":"592","stop_code":"592","stop_name":"Vía Carpetana - Ermita Del Santo","routes":["017","516"]}},{"type":"Feature","geometry":{"type":"Point","coordinates":[-3.71173,40.40585]},"properties":{"stop_id":"593","stop_code":"593","stop_name":"Puerta De Toledo","routes":["017","018","023","035","041","516","526"]}},{"type":"Feature","geometry":{"type":"Point","coordinates":[-3.71214,40.40612]},"properties":{"stop_id":"594","stop_code":"594","stop_name":"Puerta De Toledo","routes":["018","023","035","526"]}},{"type":"Feature","geometry":{"type":"Point","coordinates":[-3.71877,40.42576]},"properties":{"stop_id":"596","stop_code":"596","stop_name":"Templo De Debod","routes":["062","074"]}},{"type":"Feature","geometry":{"type":"Point","coordinates":[-3.76316,40.38151]},"properties":{"stop_id":"598","stop_code":"598","stop_name":"Vidauba","routes":["155"]}},{"type":"Feature","geometry":{"type":"Point","coordinates":[-3.71427,40.42148]},"properties":{"stop_id":"599","stop_code":"599","stop_name":"Jardines De Sabatini","routes":["025","039","046","062","069","075","138","158","518","519","520","530"]}},{"type":"Feature","geometry":{"type":"Point","coordinates":[-3.71634,40.42051]},"properties":{"stop_id":"601","stop_code":"601","stop_name":"Cuesta De San Vicente","routes":["025","039","046","062","069","075","138","158"]}},{"type":"Feature","geometry":{"type":"Point","coordinates":[-3.71942,40.42046]},"properties":{"stop_id":"603","stop_code":"603","stop_name":"Príncipe Pío","routes":["025","039","062","069","138","158","518","519","520","869"]}},{"type":"Feature","geometry":{"type":"Point","coordinates":[-3.71909,40.42016]},"properties":{"stop_id":"604","stop_code":"604","stop_name":"Príncipe Pío","routes":["518","519","520","870"]}},{"type":"Feature","geometry":{"type":"Point","coordinates":[-3.72036,40.41938]},"properties":{"stop_id":"605","stop_code":"605","stop_name":"Príncipe Pío - Campo Del Moro","routes":["033","041"]}},{"type":"Feature","geometry":{"type":"Point","coordinates":[-3.72081,40.41673]},"properties":{"stop_id":"606","stop_code":"606","stop_name":"Ermita Virgen Del Puerto","routes":["025","033","039","041","062","069","138"]}},{"type":"Feature","geometry":{"type":"Point","coordinates":[-3.72002,40.41938]},"properties":{"stop_id":"607","stop_code":"607","stop_name":"Príncipe Pío - Campo Del Moro","routes":["025","033","039","041","158"]}},{"type":"Feature","geometry":{"type":"Point","coordinates":[-3.72102,40.41454]},"properties":{"stop_id":"608","stop_code":"608","stop_name":"Puente De Segovia","routes":["025","033","039","138","158","518","519"]}},{"type":"Feature","geometry":{"type":"Point","coordinates":[-3.72071,40.4145]},"properties":{"stop_id":"609","stop_code":"609","stop_name":"Puente De Segovia","routes":["025","033","039","041","062","068","138","158","518","519","529"]}},{"type":"Feature","geometry":{"type":"Point","coordinates":[-3.765,40.37845]},"properties":{"stop_id":"611","stop_code":"611","stop_name":"Blas Cabrera - Casuarina","routes":["155"]}},{"type":"Feature","geometry":{"type":"Point","coordinates":[-3.72407,40.40824]},"properties":{"stop_id":"614","stop_code":"614","stop_name":"Ermita Del Santo - Centro Comercial","routes":["025"]}},{"type":"Feature","geometry":{"type":"Point","coordinates":[-3.72384,40.40816]},"properties":{"stop_id":"615","stop_code":"615","stop_name":"Ermita Del Santo - Centro Comercial","routes":["025"]}},{"type":"Feature","geometry":{"type":"Point","coordinates":[-3.72473,40.40587]},"properties":{"stop_id":"616","stop_code":"616","stop_name":"Vía Carpetana - Ermita Del Santo","routes":["025"]}},{"type":"Feature","geometry":{"type":"Point","coordinates":[-3.72445,40.40634]},"properties":{"stop_id":"617","stop_code":"617","stop_name":"Vía Carpetana - Ermita Del Santo","routes":["025"]}},{"type":"Feature","geometry":{"type":"Point","coordinates":[-3.73562,40.3985]},"properties":{"stop_id":"618","stop_code":"618","stop_name":"Polideportivo Gallur","routes":["025"]}},{"type":"Feature","geometry":{"type":"Point","coordinates":[-3.74015,40.39811]},"properties":{"stop_id":"619","stop_code":"619","stop_name":"Centro Servicios Sociales Gallur","routes":["025"]}},{"type":"Feature","geometry":{"type":"Point","coordinates":[-3.74199,40.3969]},"properties":{"stop_id":"620","stop_code":"620","stop_name":"Gallur","routes":["025"]}},{"type":"Feature","geometry":{"type":"Point","coordinates":[-3.74427,40.3954]},"properties":{"stop_id":"621","stop_code":"621","stop_name":"Los Cármenes","routes":["025","031","518"]}},{"type":"Feature","geometry":{"type":"Point","coordinates":[-3.74409,40.39523]},"properties":{"stop_id":"622","stop_code":"622","stop_name":"Los Cármenes","routes":["025","031","518"]}},{"type":"Feature","geometry":{"type":"Point","coordinates":[-3.74776,40.39556]},"properties":{"stop_id":"623","stop_code":"623","stop_name":"Duquesa De Parcent","routes":["025","031","518"]}},{"type":"Feature","geometry":{"type":"Point","coordinates":[-3.7476,40.39538]},"properties":{"stop_id":"624","stop_code":"624","stop_name":"Duquesa De Parcent","routes":["025","031","518"]}},{"type":"Feature","geometry":{"type":"Point","coordinates":[-3.7513,40.39597]},"properties":{"stop_id":"625","stop_code":"625","stop_name":"Duquesa De Parcent - Cuart De Poblet","routes":["025","031","518"]}},{"type":"Feature","geometry":{"type":"Point","coordinates":[-3.75128,40.39581]},"properties":{"stop_id":"626","stop_code":"626","stop_name":"Duquesa De Parcent - Cuart De Poblet","routes":["025","031","518"]}},{"type":"Feature","geometry":{"type":"Point","coordinates":[-3.76586,40.37271]},"properties":{"stop_id":"627","stop_code":"627","stop_name":"La Fortuna - Joaquín Turina","routes":["155"]}},{"type":"Feature","geometry":{"type":"Point","coordinates":[-3.766,40.36945]},"properties":{"stop_id":"628","stop_code":"628","stop_name":"La Peseta - La Fortuna","routes":["155"]}},{"type":"Feature","geometry":{"type":"Point","coordinates":[-3.75578,40.39231]},"properties":{"stop_id":"629","stop_code":"629","stop_name":"Camarena - Illescas","routes":["025","518"]}},{"type":"Feature","geometry":{"type":"Point","coordinates":[-3.75564,40.39231]},"properties":{"stop_id":"630","stop_code":"630","stop_name":"Camarena - Illescas","routes":["025","518"]}},{"type":"Feature","geometry":{"type":"Point","coordinates":[-3.75801,40.39249]},"properties":{"stop_id":"631","stop_code":"631","stop_name":"Illescas - Valmojado","routes":["025","121","518"]}},{"type":"Feature","geometry":{"type":"Point","coordinates":[-3.75772,40.39234]},"properties":{"stop_id":"632","stop_code":"632","stop_name":"Illescas - Valmojado","routes":["025"]}},{"type":"Feature","geometry":{"type":"Point","coordinates":[-3.76108,40.39306]},"properties":{"stop_id":"633","stop_code":"633","stop_name":"Illescas - Tembleque","routes":["025","121"]}},{"type":"Feature","geometry":{"type":"Point","coordinates":[-3.76094,40.39285]},"properties":{"stop_id":"634","stop_code":"634","stop_name":"Illescas - Tembleque","routes":["025","121"]}},{"type":"Feature","geometry":{"type":"Point","coordinates":[-3.7645,40.39595]},"properties":{"stop_id":"635","stop_code":"635","stop_name":"Illescas - Escalona","routes":["025","121"]}},{"type":"Feature","geometry":{"type":"Point","coordinates":[-3.76452,40.39579]},"properties":{"stop_id":"636","stop_code":"636","stop_name":"Illescas - Escalona","routes":["025"]}},{"type":"Feature","geometry":{"type":"Point","coordinates":[-3.76388,40.36566]},"properties":{"stop_id":"637","stop_code":"637","stop_name":"La Peseta - Valle Del Boi","routes":["155"]}},{"type":"Feature","geometry":{"type":"Point","coordinates":[-3.76553,40.39708]},"properties":{"stop_id":"638","stop_code":"638","stop_name":"Seseña - Centro De Salud","routes":["025"]}},{"type":"Feature","geometry":{"type":"Point","coordinates":[-3.74237,40.39402]},"properties":{"stop_id":"639","stop_code":"639","stop_name":"Valvanera - Laguna","routes":["025","055","119"]}},{"type":"Feature","geometry":{"type":"Point","coordinates":[-3.76249,40.36339]},"properties":{"stop_id":"640","stop_code":"640","stop_name":"La Peseta - Pinar De San José","routes":["035","155","517"]}},{"type":"Feature","geometry":{"type":"Point","coordinates":[-3.79794,40.37724]},"properties":{"stop_id":"641","stop_code":"641","stop_name":"Dehesa Príncipe","routes":["139"]}},{"type":"Feature","geometry":{"type":"Point","coordinates":[-3.79433,40.3805]},"properties":{"stop_id":"642","stop_code":"642","stop_name":"Arqueros","routes":["139"]}},{"type":"Feature","geometry":{"type":"Point","coordinates":[-3.79159,40.38259]},"properties":{"stop_id":"643","stop_code":"643","stop_name":"Granaderos","routes":["139"]}},{"type":"Feature","geometry":{"type":"Point","coordinates":[-3.78685,40.38116]},"properties":{"stop_id":"644","stop_code":"644","stop_name":"Avenida De La Aviación - Medina Del Campo","routes":["039","139","519"]}},{"type":"Feature","geometry":{"type":"Point","coordinates":[-3.78673,40.38138]},"properties":{"stop_id":"645","stop_code":"645","stop_name":"Avenida De La Aviación - Medina Del Campo","routes":["139"]}},{"type":"Feature","geometry":{"type":"Point","coordinates":[-3.78381,40.3779]},"properties":{"stop_id":"646","stop_code":"646","stop_name":"Base Aérea Cuatro Vientos","routes":["039","139","519"]}},{"type":"Feature","geometry":{"type":"Point","coordinates":[-3.78373,40.3781]},"properties":{"stop_id":"647","stop_code":"647","stop_name":"Base Aérea Cuatro Vientos","routes":["039","139","519"]}},{"type":"Feature","geometry":{"type":"Point","coordinates":[-3.75466,40.36249]},"properties":{"stop_id":"649","stop_code":"649","stop_name":"Carabanchel Alto - La Peseta","routes":["035","118","155","401"]}},{"type":"Feature","geometry":{"type":"Point","coordinates":[-3.77635,40.37477]},"properties":{"stop_id":"650","stop_code":"650","stop_name":"Avenida De La Aviación - Sinfonía","routes":["139"]}},{"type":"Feature","geometry":{"type":"Point","coordinates":[-3.77578,40.37484]},"properties":{"stop_id":"651","stop_code":"651","stop_name":"Avenida De La Aviación - Valle Inclán","routes":["138","139","519"]}},{"type":"Feature","geometry":{"type":"Point","coordinates":[-3.77293,40.37522]},"properties":{"stop_id":"652","stop_code":"652","stop_name":"Rafael Finat - Osa De La Vega","routes":["139"]}},{"type":"Feature","geometry":{"type":"Point","coordinates":[-3.77309,40.37534]},"properties":{"stop_id":"653","stop_code":"653","stop_name":"Rafael Finat - Osa De La Vega","routes":["138","139"]}},{"type":"Feature","geometry":{"type":"Point","coordinates":[-3.77148,40.38291]},"properties":{"stop_id":"654","stop_code":"654","stop_name":"Avenida De Las Águilas - José De Cadalso","routes":["139","518"]}},{"type":"Feature","geometry":{"type":"Point","coordinates":[-3.77226,40.38292]},"properties":{"stop_id":"655","stop_code":"655","stop_name":"Avenida De Las Águilas - José De Cadalso","routes":["139","518"]}},{"type":"Feature","geometry":{"type":"Point","coordinates":[-3.76808,40.38365]},"properties":{"stop_id":"656","stop_code":"656","stop_name":"Maestra Justa Freire - P. Aluche Cercanías","routes":["139"]}},{"type":"Feature","geometry":{"type":"Point","coordinates":[-3.76813,40.38383]},"properties":{"stop_id":"657","stop_code":"657","stop_name":"Maestra Justa Freire - P. Aluche Cercanías","routes":["139"]}},{"type":"Feature","geometry":{"type":"Point","coordinates":[-3.76087,40.38477]},"properties":{"stop_id":"658","stop_code":"658","stop_name":"Intercambiador De Aluche","routes":["121","131","139","898"]}},{"type":"Feature","geometry":{"type":"Point","coordinates":[-3.76117,40.38536]},"properties":{"stop_id":"659","stop_code":"659","stop_name":"Intercambiador De Aluche","routes":["121","131","139","898"]}},{"type":"Feature","geometry":{"type":"Point","coordinates":[-3.7578,40.38179]},"properties":{"stop_id":"660","stop_code":"660","stop_name":"Avenida De Los Poblados - Comisaría","routes":["121","131","139"]}},{"type":"Feature","geometry":{"type":"Point","coordinates":[-3.75806,40.38268]},"properties":{"stop_id":"661","stop_code":"661","stop_name":"Avenida De Los Poblados - Comisaría","routes":["121","131","139"]}},{"type":"Feature","geometry":{"type":"Point","coordinates":[-3.75591,40.37837]},"properties":{"stop_id":"662","stop_code":"662","stop_name":"Polideportivo Las Cruces","routes":["121","131","139"]}},{"type":"Feature","geometry":{"type":"Point","coordinates":[-3.75565,40.37846]},"properties":{"stop_id":"663","stop_code":"663","stop_name":"Polideportivo Las Cruces","routes":["121","131","139"]}},{"type":"Feature","geometry":{"type":"Point","coordinates":[-3.75305,40.37525]},"properties":{"stop_id":"664","stop_code":"664","stop_name":"Ronda De Don Bosco","routes":["139"]}},{"type":"Feature","geometry":{"type":"Point","coordinates":[-3.75571,40.37448]},"properties":{"stop_id":"665","stop_code":"665","stop_name":"Camino De Las Cruces","routes":["139"]}},{"type":"Feature","geometry":{"type":"Point","coordinates":[-3.75743,40.37275]},"properties":{"stop_id":"666","stop_code":"666","stop_name":"Carabanchel Alto","routes":["139"]}},{"type":"Feature","geometry":{"type":"Point","coordinates":[-3.75071,40.37671]},"properties":{"stop_id":"667","stop_code":"667","stop_name":"Plaza Del Parterre","routes":["121","131","139"]}},{"type":"Feature","geometry":{"type":"Point","coordinates":[-3.7903,40.38031]},"properties":{"stop_id":"668","stop_code":"668","stop_name":"Húsares","routes":["139"]}},{"type":"Feature","geometry":{"type":"Point","coordinates":[-3.79458,40.37829]},"properties":{"stop_id":"669","stop_code":"669","stop_name":"Alabarderos","routes":["139"]}},{"type":"Feature","geometry":{"type":"Point","coordinates":[-3.68841,40.42534]},"properties":{"stop_id":"670","stop_code":"670","stop_name":"Colón","routes":["021","053"]}},{"type":"Feature","geometry":{"type":"Point","coordinates":[-3.68869,40.42569]},"properties":{"stop_id":"671","stop_code":"671","stop_name":"Colón","routes":["021","053"]}},{"type":"Feature","geometry":{"type":"Point","coordinates":[-3.68446,40.4251]},"properties":{"stop_id":"672","stop_code":"672","stop_name":"Goya - Velázquez","routes":["021","053"]}},{"type":"Feature","geometry":{"type":"Point","coordinates":[-3.685,40.42542]},"properties":{"stop_id":"673","stop_code":"673","stop_name":"Goya - Velázquez","routes":["021","053"]}},{"type":"Feature","geometry":{"type":"Point","coordinates":[-3.68131,40.42495]},"properties":{"stop_id":"674","stop_code":"674","stop_name":"Goya - Príncipe De Vergara","routes":["021","053"]}},{"type":"Feature","geometry":{"type":"Point","coordinates":[-3.68046,40.42521]},"properties":{"stop_id":"675","stop_code":"675","stop_name":"Goya - Príncipe De Vergara","routes":["021","053"]}},{"type":"Feature","geometry":{"type":"Point","coordinates":[-3.67695,40.42475]},"properties":{"stop_id":"676","stop_code":"676","stop_name":"Felipe II","routes":["021","053"]}},{"type":"Feature","geometry":{"type":"Point","coordinates":[-3.67454,40.42519]},"properties":{"stop_id":"678","stop_code":"678","stop_name":"Alcalá - Goya","routes":["021","146"]}},{"type":"Feature","geometry":{"type":"Point","coordinates":[-3.67499,40.42532]},"properties":{"stop_id":"679","stop_code":"679","stop_name":"Alcalá - Goya","routes":["021","043","053","146"]}},{"type":"Feature","geometry":{"type":"Point","coordinates":[-3.67273,40.42602]},"properties":{"stop_id":"680","stop_code":"680","stop_name":"Alcalá - Hermosilla","routes":["021","043","053","146","505","507"]}},{"type":"Feature","geometry":{"type":"Point","coordinates":[-3.67313,40.42617]},"properties":{"stop_id":"681","stop_code":"681","stop_name":"Alcalá - Hermosilla","routes":["021","043","053","146","505","507"]}},{"type":"Feature","geometry":{"type":"Point","coordinates":[-3.6698,40.42745]},"properties":{"stop_id":"682","stop_code":"682","stop_name":"Alcalá - Manuel Becerra","routes":["021","043","053","146","405","505","507"]}},{"type":"Feature","geometry":{"type":"Point","coordinates":[-3.66994,40.42773]},"properties":{"stop_id":"683","stop_code":"683","stop_name":"Alcalá - Manuel Becerra","routes":["021","043","053","146","505","507"]}},{"type":"Feature","geometry":{"type":"Point","coordinates":[-3.66782,40.42877]},"properties":{"stop_id":"684","stop_code":"684","stop_name":"Alcalá - Parque Bomberos","routes":["021","038","053","106","110","146","210","505","507"]}},{"type":"Feature","geometry":{"type":"Point","coordinates":[-3.66645,40.42905]},"properties":{"stop_id":"685","stop_code":"685","stop_name":"Alcalá - Parque Bomberos","routes":["012","021","038","053","106","110","146","210","505","507"]}},{"type":"Feature","geometry":{"type":"Point","coordinates":[-3.66473,40.42992]},"properties":{"stop_id":"686","stop_code":"686","stop_name":"Alcalá - Bocángel","routes":["012","021","053"]}},{"type":"Feature","geometry":{"type":"Point","coordinates":[-3.76231,40.36396]},"properties":{"stop_id":"687","stop_code":"687","stop_name":"La Peseta - Pinar De San José","routes":["035","155","517"]}},{"type":"Feature","geometry":{"type":"Point","coordinates":[-3.66366,40.43389]},"properties":{"stop_id":"688","stop_code":"688","stop_name":"Avenida De Los Toreros","routes":["053","074"]}},{"type":"Feature","geometry":{"type":"Point","coordinates":[-3.66398,40.43551]},"properties":{"stop_id":"689","stop_code":"689","stop_name":"Biarritz","routes":["043","053","074","503"]}},{"type":"Feature","geometry":{"type":"Point","coordinates":[-3.66343,40.4381]},"properties":{"stop_id":"690","stop_code":"690","stop_name":"Bruselas","routes":["043","053","074","503"]}},{"type":"Feature","geometry":{"type":"Point","coordinates":[-3.66285,40.44049]},"properties":{"stop_id":"692","stop_code":"692","stop_name":"Plaza De Venecia","routes":["043","074","503"]}},{"type":"Feature","geometry":{"type":"Point","coordinates":[-3.66309,40.44059]},"properties":{"stop_id":"693","stop_code":"693","stop_name":"Plaza De Venecia","routes":["043","053","074","503"]}},{"type":"Feature","geometry":{"type":"Point","coordinates":[-3.65625,40.44091]},"properties":{"stop_id":"694","stop_code":"694","stop_name":"Tanatorio M30","routes":["053","122","503"]}},{"type":"Feature","geometry":{"type":"Point","coordinates":[-3.65632,40.44106]},"properties":{"stop_id":"695","stop_code":"695","stop_name":"Tanatorio M30","routes":["053","122","503"]}},{"type":"Feature","geometry":{"type":"Point","coordinates":[-3.65432,40.44202]},"properties":{"stop_id":"696","stop_code":"696","stop_name":"Avenida De Badajoz","routes":["053","122","503"]}},{"type":"Feature","geometry":{"type":"Point","coordinates":[-3.65411,40.44352]},"properties":{"stop_id":"697","stop_code":"697","stop_name":"Barrio Blanco","routes":["011"]}},{"type":"Feature","geometry":{"type":"Point","coordinates":[-3.65384,40.44293]},"properties":{"stop_id":"698","stop_code":"698","stop_name":"Torrelaguna - Avenida De Badajoz","routes":["053","122"]}},{"type":"Feature","geometry":{"type":"Point","coordinates":[-3.65484,40.44468]},"properties":{"stop_id":"699","stop_code":"699","stop_name":"Torrelaguna - Condesa De Venadito","routes":["053","122"]}},{"type":"Feature","geometry":{"type":"Point","coordinates":[-3.6549,40.4444]},"properties":{"stop_id":"700","stop_code":"700","stop_name":"Torrelaguna - Condesa De Venadito","routes":["053","122"]}},{"type":"Feature","geometry":{"type":"Point","coordinates":[-3.6569,40.44823]},"properties":{"stop_id":"701","stop_code":"701","stop_name":"Torrelaguna - Ramírez De Arellano","routes":["053","122"]}},{"type":"Feature","geometry":{"type":"Point","coordinates":[-3.65671,40.4475]},"properties":{"stop_id":"702","stop_code":"702","stop_name":"Torrelaguna - Emilio Vargas","routes":["053"]}},{"type":"Feature","geometry":{"type":"Point","coordinates":[-3.65774,40.44954]},"properties":{"stop_id":"703","stop_code":"703","stop_name":"San Juan Bautista","routes":["053"]}},{"type":"Feature","geometry":{"type":"Point","coordinates":[-3.65799,40.44972]},"properties":{"stop_id":"704","stop_code":"704","stop_name":"San Juan Bautista","routes":["053"]}},{"type":"Feature","geometry":{"type":"Point","coordinates":[-3.6595,40.45118]},"properties":{"stop_id":"705","stop_code":"705","stop_name":"Sorzano","routes":["053"]}},{"type":"Feature","geometry":{"type":"Point","coordinates":[-3.65977,40.45112]},"properties":{"stop_id":"706","stop_code":"706","stop_name":"Sorzano","routes":["053"]}},{"type":"Feature","geometry":{"type":"Point","coordinates":[-3.66043,40.45369]},"properties":{"stop_id":"707","stop_code":"707","stop_name":"Avenida De La Paz","routes":["053"]}},{"type":"Feature","geometry":{"type":"Point","coordinates":[-3.66072,40.45322]},"properties":{"stop_id":"708","stop_code":"708","stop_name":"Avenida De La Paz","routes":["053"]}},{"type":"Feature","geometry":{"type":"Point","coordinates":[-3.66152,40.44102]},"properties":{"stop_id":"709","stop_code":"709","stop_name":"Parque De Las Avenidas","routes":["053","122"]}},{"type":"Feature","geometry":{"type":"Point","coordinates":[-3.66495,40.43553]},"properties":{"stop_id":"710","stop_code":"710","stop_name":"Luis Calvo","routes":["053","074"]}},{"type":"Feature","geometry":{"type":"Point","coordinates":[-3.66466,40.43351]},"properties":{"stop_id":"711","stop_code":"711","stop_name":"Avenida De Los Toreros - Las Ventas","routes":["053","074"]}},{"type":"Feature","geometry":{"type":"Point","coordinates":[-3.66428,40.43077]},"properties":{"stop_id":"712","stop_code":"712","stop_name":"Ventas","routes":["053"]}},{"type":"Feature","geometry":{"type":"Point","coordinates":[-3.67555,40.44256]},"properties":{"stop_id":"715","stop_code":"715","stop_name":"Cartagena - López De Hoyos","routes":["001"]}},{"type":"Feature","geometry":{"type":"Point","coordinates":[-3.67582,40.44253]},"properties":{"stop_id":"716","stop_code":"716","stop_name":"Cartagena - López De Hoyos","routes":["001"]}},{"type":"Feature","geometry":{"type":"Point","coordinates":[-3.67363,40.43965]},"properties":{"stop_id":"717","stop_code":"717","stop_name":"Cartagena","routes":["001","072"]}},{"type":"Feature","geometry":{"type":"Point","coordinates":[-3.67378,40.43962]},"properties":{"stop_id":"718","stop_code":"718","stop_name":"Cartagena","routes":["001","072"]}},{"type":"Feature","geometry":{"type":"Point","coordinates":[-3.76343,40.36587]},"properties":{"stop_id":"719","stop_code":"719","stop_name":"La Peseta - Valle Del Boi","routes":["155"]}},{"type":"Feature","geometry":{"type":"Point","coordinates":[-3.76579,40.36967]},"properties":{"stop_id":"720","stop_code":"720","stop_name":"La Peseta - La Fortuna","routes":["155"]}},{"type":"Feature","geometry":{"type":"Point","coordinates":[-3.67096,40.43728]},"properties":{"stop_id":"721","stop_code":"721","stop_name":"Cartagena - Béjar","routes":["001"]}},{"type":"Feature","geometry":{"type":"Point","coordinates":[-3.67111,40.43719]},"properties":{"stop_id":"722","stop_code":"722","stop_name":"Cartagena - Béjar","routes":["001"]}},{"type":"Feature","geometry":{"type":"Point","coordinates":[-3.70429,40.42012]},"properties":{"stop_id":"723","stop_code":"723","stop_name":"Gran Vía - Callao","routes":["001","002","003","046","074","146","361","516","518","519","520","521"]}},{"type":"Feature","geometry":{"type":"Point","coordinates":[-3.70108,40.41995]},"properties":{"stop_id":"724","stop_code":"724","stop_name":"Gran Vía - Montera","routes":["001","002","003","046","074","146","361","516","518","519","520","521"]}},{"type":"Feature","geometry":{"type":"Point","coordinates":[-3.67099,40.43203]},"properties":{"stop_id":"725","stop_code":"725","stop_name":"Centro Cultural Buenavista","routes":["001","074"]}},{"type":"Feature","geometry":{"type":"Point","coordinates":[-3.67046,40.43109]},"properties":{"stop_id":"726","stop_code":"726","stop_name":"Cartagena - Francisco Silvela","routes":["001","043","074"]}},{"type":"Feature","geometry":{"type":"Point","coordinates":[-3.67088,40.42966]},"properties":{"stop_id":"727","stop_code":"727","stop_name":"Parque Eva Duarte","routes":["001","074"]}},{"type":"Feature","geometry":{"type":"Point","coordinates":[-3.67116,40.42982]},"properties":{"stop_id":"728","stop_code":"728","stop_name":"Parque Eva Duarte","routes":["001","074"]}},{"type":"Feature","geometry":{"type":"Point","coordinates":[-3.67596,40.42988]},"properties":{"stop_id":"729","stop_code":"729","stop_name":"Lista","routes":["001","074"]}},{"type":"Feature","geometry":{"type":"Point","coordinates":[-3.67594,40.43011]},"properties":{"stop_id":"730","stop_code":"730","stop_name":"Lista","routes":["001","074"]}},{"type":"Feature","geometry":{"type":"Point","coordinates":[-3.68061,40.43008]},"properties":{"stop_id":"731","stop_code":"731","stop_name":"Marqués De Salamanca","routes":["001","074"]}},{"type":"Feature","geometry":{"type":"Point","coordinates":[-3.68066,40.43034]},"properties":{"stop_id":"732","stop_code":"732","stop_name":"Marqués De Salamanca","routes":["001","074"]}},{"type":"Feature","geometry":{"type":"Point","coordinates":[-3.68609,40.4306]},"properties":{"stop_id":"733","stop_code":"733","stop_name":"Ortega Y Gasset - Claudio Coello","routes":["001","074"]}},{"type":"Feature","geometry":{"type":"Point","coordinates":[-3.71442,40.4283]},"properties":{"stop_id":"734","stop_code":"734","stop_name":"Princesa - Rey Francisco","routes":["001","044","068","133","138","361"]}},{"type":"Feature","geometry":{"type":"Point","coordinates":[-3.71607,40.43011]},"properties":{"stop_id":"735","stop_code":"735","stop_name":"Argüelles","routes":["001","044","069","133","138","361","521","530","869"]}},{"type":"Feature","geometry":{"type":"Point","coordinates":[-3.71577,40.43022]},"properties":{"stop_id":"736","stop_code":"736","stop_name":"Argüelles","routes":["001","044","068","133","138","361","521","529","870"]}},{"type":"Feature","geometry":{"type":"Point","coordinates":[-3.71756,40.43216]},"properties":{"stop_id":"737","stop_code":"737","stop_name":"Altamirano","routes":["001","044","069","133","138","361","521","530"]}},{"type":"Feature","geometry":{"type":"Point","coordinates":[-3.71718,40.43222]},"properties":{"stop_id":"738","stop_code":"738","stop_name":"Altamirano","routes":["001","044","068","133","138","361","521","529"]}},{"type":"Feature","geometry":{"type":"Point","coordinates":[-3.71932,40.43455]},"properties":{"stop_id":"740","stop_code":"740","stop_name":"Moncloa","routes":["083","133","164","869"]}},{"type":"Feature","geometry":{"type":"Point","coordinates":[-3.71213,40.42466]},"properties":{"stop_id":"741","stop_code":"741","stop_name":"Plaza De España","routes":["001","002","044","069","074","133","138","361","521","530"]}},{"type":"Feature","geometry":{"type":"Point","coordinates":[-3.71397,40.42124]},"properties":{"stop_id":"742","stop_code":"742","stop_name":"Jardines De Sabatini","routes":["025","039","046","062","068","075","138","158","518","519","520","529"]}},{"type":"Feature","geometry":{"type":"Point","coordinates":[-3.71763,40.43864]},"properties":{"stop_id":"743","stop_code":"743","stop_name":"Cristo Rey","routes":["001","044","062","068","082","132","138"]}},{"type":"Feature","geometry":{"type":"Point","coordinates":[-3.67636,40.44494]},"properties":{"stop_id":"745","stop_code":"745","stop_name":"Auditorio Nacional","routes":["001"]}},{"type":"Feature","geometry":{"type":"Point","coordinates":[-3.68083,40.42242]},"properties":{"stop_id":"751","stop_code":"751","stop_name":"Escuelas Aguirre - Casa Árabe","routes":["015","052","146","502","503","505","507"]}},{"type":"Feature","geometry":{"type":"Point","coordinates":[-3.67759,40.42386]},"properties":{"stop_id":"753","stop_code":"753","stop_name":"Felipe II","routes":["043","146","152"]}},{"type":"Feature","geometry":{"type":"Point","coordinates":[-3.6767,40.42455]},"properties":{"stop_id":"754","stop_code":"754","stop_name":"Felipe II","routes":["146","503","505","507"]}},{"type":"Feature","geometry":{"type":"Point","coordinates":[-3.67613,40.42448]},"properties":{"stop_id":"755","stop_code":"755","stop_name":"Felipe II","routes":["402","403","505","507"]}},{"type":"Feature","geometry":{"type":"Point","coordinates":[-3.66338,40.43058]},"properties":{"stop_id":"756","stop_code":"756","stop_name":"Ventas","routes":["038","106","110","146","210","505","507"]}},{"type":"Feature","geometry":{"type":"Point","coordinates":[-3.66318,40.43107]},"properties":{"stop_id":"757","stop_code":"757","stop_name":"Ventas","routes":["021","038","106","110","146","210","505","507"]}},{"type":"Feature","geometry":{"type":"Point","coordinates":[-3.65705,40.43185]},"properties":{"stop_id":"758","stop_code":"758","stop_name":"El Carmen","routes":["038","146","505"]}},{"type":"Feature","geometry":{"type":"Point","coordinates":[-3.65719,40.43202]},"properties":{"stop_id":"759","stop_code":"759","stop_name":"El Carmen","routes":["038","106","146","505","507"]}},{"type":"Feature","geometry":{"type":"Point","coordinates":[-3.65541,40.4326]},"properties":{"stop_id":"760","stop_code":"760","stop_name":"Alcalde López Casero","routes":["146"]}},{"type":"Feature","geometry":{"type":"Point","coordinates":[-3.65556,40.43256]},"properties":{"stop_id":"761","stop_code":"761","stop_name":"Alcalde López Casero","routes":["146"]}},{"type":"Feature","geometry":{"type":"Point","coordinates":[-3.65573,40.43399]},"properties":{"stop_id":"762","stop_code":"762","stop_name":"José Banús","routes":["146"]}},{"type":"Feature","geometry":{"type":"Point","coordinates":[-3.6559,40.43401]},"properties":{"stop_id":"763","stop_code":"763","stop_name":"José Banús","routes":["146"]}},{"type":"Feature","geometry":{"type":"Point","coordinates":[-3.65296,40.43488]},"properties":{"stop_id":"764","stop_code":"764","stop_name":"Parque Calero","routes":["048","146"]}},{"type":"Feature","geometry":{"type":"Point","coordinates":[-3.65274,40.43518]},"properties":{"stop_id":"765","stop_code":"765","stop_name":"Parque Calero","routes":["021"]}},{"type":"Feature","geometry":{"type":"Point","coordinates":[-3.64983,40.43645]},"properties":{"stop_id":"766","stop_code":"766","stop_name":"José Del Hierro - Polideportivo","routes":["048","146"]}},{"type":"Feature","geometry":{"type":"Point","coordinates":[-3.65004,40.43649]},"properties":{"stop_id":"767","stop_code":"767","stop_name":"José Del Hierro - Polideportivo","routes":["021"]}},{"type":"Feature","geometry":{"type":"Point","coordinates":[-3.64681,40.43787]},"properties":{"stop_id":"768","stop_code":"768","stop_name":"Hermanos De Pablo","routes":["048","146"]}},{"type":"Feature","geometry":{"type":"Point","coordinates":[-3.64418,40.44013]},"properties":{"stop_id":"769","stop_code":"769","stop_name":"José Del Hierro - Mandarina","routes":["048","146"]}},{"type":"Feature","geometry":{"type":"Point","coordinates":[-3.6443,40.44021]},"properties":{"stop_id":"770","stop_code":"770","stop_name":"José Del Hierro - Mandarina","routes":["048","146"]}},{"type":"Feature","geometry":{"type":"Point","coordinates":[-3.6417,40.44117]},"properties":{"stop_id":"771","stop_code":"771","stop_name":"Arturo Soria - José Del Hierro","routes":["048","146"]}},{"type":"Feature","geometry":{"type":"Point","coordinates":[-3.63931,40.4432]},"properties":{"stop_id":"773","stop_code":"773","stop_name":"Marqués De Hoyos","routes":["146"]}},{"type":"Feature","geometry":{"type":"Point","coordinates":[-3.76493,40.37828]},"properties":{"stop_id":"774","stop_code":"774","stop_name":"Blas Cabrera - Casuarina","routes":["155"]}},{"type":"Feature","geometry":{"type":"Point","coordinates":[-3.65039,40.43791]},"properties":{"stop_id":"776","stop_code":"776","stop_name":"Virgen Del Portillo - Polideportivo","routes":["048","146"]}},{"type":"Feature","geometry":{"type":"Point","coordinates":[-3.65427,40.43602]},"properties":{"stop_id":"777","stop_code":"777","stop_name":"Parque Calero","routes":["048","146"]}},{"type":"Feature","geometry":{"type":"Point","coordinates":[-3.67965,40.42323]},"properties":{"stop_id":"778","stop_code":"778","stop_name":"Metro Príncipe De Vergara","routes":["015","146","152"]}},{"type":"Feature","geometry":{"type":"Point","coordinates":[-3.66179,40.42523]},"properties":{"stop_id":"779","stop_code":"779","stop_name":"Marqués De Zafra","routes":["012"]}},{"type":"Feature","geometry":{"type":"Point","coordinates":[-3.66419,40.42586]},"properties":{"stop_id":"780","stop_code":"780","stop_name":"Rufino Blanco","routes":["012"]}},{"type":"Feature","geometry":{"type":"Point","coordinates":[-3.6671,40.42672]},"properties":{"stop_id":"781","stop_code":"781","stop_name":"Marqués De Mondejar","routes":["012"]}},{"type":"Feature","geometry":{"type":"Point","coordinates":[-3.66965,40.42948]},"properties":{"stop_id":"782","stop_code":"782","stop_name":"Manuel Becerra","routes":["012","043","056","069","210"]}},{"type":"Feature","geometry":{"type":"Point","coordinates":[-3.6723,40.43262]},"properties":{"stop_id":"784","stop_code":"784","stop_name":"Francisco Silvela - Juan Bravo","routes":["012","056","069","210","530"]}},{"type":"Feature","geometry":{"type":"Point","coordinates":[-3.67454,40.43499]},"properties":{"stop_id":"785","stop_code":"785","stop_name":"Diego De León","routes":["072","073"]}},{"type":"Feature","geometry":{"type":"Point","coordinates":[-3.67397,40.43392]},"properties":{"stop_id":"786","stop_code":"786","stop_name":"Diego De León","routes":["012","068","870"]}},{"type":"Feature","geometry":{"type":"Point","coordinates":[-3.67523,40.43512]},"properties":{"stop_id":"787","stop_code":"787","stop_name":"Hospital De La Princesa","routes":["072","073"]}},{"type":"Feature","geometry":{"type":"Point","coordinates":[-3.6763,40.43667]},"properties":{"stop_id":"788","stop_code":"788","stop_name":"Avenida América","routes":["012","069","072","073","530","869"]}},{"type":"Feature","geometry":{"type":"Point","coordinates":[-3.67724,40.43696]},"properties":{"stop_id":"789","stop_code":"789","stop_name":"Avenida América","routes":["012","068","072","073","529","870"]}},{"type":"Feature","geometry":{"type":"Point","coordinates":[-3.67859,40.4376]},"properties":{"stop_id":"790","stop_code":"790","stop_name":"María De Molina - Príncipe De Vergara","routes":["012"]}},{"type":"Feature","geometry":{"type":"Point","coordinates":[-3.67989,40.4374]},"properties":{"stop_id":"791","stop_code":"791","stop_name":"María De Molina","routes":["012","504"]}},{"type":"Feature","geometry":{"type":"Point","coordinates":[-3.68242,40.43784]},"properties":{"stop_id":"792","stop_code":"792","stop_name":"Velázquez - María De Molina","routes":["012","504"]}},{"type":"Feature","geometry":{"type":"Point","coordinates":[-3.68247,40.43754]},"properties":{"stop_id":"793","stop_code":"793","stop_name":"Velázquez - María De Molina","routes":["012","504"]}},{"type":"Feature","geometry":{"type":"Point","coordinates":[-3.69025,40.43848]},"properties":{"stop_id":"794","stop_code":"794","stop_name":"Gregorio Marañón","routes":["012","045"]}},{"type":"Feature","geometry":{"type":"Point","coordinates":[-3.69112,40.44048]},"properties":{"stop_id":"795","stop_code":"795","stop_name":"Museo Ciencias Naturales","routes":["012","045"]}},{"type":"Feature","geometry":{"type":"Point","coordinates":[-3.69558,40.44186]},"properties":{"stop_id":"796","stop_code":"796","stop_name":"San Juan De La Cruz","routes":["012","045"]}},{"type":"Feature","geometry":{"type":"Point","coordinates":[-3.69776,40.44198]},"properties":{"stop_id":"797","stop_code":"797","stop_name":"Ríos Rosas - Alonso Cano","routes":["012","045"]}},{"type":"Feature","geometry":{"type":"Point","coordinates":[-3.70137,40.44218]},"properties":{"stop_id":"798","stop_code":"798","stop_name":"Metro Ríos Rosas","routes":["012","045"]}},{"type":"Feature","geometry":{"type":"Point","coordinates":[-3.70463,40.44218]},"properties":{"stop_id":"799","stop_code":"799","stop_name":"Juan Zorrilla","routes":["012"]}},{"type":"Feature","geometry":{"type":"Point","coordinates":[-3.70876,40.44077]},"properties":{"stop_id":"800","stop_code":"800","stop_name":"Estadio Vallehermoso","routes":["012"]}},{"type":"Feature","geometry":{"type":"Point","coordinates":[-3.71258,40.43932]},"properties":{"stop_id":"801","stop_code":"801","stop_name":"Metro Islas Filipinas","routes":["012"]}},{"type":"Feature","geometry":{"type":"Point","coordinates":[-3.76281,40.38134]},"properties":{"stop_id":"802","stop_code":"802","stop_name":"Vidauba - Rodrigo De Arana","routes":["155"]}},{"type":"Feature","geometry":{"type":"Point","coordinates":[-3.71673,40.43972]},"properties":{"stop_id":"803","stop_code":"803","stop_name":"Cristo Rey - San Francisco De Sales","routes":["012","044","521"]}},{"type":"Feature","geometry":{"type":"Point","coordinates":[-3.71252,40.43889]},"properties":{"stop_id":"805","stop_code":"805","stop_name":"Metro Islas Filipinas","routes":["012"]}},{"type":"Feature","geometry":{"type":"Point","coordinates":[-3.7088,40.43873]},"properties":{"stop_id":"806","stop_code":"806","stop_name":"Cea Bermúdez","routes":["012"]}},{"type":"Feature","geometry":{"type":"Point","coordinates":[-3.70371,40.43856]},"properties":{"stop_id":"807","stop_code":"807","stop_name":"Canal","routes":["003","012"]}},{"type":"Feature","geometry":{"type":"Point","coordinates":[-3.70066,40.43842]},"properties":{"stop_id":"808","stop_code":"808","stop_name":"José Abascal - Santa Engracia","routes":["012"]}},{"type":"Feature","geometry":{"type":"Point","coordinates":[-3.69588,40.43822]},"properties":{"stop_id":"809","stop_code":"809","stop_name":"José Abascal - Modesto Lafuente","routes":["012"]}},{"type":"Feature","geometry":{"type":"Point","coordinates":[-3.69188,40.43802]},"properties":{"stop_id":"810","stop_code":"810","stop_name":"Gregorio Marañón","routes":["012"]}},{"type":"Feature","geometry":{"type":"Point","coordinates":[-3.67165,40.43122]},"properties":{"stop_id":"811","stop_code":"811","stop_name":"Francisco Silvela - Juan Bravo","routes":["012","043","048","056","068","210","529"]}},{"type":"Feature","geometry":{"type":"Point","coordinates":[-3.66208,40.42748]},"properties":{"stop_id":"813","stop_code":"813","stop_name":"Sancho Dávila","routes":["012"]}},{"type":"Feature","geometry":{"type":"Point","coordinates":[-3.67841,40.41682]},"properties":{"stop_id":"814","stop_code":"814","stop_name":"Menéndez Pelayo - Sainz De Baranda","routes":["020","026","063","068","152"]}},{"type":"Feature","geometry":{"type":"Point","coordinates":[-3.67809,40.41678]},"properties":{"stop_id":"815","stop_code":"815","stop_name":"Menéndez Pelayo - Sainz De Baranda","routes":["020","152"]}},{"type":"Feature","geometry":{"type":"Point","coordinates":[-3.67755,40.41438]},"properties":{"stop_id":"816","stop_code":"816","stop_name":"Hospital Niño Jesús","routes":["020","026","063","068","152"]}},{"type":"Feature","geometry":{"type":"Point","coordinates":[-3.67733,40.4149]},"properties":{"stop_id":"817","stop_code":"817","stop_name":"Hospital Niño Jesús","routes":["020","026","063","069","152"]}},{"type":"Feature","geometry":{"type":"Point","coordinates":[-3.67565,40.41111]},"properties":{"stop_id":"818","stop_code":"818","stop_name":"Plaza Niño Jesús","routes":["020"]}},{"type":"Feature","geometry":{"type":"Point","coordinates":[-3.6752,40.41114]},"properties":{"stop_id":"819","stop_code":"819","stop_name":"Plaza Niño Jesús","routes":["020"]}},{"type":"Feature","geometry":{"type":"Point","coordinates":[-3.6713,40.41132]},"properties":{"stop_id":"820","stop_code":"820","stop_name":"Nazaret","routes":["020"]}},{"type":"Feature","geometry":{"type":"Point","coordinates":[-3.67071,40.41156]},"properties":{"stop_id":"821","stop_code":"821","stop_name":"Nazaret","routes":["020"]}},{"type":"Feature","geometry":{"type":"Point","coordinates":[-3.66892,40.41121]},"properties":{"stop_id":"822","stop_code":"822","stop_name":"Astros","routes":["020","030","032","143","508"]}},{"type":"Feature","geometry":{"type":"Point","coordinates":[-3.66854,40.41153]},"properties":{"stop_id":"823","stop_code":"823","stop_name":"Astros - Cruz Del Sur","routes":["020","030","143","508"]}},{"type":"Feature","geometry":{"type":"Point","coordinates":[-3.66549,40.41104]},"properties":{"stop_id":"824","stop_code":"824","stop_name":"Estrella","routes":["020","030","032","143","508"]}},{"type":"Feature","geometry":{"type":"Point","coordinates":[-3.66544,40.41129]},"properties":{"stop_id":"825","stop_code":"825","stop_name":"Estrella","routes":["020","030","032","143","508"]}},{"type":"Feature","geometry":{"type":"Point","coordinates":[-3.66015,40.41065]},"properties":{"stop_id":"826","stop_code":"826","stop_name":"Vinateros - Centro Comercial","routes":["020","030","032","143","508"]}},{"type":"Feature","geometry":{"type":"Point","coordinates":[-3.65892,40.41089]},"properties":{"stop_id":"827","stop_code":"827","stop_name":"Vinateros - Calle 30","routes":["020","030","032","143","508"]}},{"type":"Feature","geometry":{"type":"Point","coordinates":[-3.66026,40.40945]},"properties":{"stop_id":"828","stop_code":"828","stop_name":"Corregidor Diego Valderrábano - Lituania","routes":["020","143"]}},{"type":"Feature","geometry":{"type":"Point","coordinates":[-3.66004,40.40929]},"properties":{"stop_id":"829","stop_code":"829","stop_name":"Corregidor Diego Valderrábano - Lituania","routes":["020","143"]}},{"type":"Feature","geometry":{"type":"Point","coordinates":[-3.66111,40.40767]},"properties":{"stop_id":"830","stop_code":"830","stop_name":"Avenida De Moratalaz - Diego Valderrábano","routes":["020","143"]}},{"type":"Feature","geometry":{"type":"Point","coordinates":[-3.66065,40.40778]},"properties":{"stop_id":"831","stop_code":"831","stop_name":"Avenida De Moratalaz - Diego Valderrábano","routes":["020","143"]}},{"type":"Feature","geometry":{"type":"Point","coordinates":[-3.65925,40.4072]},"properties":{"stop_id":"832","stop_code":"832","stop_name":"Corregidor Alonso Aguilar","routes":["020"]}},{"type":"Feature","geometry":{"type":"Point","coordinates":[-3.65787,40.40718]},"properties":{"stop_id":"833","stop_code":"833","stop_name":"Corregidor Alonso Aguilar","routes":["113"]}},{"type":"Feature","geometry":{"type":"Point","coordinates":[-3.65505,40.40603]},"properties":{"stop_id":"834","stop_code":"834","stop_name":"Parque Darwin","routes":["008","020"]}},{"type":"Feature","geometry":{"type":"Point","coordinates":[-3.65506,40.40635]},"properties":{"stop_id":"835","stop_code":"835","stop_name":"Parque Darwin","routes":["008","020"]}},{"type":"Feature","geometry":{"type":"Point","coordinates":[-3.64874,40.40435]},"properties":{"stop_id":"837","stop_code":"837","stop_name":"Hacienda De Pavones - Alonso De Tobar","routes":["020","030","100","508"]}},{"type":"Feature","geometry":{"type":"Point","coordinates":[-3.64561,40.40356]},"properties":{"stop_id":"838","stop_code":"838","stop_name":"Hacienda De Pavones - Cañada","routes":["020","030","100","508"]}},{"type":"Feature","geometry":{"type":"Point","coordinates":[-3.64569,40.40375]},"properties":{"stop_id":"839","stop_code":"839","stop_name":"Hacienda De Pavones - Cañada","routes":["020","030","100","508"]}},{"type":"Feature","geometry":{"type":"Point","coordinates":[-3.64244,40.40289]},"properties":{"stop_id":"842","stop_code":"842","stop_name":"Corregidor Conde Maceda","routes":["071","100"]}},{"type":"Feature","geometry":{"type":"Point","coordinates":[-3.64376,40.401]},"properties":{"stop_id":"843","stop_code":"843","stop_name":"Encomienda De Palacios - Pico Artilleros","routes":["020"]}},{"type":"Feature","geometry":{"type":"Point","coordinates":[-3.64713,40.40058]},"properties":{"stop_id":"844","stop_code":"844","stop_name":"Encomienda De Palacios - Arroyo Fontarrón","routes":["008","020"]}},{"type":"Feature","geometry":{"type":"Point","coordinates":[-3.64571,40.39839]},"properties":{"stop_id":"845","stop_code":"845","stop_name":"Arroyo Fontarrón - Pío Felipe","routes":["020"]}},{"type":"Feature","geometry":{"type":"Point","coordinates":[-3.64384,40.39688]},"properties":{"stop_id":"846","stop_code":"846","stop_name":"Arroyo Fontarrón 245","routes":["020"]}},{"type":"Feature","geometry":{"type":"Point","coordinates":[-3.63912,40.39628]},"properties":{"stop_id":"847","stop_code":"847","stop_name":"Fuente Carrantona - Arroyo Fontarrón","routes":["020","142","144"]}},{"type":"Feature","geometry":{"type":"Point","coordinates":[-3.63766,40.3986]},"properties":{"stop_id":"848","stop_code":"848","stop_name":"Fuente Carrantona - Encomienda De Palacios","routes":["142","144","508"]}},{"type":"Feature","geometry":{"type":"Point","coordinates":[-3.63991,40.39907]},"properties":{"stop_id":"849","stop_code":"849","stop_name":"Encomienda De Palacios - Tacona","routes":["008","020","508"]}},{"type":"Feature","geometry":{"type":"Point","coordinates":[-3.64276,40.40076]},"properties":{"stop_id":"850","stop_code":"850","stop_name":"Encomienda De Palacios - Pico Artilleros","routes":["008","020","508"]}},{"type":"Feature","geometry":{"type":"Point","coordinates":[-3.64889,40.40462]},"properties":{"stop_id":"851","stop_code":"851","stop_name":"Hacienda De Pavones - Alonso De Tobar","routes":["020","030","100","508"]}},{"type":"Feature","geometry":{"type":"Point","coordinates":[-3.65078,40.4057]},"properties":{"stop_id":"852","stop_code":"852","stop_name":"Plaza Del Encuentro","routes":["020","030","508"]}},{"type":"Feature","geometry":{"type":"Point","coordinates":[-3.65103,40.40535]},"properties":{"stop_id":"853","stop_code":"853","stop_name":"Plaza Del Encuentro","routes":["020","030","100","508"]}},{"type":"Feature","geometry":{"type":"Point","coordinates":[-3.71201,40.42299]},"properties":{"stop_id":"854","stop_code":"854","stop_name":"Plaza De España","routes":["003","025","039","046","069","074","075","138","148","158"]}},{"type":"Feature","geometry":{"type":"Point","coordinates":[-3.71182,40.42275]},"properties":{"stop_id":"855","stop_code":"855","stop_name":"Plaza De España","routes":["003","025","039","046","075","148","158"]}},{"type":"Feature","geometry":{"type":"Point","coordinates":[-3.72108,40.42099]},"properties":{"stop_id":"857","stop_code":"857","stop_name":"Intercambiador De Príncipe Pío","routes":["041","046","075","520"]}},{"type":"Feature","geometry":{"type":"Point","coordinates":[-3.72318,40.42322]},"properties":{"stop_id":"858","stop_code":"858","stop_name":"Paseo De La Florida","routes":["041","046","075"]}},{"type":"Feature","geometry":{"type":"Point","coordinates":[-3.72337,40.4229]},"properties":{"stop_id":"859","stop_code":"859","stop_name":"Paseo De La Florida","routes":["041","046","075"]}},{"type":"Feature","geometry":{"type":"Point","coordinates":[-3.72513,40.42472]},"properties":{"stop_id":"860","stop_code":"860","stop_name":"San Antonio De La Florida","routes":["041","046","075","520"]}},{"type":"Feature","geometry":{"type":"Point","coordinates":[-3.72538,40.42457]},"properties":{"stop_id":"861","stop_code":"861","stop_name":"San Antonio De La Florida","routes":["041","046","075","520"]}},{"type":"Feature","geometry":{"type":"Point","coordinates":[-3.72728,40.42477]},"properties":{"stop_id":"862","stop_code":"862","stop_name":"San Pol De Mar","routes":["041","075"]}},{"type":"Feature","geometry":{"type":"Point","coordinates":[-3.72944,40.42651]},"properties":{"stop_id":"863","stop_code":"863","stop_name":"Ribera Manzanares - Santa Olalla","routes":["041","075"]}},{"type":"Feature","geometry":{"type":"Point","coordinates":[-3.73358,40.42978]},"properties":{"stop_id":"865","stop_code":"865","stop_name":"Ribera Manzanares - Cordillera","routes":["041","075"]}},{"type":"Feature","geometry":{"type":"Point","coordinates":[-3.73323,40.42932]},"properties":{"stop_id":"866","stop_code":"866","stop_name":"Ribera Manzanares - Cordillera","routes":["041","075"]}},{"type":"Feature","geometry":{"type":"Point","coordinates":[-3.73496,40.4311]},"properties":{"stop_id":"867","stop_code":"867","stop_name":"Colonia Manzanares","routes":["041","075"]}},{"type":"Feature","geometry":{"type":"Point","coordinates":[-3.73237,40.42728]},"properties":{"stop_id":"868","stop_code":"868","stop_name":"Comandante Fortea - Felipe Moratilla","routes":["041","075"]}},{"type":"Feature","geometry":{"type":"Point","coordinates":[-3.72963,40.42536]},"properties":{"stop_id":"869","stop_code":"869","stop_name":"Comandante Fortea - Santa Olalla","routes":["041","075"]}},{"type":"Feature","geometry":{"type":"Point","coordinates":[-3.7272,40.42419]},"properties":{"stop_id":"870","stop_code":"870","stop_name":"San Pol De Mar","routes":["041","075"]}},{"type":"Feature","geometry":{"type":"Point","coordinates":[-3.72551,40.41415]},"properties":{"stop_id":"871","stop_code":"871","stop_name":"Puente De Segovia - Paseo De Extremadura","routes":["031","033","036","039","065","158","518","519"]}},{"type":"Feature","geometry":{"type":"Point","coordinates":[-3.72549,40.41393]},"properties":{"stop_id":"872","stop_code":"872","stop_name":"Puente De Segovia - Paseo De Extremadura","routes":["031","033","036","039","065","138","158","518","519"]}},{"type":"Feature","geometry":{"type":"Point","coordinates":[-3.7291,40.4136]},"properties":{"stop_id":"873","stop_code":"873","stop_name":"Puerta Del Ángel","routes":["031","036","039","065","158","519","869"]}},{"type":"Feature","geometry":{"type":"Point","coordinates":[-3.72855,40.41351]},"properties":{"stop_id":"874","stop_code":"874","stop_name":"Puerta Del Ángel","routes":["031","033","036","039","065","158","519","870"]}},{"type":"Feature","geometry":{"type":"Point","coordinates":[-3.73235,40.41241]},"properties":{"stop_id":"875","stop_code":"875","stop_name":"Paseo De Extremadura - Guadarrama","routes":["031","036","039","065","519"]}},{"type":"Feature","geometry":{"type":"Point","coordinates":[-3.73219,40.41223]},"properties":{"stop_id":"876","stop_code":"876","stop_name":"Paseo De Extremadura - Guadarrama","routes":["031","033","036","039","065","519"]}},{"type":"Feature","geometry":{"type":"Point","coordinates":[-3.73644,40.41088]},"properties":{"stop_id":"877","stop_code":"877","stop_name":"Paseo De Extremadura - Albéniz","routes":["031","036","039","065","519"]}},{"type":"Feature","geometry":{"type":"Point","coordinates":[-3.73628,40.41071]},"properties":{"stop_id":"878","stop_code":"878","stop_name":"Paseo De Extremadura - Albéniz","routes":["031","033","036","039","065","519"]}},{"type":"Feature","geometry":{"type":"Point","coordinates":[-3.73918,40.40984]},"properties":{"stop_id":"879","stop_code":"879","stop_name":"Alto De Extremadura","routes":["031","036","039","065","519","869"]}},{"type":"Feature","geometry":{"type":"Point","coordinates":[-3.73937,40.40957]},"properties":{"stop_id":"880","stop_code":"880","stop_name":"Alto Extremadura","routes":["031","033","036","039","065","519","870"]}},{"type":"Feature","geometry":{"type":"Point","coordinates":[-3.76884,40.39626]},"properties":{"stop_id":"892","stop_code":"892","stop_name":"Campamento","routes":["036","039","519"]}},{"type":"Feature","geometry":{"type":"Point","coordinates":[-3.76866,40.39601]},"properties":{"stop_id":"893","stop_code":"893","stop_name":"Campamento","routes":["039","519"]}},{"type":"Feature","geometry":{"type":"Point","coordinates":[-3.77262,40.39328]},"properties":{"stop_id":"894","stop_code":"894","stop_name":"Paseo De Extremadura - Avenida Poblados","routes":["039","519"]}},{"type":"Feature","geometry":{"type":"Point","coordinates":[-3.77127,40.39397]},"properties":{"stop_id":"895","stop_code":"895","stop_name":"Paseo De Extremadura - Avenida Poblados","routes":["039","519"]}},{"type":"Feature","geometry":{"type":"Point","coordinates":[-3.77913,40.38829]},"properties":{"stop_id":"898","stop_code":"898","stop_name":"Paseo De Extremadura 392","routes":["039","519"]}},{"type":"Feature","geometry":{"type":"Point","coordinates":[-3.77851,40.38838]},"properties":{"stop_id":"899","stop_code":"899","stop_name":"Paseo De Extremadura 445","routes":["039","519"]}},{"type":"Feature","geometry":{"type":"Point","coordinates":[-3.78172,40.38634]},"properties":{"stop_id":"900","stop_code":"900","stop_name":"Paseo De Extremadura Km. 8","routes":["039","519"]}},{"type":"Feature","geometry":{"type":"Point","coordinates":[-3.7857,40.38342]},"properties":{"stop_id":"901","stop_code":"901","stop_name":"Aviación Española","routes":["039","519"]}},{"type":"Feature","geometry":{"type":"Point","coordinates":[-3.76377,40.38357]},"properties":{"stop_id":"903","stop_code":"903","stop_name":"Vidauba - Damasquillo","routes":["155"]}},{"type":"Feature","geometry":{"type":"Point","coordinates":[-3.76288,40.38483]},"properties":{"stop_id":"904","stop_code":"904","stop_name":"Junta Municipal Latina","routes":["155"]}},{"type":"Feature","geometry":{"type":"Point","coordinates":[-3.77787,40.37717]},"properties":{"stop_id":"905","stop_code":"905","stop_name":"Salorino - Navalmoral De La Mata","routes":["039"]}},{"type":"Feature","geometry":{"type":"Point","coordinates":[-3.77316,40.3766]},"properties":{"stop_id":"906","stop_code":"906","stop_name":"Soledad Cazorla - Rafael Finat","routes":["039"]}},{"type":"Feature","geometry":{"type":"Point","coordinates":[-3.77582,40.37701]},"properties":{"stop_id":"907","stop_code":"907","stop_name":"Soledad Cazorla - Aldeanueva De La Vera","routes":["039"]}},{"type":"Feature","geometry":{"type":"Point","coordinates":[-3.78563,40.3808]},"properties":{"stop_id":"909","stop_code":"909","stop_name":"Avenida De La Aviación - Avenida De Las Águilas","routes":["039","519"]}},{"type":"Feature","geometry":{"type":"Point","coordinates":[-3.78399,40.38412]},"properties":{"stop_id":"910","stop_code":"910","stop_name":"Aviación Española","routes":["039","519"]}},{"type":"Feature","geometry":{"type":"Point","coordinates":[-3.70636,40.41353]},"properties":{"stop_id":"912","stop_code":"912","stop_name":"Plaza Mayor","routes":["018","023"]}},{"type":"Feature","geometry":{"type":"Point","coordinates":[-3.70759,40.41395]},"properties":{"stop_id":"913","stop_code":"913","stop_name":"Plaza Mayor","routes":["526","603"]}},{"type":"Feature","geometry":{"type":"Point","coordinates":[-3.71324,40.40398]},"properties":{"stop_id":"914","stop_code":"914","stop_name":"Toledo - Pasillo Verde","routes":["018","023","035","526"]}},{"type":"Feature","geometry":{"type":"Point","coordinates":[-3.71252,40.40431]},"properties":{"stop_id":"915","stop_code":"915","stop_name":"Toledo - Santa Casilda","routes":["018","023","035","526"]}},{"type":"Feature","geometry":{"type":"Point","coordinates":[-3.71431,40.40152]},"properties":{"stop_id":"916","stop_code":"916","stop_name":"Pirámides","routes":["023","035","526"]}},{"type":"Feature","geometry":{"type":"Point","coordinates":[-3.71382,40.40159]},"properties":{"stop_id":"917","stop_code":"917","stop_name":"Pirámides","routes":["018","023","035","526"]}},{"type":"Feature","geometry":{"type":"Point","coordinates":[-3.7149,40.39731]},"properties":{"stop_id":"918","stop_code":"918","stop_name":"Marqués De Vadillo","routes":["023","515"]}},{"type":"Feature","geometry":{"type":"Point","coordinates":[-3.71454,40.39735]},"properties":{"stop_id":"919","stop_code":"919","stop_name":"Marqués De Vadillo","routes":["023","515"]}},{"type":"Feature","geometry":{"type":"Point","coordinates":[-3.71142,40.39564]},"properties":{"stop_id":"920","stop_code":"920","stop_name":"Antonio López - Inmaculada Concepción","routes":["023","515"]}},{"type":"Feature","geometry":{"type":"Point","coordinates":[-3.71148,40.39589]},"properties":{"stop_id":"921","stop_code":"921","stop_name":"Antonio López - Inmaculada Concepción","routes":["023","515"]}},{"type":"Feature","geometry":{"type":"Point","coordinates":[-3.70741,40.39374]},"properties":{"stop_id":"922","stop_code":"922","stop_name":"Puente Praga","routes":["023","515"]}},{"type":"Feature","geometry":{"type":"Point","coordinates":[-3.70788,40.39421]},"properties":{"stop_id":"923","stop_code":"923","stop_name":"Puente Praga","routes":["023","515"]}},{"type":"Feature","geometry":{"type":"Point","coordinates":[-3.70371,40.39168]},"properties":{"stop_id":"924","stop_code":"924","stop_name":"Antonio López - Mariblanca","routes":["023","515"]}},{"type":"Feature","geometry":{"type":"Point","coordinates":[-3.70352,40.39199]},"properties":{"stop_id":"925","stop_code":"925","stop_name":"Antonio López - Mariblanca","routes":["023","515"]}},{"type":"Feature","geometry":{"type":"Point","coordinates":[-3.70192,40.39016]},"properties":{"stop_id":"926","stop_code":"926","stop_name":"Antonio López - Centro Comercial","routes":["023"]}},{"type":"Feature","geometry":{"type":"Point","coordinates":[-3.7017,40.3904]},"properties":{"stop_id":"927","stop_code":"927","stop_name":"Antonio López - Centro Comercial","routes":["023"]}},{"type":"Feature","geometry":{"type":"Point","coordinates":[-3.70045,40.38888]},"properties":{"stop_id":"928","stop_code":"928","stop_name":"Glorieta De Cádiz","routes":["023","515"]}},{"type":"Feature","geometry":{"type":"Point","coordinates":[-3.69992,40.38883]},"properties":{"stop_id":"929","stop_code":"929","stop_name":"Glorieta De Cádiz","routes":["023","515"]}},{"type":"Feature","geometry":{"type":"Point","coordinates":[-3.69823,40.38703]},"properties":{"stop_id":"930","stop_code":"930","stop_name":"Antonio López - Avenida De Córdoba","routes":["023","123","512"]}},{"type":"Feature","geometry":{"type":"Point","coordinates":[-3.69828,40.38741]},"properties":{"stop_id":"931","stop_code":"931","stop_name":"Antonio López - Avenida De Córdoba","routes":["023","123","512"]}},{"type":"Feature","geometry":{"type":"Point","coordinates":[-3.69612,40.3845]},"properties":{"stop_id":"932","stop_code":"932","stop_name":"Antonio López - Vado","routes":["023","123","512"]}},{"type":"Feature","geometry":{"type":"Point","coordinates":[-3.6958,40.38456]},"properties":{"stop_id":"933","stop_code":"933","stop_name":"Antonio López - Vado","routes":["023","123","512"]}},{"type":"Feature","geometry":{"type":"Point","coordinates":[-3.69574,40.38145]},"properties":{"stop_id":"934","stop_code":"934","stop_name":"Antonio López - Socuéllamos","routes":["023","123","512"]}},{"type":"Feature","geometry":{"type":"Point","coordinates":[-3.6955,40.38156]},"properties":{"stop_id":"935","stop_code":"935","stop_name":"Antonio López - Socuéllamos","routes":["023","123","512"]}},{"type":"Feature","geometry":{"type":"Point","coordinates":[-3.69495,40.38014]},"properties":{"stop_id":"936","stop_code":"936","stop_name":"González Feito","routes":["023","123","512"]}},{"type":"Feature","geometry":{"type":"Point","coordinates":[-3.69184,40.37733]},"properties":{"stop_id":"937","stop_code":"937","stop_name":"San Mario","routes":["023","078","123","512"]}},{"type":"Feature","geometry":{"type":"Point","coordinates":[-3.69175,40.37716]},"properties":{"stop_id":"938","stop_code":"938","stop_name":"San Mario","routes":["023","078","123","512"]}},{"type":"Feature","geometry":{"type":"Point","coordinates":[-3.69259,40.37486]},"properties":{"stop_id":"939","stop_code":"939","stop_name":"Estafeta - Carabelos","routes":["023","078","123","512"]}},{"type":"Feature","geometry":{"type":"Point","coordinates":[-3.6924,40.37461]},"properties":{"stop_id":"940","stop_code":"940","stop_name":"Estafeta - Carabelos","routes":["023","078","123","512"]}},{"type":"Feature","geometry":{"type":"Point","coordinates":[-3.69244,40.37271]},"properties":{"stop_id":"941","stop_code":"941","stop_name":"Estafeta - Navascués","routes":["023","078","123"]}},{"type":"Feature","geometry":{"type":"Point","coordinates":[-3.69222,40.37272]},"properties":{"stop_id":"942","stop_code":"942","stop_name":"Estafeta - Navascués","routes":["023","078","123"]}},{"type":"Feature","geometry":{"type":"Point","coordinates":[-3.6923,40.371]},"properties":{"stop_id":"943","stop_code":"943","stop_name":"Estafeta - Avenida San Fermín","routes":["023","078","123","512"]}},{"type":"Feature","geometry":{"type":"Point","coordinates":[-3.69212,40.37156]},"properties":{"stop_id":"944","stop_code":"944","stop_name":"Estafeta - Avenida San Fermín","routes":["023","078","123","512"]}},{"type":"Feature","geometry":{"type":"Point","coordinates":[-3.69154,40.36806]},"properties":{"stop_id":"945","stop_code":"945","stop_name":"Glorieta San Martín De La Vega","routes":["023","078","123","512"]}},{"type":"Feature","geometry":{"type":"Point","coordinates":[-3.69373,40.38232]},"properties":{"stop_id":"946","stop_code":"946","stop_name":"Camino De Perales - Aniceto Pérez","routes":["023","123"]}},{"type":"Feature","geometry":{"type":"Point","coordinates":[-3.71316,40.40068]},"properties":{"stop_id":"947","stop_code":"947","stop_name":"Pirámides - Yeserías","routes":["018"]}},{"type":"Feature","geometry":{"type":"Point","coordinates":[-3.66607,40.42035]},"properties":{"stop_id":"950","stop_code":"950","stop_name":"O Donnell - Sainz De Baranda","routes":["028","071"]}},{"type":"Feature","geometry":{"type":"Point","coordinates":[-3.65054,40.42881]},"properties":{"stop_id":"952","stop_code":"952","stop_name":"Avenida De Daroca - Miguel De Unamuno","routes":["106","507"]}},{"type":"Feature","geometry":{"type":"Point","coordinates":[-3.65066,40.42871]},"properties":{"stop_id":"953","stop_code":"953","stop_name":"Avenida De Daroca - Miguel De Unamuno","routes":["106","507"]}},{"type":"Feature","geometry":{"type":"Point","coordinates":[-3.69707,40.48727]},"properties":{"stop_id":"955","stop_code":"955","stop_name":"Hospital Ramón Y Cajal","routes":["175","178"]}},{"type":"Feature","geometry":{"type":"Point","coordinates":[-3.65516,40.42198]},"properties":{"stop_id":"956","stop_code":"956","stop_name":"Blas De Otero - Teresa Saenz Heredia","routes":["071"]}},{"type":"Feature","geometry":{"type":"Point","coordinates":[-3.65529,40.42184]},"properties":{"stop_id":"957","stop_code":"957","stop_name":"Blas De Otero - Teresa Saenz Heredia","routes":["071"]}},{"type":"Feature","geometry":{"type":"Point","coordinates":[-3.65575,40.42273]},"properties":{"stop_id":"958","stop_code":"958","stop_name":"Marqués De Corbera - Ricardo Ortiz","routes":["015","028","110","210","506"]}},{"type":"Feature","geometry":{"type":"Point","coordinates":[-3.65608,40.42297]},"properties":{"stop_id":"959","stop_code":"959","stop_name":"Marqués De Corbera - Ricardo Ortiz","routes":["015","028","110","210","506"]}},{"type":"Feature","geometry":{"type":"Point","coordinates":[-3.65357,40.42427]},"properties":{"stop_id":"960","stop_code":"960","stop_name":"Marqués De Corbera - Montejurra","routes":["015","028","110","210","506"]}},{"type":"Feature","geometry":{"type":"Point","coordinates":[-3.65395,40.42454]},"properties":{"stop_id":"961","stop_code":"961","stop_name":"Marqués De Corbera - Montejurra","routes":["015","028","110","210","506"]}},{"type":"Feature","geometry":{"type":"Point","coordinates":[-3.65164,40.4258]},"properties":{"stop_id":"962","stop_code":"962","stop_name":"Marqués De Corbera - Gerardo Cordón","routes":["015","028","110","210","506"]}},{"type":"Feature","geometry":{"type":"Point","coordinates":[-3.65188,40.42603]},"properties":{"stop_id":"963","stop_code":"963","stop_name":"Marqués De Corbera - Gerardo Cordón","routes":["015","028","110","210"]}},{"type":"Feature","geometry":{"type":"Point","coordinates":[-3.6507,40.42691]},"properties":{"stop_id":"965","stop_code":"965","stop_name":"Metro La Elipa","routes":["015","028","110","210","506"]}},{"type":"Feature","geometry":{"type":"Point","coordinates":[-3.64888,40.42833]},"properties":{"stop_id":"966","stop_code":"966","stop_name":"Marqués De Corbera - Avenida De Daroca","routes":["028","113","506"]}},{"type":"Feature","geometry":{"type":"Point","coordinates":[-3.6489,40.42877]},"properties":{"stop_id":"967","stop_code":"967","stop_name":"Francisco Villaespesa - Hermanos Gómez","routes":["028","113","506"]}},{"type":"Feature","geometry":{"type":"Point","coordinates":[-3.64612,40.42899]},"properties":{"stop_id":"968","stop_code":"968","stop_name":"Francisco Villaespesa - Lago Constanza","routes":["028","506"]}},{"type":"Feature","geometry":{"type":"Point","coordinates":[-3.64619,40.42924]},"properties":{"stop_id":"969","stop_code":"969","stop_name":"Francisco Villaespesa - Lago Constanza","routes":["028","506"]}},{"type":"Feature","geometry":{"type":"Point","coordinates":[-3.64354,40.42932]},"properties":{"stop_id":"970","stop_code":"970","stop_name":"Francisco Villaespesa - Ezequiel Solana","routes":["028","506"]}},{"type":"Feature","geometry":{"type":"Point","coordinates":[-3.64434,40.42948]},"properties":{"stop_id":"971","stop_code":"971","stop_name":"Francisco Villaespesa - Ezequiel Solana","routes":["028","506"]}},{"type":"Feature","geometry":{"type":"Point","coordinates":[-3.63867,40.43077]},"properties":{"stop_id":"974","stop_code":"974","stop_name":"Ascao - Luis Ruiz","routes":["028","506"]}},{"type":"Feature","geometry":{"type":"Point","coordinates":[-3.63835,40.43144]},"properties":{"stop_id":"975","stop_code":"975","stop_name":"Ascao - Luis Ruiz","routes":["028","506"]}},{"type":"Feature","geometry":{"type":"Point","coordinates":[-3.63674,40.42914]},"properties":{"stop_id":"976","stop_code":"976","stop_name":"Luis Ruiz","routes":["028","506"]}},{"type":"Feature","geometry":{"type":"Point","coordinates":[-3.63428,40.42928]},"properties":{"stop_id":"977","stop_code":"977","stop_name":"Braulio Gutiérrez","routes":["028","506"]}},{"type":"Feature","geometry":{"type":"Point","coordinates":[-3.6315,40.43031]},"properties":{"stop_id":"978","stop_code":"978","stop_name":"Metro García Noblejas","routes":["028"]}},{"type":"Feature","geometry":{"type":"Point","coordinates":[-3.63171,40.43048]},"properties":{"stop_id":"979","stop_code":"979","stop_name":"Metro García Noblejas","routes":["028"]}},{"type":"Feature","geometry":{"type":"Point","coordinates":[-3.62847,40.43161]},"properties":{"stop_id":"980","stop_code":"980","stop_name":"Emilio Muñoz - Santa Leonor","routes":["028"]}},{"type":"Feature","geometry":{"type":"Point","coordinates":[-3.62843,40.43186]},"properties":{"stop_id":"981","stop_code":"981","stop_name":"Emilio Muñoz - Santa Leonor","routes":["028"]}},{"type":"Feature","geometry":{"type":"Point","coordinates":[-3.62503,40.4332]},"properties":{"stop_id":"982","stop_code":"982","stop_name":"Emilio Muñoz - Alfonso Gómez","routes":["028"]}},{"type":"Feature","geometry":{"type":"Point","coordinates":[-3.62534,40.43333]},"properties":{"stop_id":"983","stop_code":"983","stop_name":"Emilio Muñoz - Alfonso Gómez","routes":["028"]}},{"type":"Feature","geometry":{"type":"Point","coordinates":[-3.62308,40.43417]},"properties":{"stop_id":"984","stop_code":"984","stop_name":"Emilio Muñoz - Miguel Yuste","routes":["028"]}},{"type":"Feature","geometry":{"type":"Point","coordinates":[-3.62285,40.43454]},"properties":{"stop_id":"985","stop_code":"985","stop_name":"Emilio Muñoz - Miguel Yuste","routes":["028"]}},{"type":"Feature","geometry":{"type":"Point","coordinates":[-3.62022,40.4371]},"properties":{"stop_id":"986","stop_code":"986","stop_name":"Cronos - San Romualdo","routes":["028","153"]}},{"type":"Feature","geometry":{"type":"Point","coordinates":[-3.62052,40.43694]},"properties":{"stop_id":"987","stop_code":"987","stop_name":"Cronos - San Romualdo","routes":["028","153"]}},{"type":"Feature","geometry":{"type":"Point","coordinates":[-3.61902,40.4398]},"properties":{"stop_id":"989","stop_code":"989","stop_name":"Plaza De Cronos","routes":["028","153"]}},{"type":"Feature","geometry":{"type":"Point","coordinates":[-3.61487,40.44126]},"properties":{"stop_id":"990","stop_code":"990","stop_name":"Avenida De Canillejas - Néctar","routes":["028","505"]}},{"type":"Feature","geometry":{"type":"Point","coordinates":[-3.61524,40.44132]},"properties":{"stop_id":"991","stop_code":"991","stop_name":"Avenida De Canillejas - Néctar","routes":["028","505"]}},{"type":"Feature","geometry":{"type":"Point","coordinates":[-3.61188,40.44183]},"properties":{"stop_id":"993","stop_code":"993","stop_name":"San Mariano - Néctar","routes":["028","048","505"]}},{"type":"Feature","geometry":{"type":"Point","coordinates":[-3.61151,40.43927]},"properties":{"stop_id":"994","stop_code":"994","stop_name":"Lucano - Aquiles","routes":["140","505"]}},{"type":"Feature","geometry":{"type":"Point","coordinates":[-3.63496,40.43288]},"properties":{"stop_id":"999","stop_code":"999","stop_name":"Ascao - Julián Camarillo","routes":["028","506"]}},{"type":"Feature","geometry":{"type":"Point","coordinates":[-3.6694,40.39807]},"properties":{"stop_id":"1000","stop_code":"1000","stop_name":"Puente De Vallecas","routes":["037","058","111"]}},{"type":"Feature","geometry":{"type":"Point","coordinates":[-3.66646,40.39676]},"properties":{"stop_id":"1001","stop_code":"1001","stop_name":"Junta Municipal Puente De Vallecas","routes":["054","057","058","136","510","525"]}},{"type":"Feature","geometry":{"type":"Point","coordinates":[-3.66598,40.39676]},"properties":{"stop_id":"1002","stop_code":"1002","stop_name":"Junta Municipal Puente De Vallecas","routes":["010","024","054","057","058","111","136","310","510","525"]}},{"type":"Feature","geometry":{"type":"Point","coordinates":[-3.66326,40.3951]},"properties":{"stop_id":"1003","stop_code":"1003","stop_name":"Nueva Numancia","routes":["054","057","058","136","510","525"]}},{"type":"Feature","geometry":{"type":"Point","coordinates":[-3.66338,40.39536]},"properties":{"stop_id":"1004","stop_code":"1004","stop_name":"Nueva Numancia","routes":["054","057","058","136","510","525"]}},{"type":"Feature","geometry":{"type":"Point","coordinates":[-3.66096,40.39391]},"properties":{"stop_id":"1005","stop_code":"1005","stop_name":"Avenida De La Albufera - Sierra Del Cadi","routes":["054","058","136","525"]}},{"type":"Feature","geometry":{"type":"Point","coordinates":[-3.66082,40.39408]},"properties":{"stop_id":"1006","stop_code":"1006","stop_name":"Avenida De La Albufera - Sierra Del Cadi","routes":["054","058","136","510","525"]}},{"type":"Feature","geometry":{"type":"Point","coordinates":[-3.65795,40.39234]},"properties":{"stop_id":"1007","stop_code":"1007","stop_name":"Portazgo","routes":["054","058","103","136","525"]}},{"type":"Feature","geometry":{"type":"Point","coordinates":[-3.65798,40.39252]},"properties":{"stop_id":"1008","stop_code":"1008","stop_name":"Portazgo","routes":["054","058","103","136","510","525"]}},{"type":"Feature","geometry":{"type":"Point","coordinates":[-3.65451,40.39154]},"properties":{"stop_id":"1009","stop_code":"1009","stop_name":"Buenos Aires","routes":["054","058","103","136","525"]}},{"type":"Feature","geometry":{"type":"Point","coordinates":[-3.65413,40.39172]},"properties":{"stop_id":"1010","stop_code":"1010","stop_name":"Buenos Aires","routes":["058","103","136","525"]}},{"type":"Feature","geometry":{"type":"Point","coordinates":[-3.65125,40.39124]},"properties":{"stop_id":"1011","stop_code":"1011","stop_name":"Instituto Tirso De Molina","routes":["058","103","143"]}},{"type":"Feature","geometry":{"type":"Point","coordinates":[-3.65142,40.39147]},"properties":{"stop_id":"1012","stop_code":"1012","stop_name":"Instituto Tirso De Molina","routes":["058","103","143"]}},{"type":"Feature","geometry":{"type":"Point","coordinates":[-3.64607,40.38986]},"properties":{"stop_id":"1013","stop_code":"1013","stop_name":"Alto Del Arenal","routes":["057","058","103","143","525"]}},{"type":"Feature","geometry":{"type":"Point","coordinates":[-3.64574,40.39036]},"properties":{"stop_id":"1014","stop_code":"1014","stop_name":"Alto Del Arenal","routes":["058","103","143","525"]}},{"type":"Feature","geometry":{"type":"Point","coordinates":[-3.643,40.38854]},"properties":{"stop_id":"1015","stop_code":"1015","stop_name":"Avenida De La Albufera - Pablo Neruda","routes":["058","103","142","143","525"]}},{"type":"Feature","geometry":{"type":"Point","coordinates":[-3.643,40.38879]},"properties":{"stop_id":"1016","stop_code":"1016","stop_name":"Avenida De La Albufera - Pablo Neruda","routes":["058","103","142","143","525"]}},{"type":"Feature","geometry":{"type":"Point","coordinates":[-3.63988,40.38714]},"properties":{"stop_id":"1017","stop_code":"1017","stop_name":"Miguel Hernández","routes":["054","058","103","142","143","525"]}},{"type":"Feature","geometry":{"type":"Point","coordinates":[-3.63977,40.38738]},"properties":{"stop_id":"1018","stop_code":"1018","stop_name":"Miguel Hernández","routes":["054","058","103","142","143","525"]}},{"type":"Feature","geometry":{"type":"Point","coordinates":[-3.63792,40.38624]},"properties":{"stop_id":"1019","stop_code":"1019","stop_name":"Avenida De La Albufera - Miguel Hernández","routes":["054","058","103","142","143","525"]}},{"type":"Feature","geometry":{"type":"Point","coordinates":[-3.63778,40.38645]},"properties":{"stop_id":"1020","stop_code":"1020","stop_name":"Avenida De La Albufera - Miguel Hernández","routes":["054","058","103","142","143","525"]}},{"type":"Feature","geometry":{"type":"Point","coordinates":[-3.69605,40.50479]},"properties":{"stop_id":"1021","stop_code":"1021","stop_name":"Metro Montecarmelo","routes":["134","170","178","523"]}},{"type":"Feature","geometry":{"type":"Point","coordinates":[-3.69436,40.50666]},"properties":{"stop_id":"1022","stop_code":"1022","stop_name":"Monasterio Silos - Monasterio Liébana","routes":["134","170","178","523"]}},{"type":"Feature","geometry":{"type":"Point","coordinates":[-3.63006,40.383]},"properties":{"stop_id":"1023","stop_code":"1023","stop_name":"Avenida De La Albufera - Cocherón Villa","routes":["058","103","142","143","525"]}},{"type":"Feature","geometry":{"type":"Point","coordinates":[-3.69247,40.50892]},"properties":{"stop_id":"1025","stop_code":"1025","stop_name":"Monasterio Silos - Monasterio Sobrado","routes":["134","170","178","523"]}},{"type":"Feature","geometry":{"type":"Point","coordinates":[-3.69365,40.50958]},"properties":{"stop_id":"1026","stop_code":"1026","stop_name":"Monasterio Escorial - Monasterio Sobrado","routes":["134","170","178","523"]}},{"type":"Feature","geometry":{"type":"Point","coordinates":[-3.62514,40.38256]},"properties":{"stop_id":"1027","stop_code":"1027","stop_name":"Sierra Guadalupe","routes":["054","058","103","130","142","143"]}},{"type":"Feature","geometry":{"type":"Point","coordinates":[-3.69556,40.50732]},"properties":{"stop_id":"1028","stop_code":"1028","stop_name":"Monasterio Escorial - Monasterio Liébana","routes":["134","170","178","523"]}},{"type":"Feature","geometry":{"type":"Point","coordinates":[-3.69709,40.50559]},"properties":{"stop_id":"1029","stop_code":"1029","stop_name":"Metro Montecarmelo","routes":["134","170","178","523"]}},{"type":"Feature","geometry":{"type":"Point","coordinates":[-3.62128,40.37969]},"properties":{"stop_id":"1030","stop_code":"1030","stop_name":"Villa Vallecas","routes":["143","509","525"]}},{"type":"Feature","geometry":{"type":"Point","coordinates":[-3.62114,40.38009]},"properties":{"stop_id":"1031","stop_code":"1031","stop_name":"Villa Vallecas","routes":["054","058","103","142"]}},{"type":"Feature","geometry":{"type":"Point","coordinates":[-3.61762,40.37946]},"properties":{"stop_id":"1032","stop_code":"1032","stop_name":"Real De Arganda","routes":["058","509"]}},{"type":"Feature","geometry":{"type":"Point","coordinates":[-3.61748,40.3796]},"properties":{"stop_id":"1033","stop_code":"1033","stop_name":"Real De Arganda","routes":["058","509"]}},{"type":"Feature","geometry":{"type":"Point","coordinates":[-3.61363,40.38031]},"properties":{"stop_id":"1034","stop_code":"1034","stop_name":"Plaza Antonio María Segovia","routes":["058","509"]}},{"type":"Feature","geometry":{"type":"Point","coordinates":[-3.61385,40.38023]},"properties":{"stop_id":"1035","stop_code":"1035","stop_name":"Plaza Antonio María Segovia","routes":["058"]}},{"type":"Feature","geometry":{"type":"Point","coordinates":[-3.61462,40.38198]},"properties":{"stop_id":"1036","stop_code":"1036","stop_name":"Enrique García Álvarez","routes":["058"]}},{"type":"Feature","geometry":{"type":"Point","coordinates":[-3.61486,40.38198]},"properties":{"stop_id":"1037","stop_code":"1037","stop_name":"Enrique García Álvarez","routes":["058"]}},{"type":"Feature","geometry":{"type":"Point","coordinates":[-3.61218,40.3846]},"properties":{"stop_id":"1038","stop_code":"1038","stop_name":"Avenida Santa Eugenia - Camino De Vasares","routes":["058","063"]}},{"type":"Feature","geometry":{"type":"Point","coordinates":[-3.60793,40.38651]},"properties":{"stop_id":"1039","stop_code":"1039","stop_name":"Santa Eugenia","routes":["058","063"]}},{"type":"Feature","geometry":{"type":"Point","coordinates":[-3.60585,40.38474]},"properties":{"stop_id":"1040","stop_code":"1040","stop_name":"Mediterráneo - Puentelarra","routes":["058"]}},{"type":"Feature","geometry":{"type":"Point","coordinates":[-3.60429,40.38235]},"properties":{"stop_id":"1041","stop_code":"1041","stop_name":"Mediterráneo - Virgen De Las Viñas","routes":["058","063"]}},{"type":"Feature","geometry":{"type":"Point","coordinates":[-3.6056,40.37997]},"properties":{"stop_id":"1042","stop_code":"1042","stop_name":"Fuentespina","routes":["058","063"]}},{"type":"Feature","geometry":{"type":"Point","coordinates":[-3.6078,40.3793]},"properties":{"stop_id":"1043","stop_code":"1043","stop_name":"Avenida Santa Eugenia - Fuentespina","routes":["058","063"]}},{"type":"Feature","geometry":{"type":"Point","coordinates":[-3.60943,40.38079]},"properties":{"stop_id":"1044","stop_code":"1044","stop_name":"Avenida Santa Eugenia - Virgen Las Viñas","routes":["058","063"]}},{"type":"Feature","geometry":{"type":"Point","coordinates":[-3.6104,40.3824]},"properties":{"stop_id":"1045","stop_code":"1045","stop_name":"Avenida Santa Eugenia - Puentelarra","routes":["058","063"]}},{"type":"Feature","geometry":{"type":"Point","coordinates":[-3.61285,40.38406]},"properties":{"stop_id":"1046","stop_code":"1046","stop_name":"Santa Eugenia","routes":["058"]}},{"type":"Feature","geometry":{"type":"Point","coordinates":[-3.62332,40.39743]},"properties":{"stop_id":"1048","stop_code":"1048","stop_name":"José Prat - Indalecio Prieto","routes":["404","508"]}},{"type":"Feature","geometry":{"type":"Point","coordinates":[-3.69924,40.41657]},"properties":{"stop_id":"1049","stop_code":"1049","stop_name":"Carrera De San Jerónimo - Cedaceros","routes":["051","362","525","601"]}},{"type":"Feature","geometry":{"type":"Point","coordinates":[-3.61908,40.37784]},"properties":{"stop_id":"1051","stop_code":"1051","stop_name":"Montes De Barbanza","routes":["054","103","142"]}},{"type":"Feature","geometry":{"type":"Point","coordinates":[-3.63997,40.40242]},"properties":{"stop_id":"1052","stop_code":"1052","stop_name":"Hacienda De Pavones 204","routes":["071","100"]}},{"type":"Feature","geometry":{"type":"Point","coordinates":[-3.63985,40.4026]},"properties":{"stop_id":"1053","stop_code":"1053","stop_name":"Hacienda De Pavones 155","routes":["071","100"]}},{"type":"Feature","geometry":{"type":"Point","coordinates":[-3.63573,40.40139]},"properties":{"stop_id":"1054","stop_code":"1054","stop_name":"Fuente Carrantona - Hacienda De Pavones","routes":["100","140"]}},{"type":"Feature","geometry":{"type":"Point","coordinates":[-3.63605,40.40138]},"properties":{"stop_id":"1055","stop_code":"1055","stop_name":"Fuente Carrantona - Hacienda De Pavones","routes":["100","140"]}},{"type":"Feature","geometry":{"type":"Point","coordinates":[-3.63439,40.4034]},"properties":{"stop_id":"1056","stop_code":"1056","stop_name":"Fuente Carrantona - Luis De Hoyos","routes":["100","140","404","508"]}},{"type":"Feature","geometry":{"type":"Point","coordinates":[-3.6348,40.40335]},"properties":{"stop_id":"1057","stop_code":"1057","stop_name":"Fuente Carrantona - Luis De Hoyos","routes":["100","140","404","508"]}},{"type":"Feature","geometry":{"type":"Point","coordinates":[-3.63134,40.40716]},"properties":{"stop_id":"1058","stop_code":"1058","stop_name":"Fuente Carrantona - García Tapia","routes":["100","140","404"]}},{"type":"Feature","geometry":{"type":"Point","coordinates":[-3.6318,40.4074]},"properties":{"stop_id":"1059","stop_code":"1059","stop_name":"Fuente Carrantona - García Tapia","routes":["100","140","404"]}},{"type":"Feature","geometry":{"type":"Point","coordinates":[-3.61775,40.40553]},"properties":{"stop_id":"1060","stop_code":"1060","stop_name":"Plaza Alosno","routes":["100"]}},{"type":"Feature","geometry":{"type":"Point","coordinates":[-3.6181,40.40583]},"properties":{"stop_id":"1061","stop_code":"1061","stop_name":"Plaza Alosno - Camino Viejo Vicálvaro","routes":["100"]}},{"type":"Feature","geometry":{"type":"Point","coordinates":[-3.61631,40.40546]},"properties":{"stop_id":"1062","stop_code":"1062","stop_name":"Plaza Alosno","routes":["100","130"]}},{"type":"Feature","geometry":{"type":"Point","coordinates":[-3.61484,40.40748]},"properties":{"stop_id":"1064","stop_code":"1064","stop_name":"Avenida De Daroca - Casalarreina","routes":["100","130","403","405"]}},{"type":"Feature","geometry":{"type":"Point","coordinates":[-3.61466,40.40778]},"properties":{"stop_id":"1065","stop_code":"1065","stop_name":"Avenida De Daroca - Casalarreina","routes":["004","403","405"]}},{"type":"Feature","geometry":{"type":"Point","coordinates":[-3.6131,40.40627]},"properties":{"stop_id":"1066","stop_code":"1066","stop_name":"Avenida De Daroca - Calahorra","routes":["004","100","106","130","507"]}},{"type":"Feature","geometry":{"type":"Point","coordinates":[-3.61037,40.40439]},"properties":{"stop_id":"1067","stop_code":"1067","stop_name":"Avenida De Daroca - Campus Universitario","routes":["004","100","106","130"]}},{"type":"Feature","geometry":{"type":"Point","coordinates":[-3.60467,40.40418]},"properties":{"stop_id":"1069","stop_code":"1069","stop_name":"San Cipriano","routes":["004","106","403","405","507"]}},{"type":"Feature","geometry":{"type":"Point","coordinates":[-3.60612,40.425]},"properties":{"stop_id":"1070","stop_code":"1070","stop_name":"Las Rosas","routes":["153","506"]}},{"type":"Feature","geometry":{"type":"Point","coordinates":[-3.60495,40.42387]},"properties":{"stop_id":"1072","stop_code":"1072","stop_name":"Ginebra - Suecia","routes":["153"]}},{"type":"Feature","geometry":{"type":"Point","coordinates":[-3.59612,40.40127]},"properties":{"stop_id":"1073","stop_code":"1073","stop_name":"Puerta Arganda","routes":["004"]}},{"type":"Feature","geometry":{"type":"Point","coordinates":[-3.6085,40.40437]},"properties":{"stop_id":"1074","stop_code":"1074","stop_name":"Metro Vicálvaro","routes":["004","106","403","405","507"]}},{"type":"Feature","geometry":{"type":"Point","coordinates":[-3.60901,40.40588]},"properties":{"stop_id":"1075","stop_code":"1075","stop_name":"Artilleros - Campus Universitario","routes":["100"]}},{"type":"Feature","geometry":{"type":"Point","coordinates":[-3.61118,40.40781]},"properties":{"stop_id":"1076","stop_code":"1076","stop_name":"Calahorra","routes":["004","106","130","507"]}},{"type":"Feature","geometry":{"type":"Point","coordinates":[-3.61323,40.40724]},"properties":{"stop_id":"1077","stop_code":"1077","stop_name":"Avenida De Daroca - Calahorra","routes":["130"]}},{"type":"Feature","geometry":{"type":"Point","coordinates":[-3.65799,40.43076]},"properties":{"stop_id":"1078","stop_code":"1078","stop_name":"Avenida De Daroca - Ricardo Ortiz","routes":["106","110","210","507"]}},{"type":"Feature","geometry":{"type":"Point","coordinates":[-3.65307,40.42941]},"properties":{"stop_id":"1079","stop_code":"1079","stop_name":"Avenida De Daroca - Mateo García","routes":["106","507"]}},{"type":"Feature","geometry":{"type":"Point","coordinates":[-3.64795,40.42751]},"properties":{"stop_id":"1080","stop_code":"1080","stop_name":"Avenida De Daroca - Santa Prisca","routes":["106","507"]}},{"type":"Feature","geometry":{"type":"Point","coordinates":[-3.64804,40.4277]},"properties":{"stop_id":"1081","stop_code":"1081","stop_name":"Avenida De Daroca - Santa Prisca","routes":["106","507"]}},{"type":"Feature","geometry":{"type":"Point","coordinates":[-3.64491,40.42599]},"properties":{"stop_id":"1082","stop_code":"1082","stop_name":"Cementerio La Almudena","routes":["106","507"]}},{"type":"Feature","geometry":{"type":"Point","coordinates":[-3.64508,40.42637]},"properties":{"stop_id":"1083","stop_code":"1083","stop_name":"Cementerio La Almudena","routes":["106","507"]}},{"type":"Feature","geometry":{"type":"Point","coordinates":[-3.63854,40.42315]},"properties":{"stop_id":"1084","stop_code":"1084","stop_name":"Largo Caballero - Avenida Daroca","routes":["106","507"]}},{"type":"Feature","geometry":{"type":"Point","coordinates":[-3.63999,40.42377]},"properties":{"stop_id":"1085","stop_code":"1085","stop_name":"Avenida De Daroca - Arriaga","routes":["106","507"]}},{"type":"Feature","geometry":{"type":"Point","coordinates":[-3.63756,40.42337]},"properties":{"stop_id":"1086","stop_code":"1086","stop_name":"Largo Caballero - Avenida Daroca","routes":["106"]}},{"type":"Feature","geometry":{"type":"Point","coordinates":[-3.61547,40.42484]},"properties":{"stop_id":"1087","stop_code":"1087","stop_name":"Arcos De Jalón - Albericia","routes":["153"]}},{"type":"Feature","geometry":{"type":"Point","coordinates":[-3.62042,40.43604]},"properties":{"stop_id":"1088","stop_code":"1088","stop_name":"San Romualdo - Cronos","routes":["153"]}},{"type":"Feature","geometry":{"type":"Point","coordinates":[-3.62066,40.43587]},"properties":{"stop_id":"1089","stop_code":"1089","stop_name":"San Romualdo - Cronos","routes":["153"]}},{"type":"Feature","geometry":{"type":"Point","coordinates":[-3.65257,40.42971]},"properties":{"stop_id":"1091","stop_code":"1091","stop_name":"Avenida De Daroca - Mateo García","routes":["106","507"]}},{"type":"Feature","geometry":{"type":"Point","coordinates":[-3.65465,40.43234]},"properties":{"stop_id":"1092","stop_code":"1092","stop_name":"Alcalá - Alcalde López Casero","routes":["106","507"]}},{"type":"Feature","geometry":{"type":"Point","coordinates":[-3.66674,40.37524]},"properties":{"stop_id":"1093","stop_code":"1093","stop_name":"Barros - Villuercas","routes":["102","103","511"]}},{"type":"Feature","geometry":{"type":"Point","coordinates":[-3.6662,40.37677]},"properties":{"stop_id":"1094","stop_code":"1094","stop_name":"Cazorla - Alcores","routes":["103","511"]}},{"type":"Feature","geometry":{"type":"Point","coordinates":[-3.66831,40.37817]},"properties":{"stop_id":"1095","stop_code":"1095","stop_name":"Pedroches - Benamejí","routes":["103","511"]}},{"type":"Feature","geometry":{"type":"Point","coordinates":[-3.67059,40.38023]},"properties":{"stop_id":"1096","stop_code":"1096","stop_name":"Plaza De Las Regiones","routes":["024","103","111"]}},{"type":"Feature","geometry":{"type":"Point","coordinates":[-3.66899,40.38139]},"properties":{"stop_id":"1097","stop_code":"1097","stop_name":"Entrevías Cercanías","routes":["103","111"]}},{"type":"Feature","geometry":{"type":"Point","coordinates":[-3.66934,40.3813]},"properties":{"stop_id":"1098","stop_code":"1098","stop_name":"Entrevías Cercanías","routes":["103","111"]}},{"type":"Feature","geometry":{"type":"Point","coordinates":[-3.66765,40.38238]},"properties":{"stop_id":"1099","stop_code":"1099","stop_name":"Vizconde Arlesson - Puerto Balbarán","routes":["103","111","144"]}},{"type":"Feature","geometry":{"type":"Point","coordinates":[-3.66658,40.38349]},"properties":{"stop_id":"1100","stop_code":"1100","stop_name":"Puerto De La Morcuera","routes":["103","111","144"]}},{"type":"Feature","geometry":{"type":"Point","coordinates":[-3.66645,40.38578]},"properties":{"stop_id":"1101","stop_code":"1101","stop_name":"Carlos Martín Álvarez - San Diego","routes":["103","111"]}},{"type":"Feature","geometry":{"type":"Point","coordinates":[-3.66473,40.38781]},"properties":{"stop_id":"1102","stop_code":"1102","stop_name":"Carlos Martín Álvarez - Martínez Riva","routes":["103","111"]}},{"type":"Feature","geometry":{"type":"Point","coordinates":[-3.6637,40.3888]},"properties":{"stop_id":"1103","stop_code":"1103","stop_name":"Carlos Martín Álvarez - Javier De Miguel","routes":["103","310","510"]}},{"type":"Feature","geometry":{"type":"Point","coordinates":[-3.66351,40.389]},"properties":{"stop_id":"1104","stop_code":"1104","stop_name":"Carlos Martín Álvarez - Javier De Miguel","routes":["103","310"]}},{"type":"Feature","geometry":{"type":"Point","coordinates":[-3.66076,40.38766]},"properties":{"stop_id":"1105","stop_code":"1105","stop_name":"Javier De Miguel - Payaso Fofó","routes":["103","310","510"]}},{"type":"Feature","geometry":{"type":"Point","coordinates":[-3.66115,40.38805]},"properties":{"stop_id":"1106","stop_code":"1106","stop_name":"Javier De Miguel - Payaso Fofó","routes":["103","310"]}},{"type":"Feature","geometry":{"type":"Point","coordinates":[-3.66018,40.39031]},"properties":{"stop_id":"1107","stop_code":"1107","stop_name":"Payaso Fofó - Arroyo Del Olivar","routes":["103"]}},{"type":"Feature","geometry":{"type":"Point","coordinates":[-3.66039,40.39031]},"properties":{"stop_id":"1108","stop_code":"1108","stop_name":"Payaso Fofó - Arroyo Del Olivar","routes":["103"]}},{"type":"Feature","geometry":{"type":"Point","coordinates":[-3.65944,40.39202]},"properties":{"stop_id":"1109","stop_code":"1109","stop_name":"Estadio De Vallecas","routes":["103"]}},{"type":"Feature","geometry":{"type":"Point","coordinates":[-3.65974,40.39217]},"properties":{"stop_id":"1110","stop_code":"1110","stop_name":"Estadio De Vallecas","routes":["103"]}},{"type":"Feature","geometry":{"type":"Point","coordinates":[-3.66458,40.38724]},"properties":{"stop_id":"1111","stop_code":"1111","stop_name":"Martínez De La Riva - Puerto Bonaigua","routes":["103","111","144"]}},{"type":"Feature","geometry":{"type":"Point","coordinates":[-3.66611,40.38543]},"properties":{"stop_id":"1112","stop_code":"1112","stop_name":"Puerto De La Bonaigua - San Diego","routes":["103","111","144","511"]}},{"type":"Feature","geometry":{"type":"Point","coordinates":[-3.66735,40.38406]},"properties":{"stop_id":"1113","stop_code":"1113","stop_name":"Imagen - Puerto De La Morcuera","routes":["103","111","144"]}},{"type":"Feature","geometry":{"type":"Point","coordinates":[-3.66835,40.38297]},"properties":{"stop_id":"1114","stop_code":"1114","stop_name":"Imagen - Puerto Balbarán","routes":["103","111","144"]}},{"type":"Feature","geometry":{"type":"Point","coordinates":[-3.671,40.37967]},"properties":{"stop_id":"1115","stop_code":"1115","stop_name":"Plaza De Las Regiones","routes":["103","511"]}},{"type":"Feature","geometry":{"type":"Point","coordinates":[-3.6685,40.37743]},"properties":{"stop_id":"1116","stop_code":"1116","stop_name":"Serena - Campiña","routes":["103","511"]}},{"type":"Feature","geometry":{"type":"Point","coordinates":[-3.71415,40.40049]},"properties":{"stop_id":"1117","stop_code":"1117","stop_name":"Pirámides - Yeserías","routes":["018"]}},{"type":"Feature","geometry":{"type":"Point","coordinates":[-3.70886,40.39837]},"properties":{"stop_id":"1118","stop_code":"1118","stop_name":"Parque De La Arganzuela","routes":["018","512"]}},{"type":"Feature","geometry":{"type":"Point","coordinates":[-3.70867,40.39856]},"properties":{"stop_id":"1119","stop_code":"1119","stop_name":"Parque De La Arganzuela","routes":["018","512"]}},{"type":"Feature","geometry":{"type":"Point","coordinates":[-3.70253,40.39618]},"properties":{"stop_id":"1120","stop_code":"1120","stop_name":"La Chopera - Puente Praga","routes":["018","062","512"]}},{"type":"Feature","geometry":{"type":"Point","coordinates":[-3.70232,40.39645]},"properties":{"stop_id":"1121","stop_code":"1121","stop_name":"La Chopera - Puente Praga","routes":["018","062","512"]}},{"type":"Feature","geometry":{"type":"Point","coordinates":[-3.69833,40.39333]},"properties":{"stop_id":"1122","stop_code":"1122","stop_name":"Casa Del Reloj","routes":["006","018","078","148","512","514"]}},{"type":"Feature","geometry":{"type":"Point","coordinates":[-3.69786,40.39329]},"properties":{"stop_id":"1123","stop_code":"1123","stop_name":"Casa Del Reloj","routes":["006","018","078","148","512","514"]}},{"type":"Feature","geometry":{"type":"Point","coordinates":[-3.69599,40.39166]},"properties":{"stop_id":"1124","stop_code":"1124","stop_name":"Legazpi - Matadero","routes":["006","018","078","148","512","514"]}},{"type":"Feature","geometry":{"type":"Point","coordinates":[-3.69598,40.39202]},"properties":{"stop_id":"1125","stop_code":"1125","stop_name":"Legazpi - Matadero","routes":["006","018","078","148","512","514"]}},{"type":"Feature","geometry":{"type":"Point","coordinates":[-3.69589,40.37657]},"properties":{"stop_id":"1132","stop_code":"1132","stop_name":"Hospital 12 De Octubre","routes":["018","022","059","076","079","085","086","513","514"]}},{"type":"Feature","geometry":{"type":"Point","coordinates":[-3.61576,40.44115]},"properties":{"stop_id":"1133","stop_code":"1133","stop_name":"Avenida De Canillejas - Néctar","routes":["153"]}},{"type":"Feature","geometry":{"type":"Point","coordinates":[-3.6946,40.37351]},"properties":{"stop_id":"1134","stop_code":"1134","stop_name":"Avenida De Andalucía - San Fermín","routes":["018","022","059","076","079","085","086","513","514","515"]}},{"type":"Feature","geometry":{"type":"Point","coordinates":[-3.69472,40.37042]},"properties":{"stop_id":"1135","stop_code":"1135","stop_name":"San Fermín - Orcasur","routes":["018","022","059","079","085","086","513","514"]}},{"type":"Feature","geometry":{"type":"Point","coordinates":[-3.69426,40.37026]},"properties":{"stop_id":"1136","stop_code":"1136","stop_name":"San Fermín - Orcasur","routes":["018","022","059","079","085","086","513","514"]}},{"type":"Feature","geometry":{"type":"Point","coordinates":[-3.69453,40.36797]},"properties":{"stop_id":"1137","stop_code":"1137","stop_name":"Avenida De Andalucía - Avenida Los Rosales","routes":["018","022","059","079","085","086","513","514"]}},{"type":"Feature","geometry":{"type":"Point","coordinates":[-3.69403,40.3682]},"properties":{"stop_id":"1138","stop_code":"1138","stop_name":"Avenida De Andalucía - Avenida Los Rosales","routes":["018","022","059","079","085","086","513","514"]}},{"type":"Feature","geometry":{"type":"Point","coordinates":[-3.69551,40.3606]},"properties":{"stop_id":"1139","stop_code":"1139","stop_name":"Verbena De La Paloma - La Chulapona","routes":["018","086","514"]}},{"type":"Feature","geometry":{"type":"Point","coordinates":[-3.69539,40.36034]},"properties":{"stop_id":"1140","stop_code":"1140","stop_name":"Verbena De La Paloma - La Chulapona","routes":["018","086","514"]}},{"type":"Feature","geometry":{"type":"Point","coordinates":[-3.69622,40.35859]},"properties":{"stop_id":"1141","stop_code":"1141","stop_name":"Verbena De La Paloma - Soto Del Parral","routes":["018","086"]}},{"type":"Feature","geometry":{"type":"Point","coordinates":[-3.69586,40.35798]},"properties":{"stop_id":"1142","stop_code":"1142","stop_name":"Verbena De La Paloma - Soto Del Parral","routes":["018","086"]}},{"type":"Feature","geometry":{"type":"Point","coordinates":[-3.69673,40.3565]},"properties":{"stop_id":"1143","stop_code":"1143","stop_name":"Bohemios - La Del Manojo De Rosas","routes":["018","086","514"]}},{"type":"Feature","geometry":{"type":"Point","coordinates":[-3.69799,40.35494]},"properties":{"stop_id":"1144","stop_code":"1144","stop_name":"La Del Manojo De Rosas - Doña Francisquita","routes":["018","086","116"]}},{"type":"Feature","geometry":{"type":"Point","coordinates":[-3.69885,40.353]},"properties":{"stop_id":"1145","stop_code":"1145","stop_name":"La Del Manojo De Rosas - Anoeta","routes":["018","086","116","514"]}},{"type":"Feature","geometry":{"type":"Point","coordinates":[-3.69732,40.35261]},"properties":{"stop_id":"1146","stop_code":"1146","stop_name":"Anoeta - Arechavaleta","routes":["018","086","116","514"]}},{"type":"Feature","geometry":{"type":"Point","coordinates":[-3.69513,40.3535]},"properties":{"stop_id":"1147","stop_code":"1147","stop_name":"Alegría De La Huerta - Anoeta","routes":["018","086","116","514"]}},{"type":"Feature","geometry":{"type":"Point","coordinates":[-3.69541,40.35615]},"properties":{"stop_id":"1148","stop_code":"1148","stop_name":"Alegría De La Huerta - Bohemios","routes":["018","086","116","514"]}},{"type":"Feature","geometry":{"type":"Point","coordinates":[-3.73979,40.38487]},"properties":{"stop_id":"1149","stop_code":"1149","stop_name":"General Ricardos - Marcelino Camacho","routes":["035","517"]}},{"type":"Feature","geometry":{"type":"Point","coordinates":[-3.7428,40.38689]},"properties":{"stop_id":"1150","stop_code":"1150","stop_name":"Marcelino Camacho - Fátima","routes":["035","517"]}},{"type":"Feature","geometry":{"type":"Point","coordinates":[-3.74615,40.38538]},"properties":{"stop_id":"1151","stop_code":"1151","stop_name":"Guabairo","routes":["017","035","517","526"]}},{"type":"Feature","geometry":{"type":"Point","coordinates":[-3.74788,40.38256]},"properties":{"stop_id":"1152","stop_code":"1152","stop_name":"Polideportivo La Mina","routes":["035","517"]}},{"type":"Feature","geometry":{"type":"Point","coordinates":[-3.7477,40.38252]},"properties":{"stop_id":"1153","stop_code":"1153","stop_name":"Polideportivo La Mina","routes":["035","517"]}},{"type":"Feature","geometry":{"type":"Point","coordinates":[-3.74859,40.38046]},"properties":{"stop_id":"1154","stop_code":"1154","stop_name":"Codorniz","routes":["035","517"]}},{"type":"Feature","geometry":{"type":"Point","coordinates":[-3.74842,40.38028]},"properties":{"stop_id":"1155","stop_code":"1155","stop_name":"Codorniz","routes":["035","517"]}},{"type":"Feature","geometry":{"type":"Point","coordinates":[-3.74879,40.3783]},"properties":{"stop_id":"1156","stop_code":"1156","stop_name":"Eugenia De Montijo - Fátima","routes":["035","517"]}},{"type":"Feature","geometry":{"type":"Point","coordinates":[-3.74864,40.37846]},"properties":{"stop_id":"1157","stop_code":"1157","stop_name":"Eugenia De Montijo - Fátima","routes":["035","517"]}},{"type":"Feature","geometry":{"type":"Point","coordinates":[-3.75331,40.36979]},"properties":{"stop_id":"1158","stop_code":"1158","stop_name":"Avenida Carabanchel Alto - Gómez Arteche","routes":["035","047","517"]}},{"type":"Feature","geometry":{"type":"Point","coordinates":[-3.75465,40.36872]},"properties":{"stop_id":"1159","stop_code":"1159","stop_name":"Alfredo Aleix - Centro Integrado","routes":["035","047","517"]}},{"type":"Feature","geometry":{"type":"Point","coordinates":[-3.75808,40.3681]},"properties":{"stop_id":"1160","stop_code":"1160","stop_name":"Alfredo Aleix - Gómez Arteche","routes":["035","047","517"]}},{"type":"Feature","geometry":{"type":"Point","coordinates":[-3.7612,40.36719]},"properties":{"stop_id":"1161","stop_code":"1161","stop_name":"Piqueñas - Jacobeo","routes":["035","047","517"]}},{"type":"Feature","geometry":{"type":"Point","coordinates":[-3.76035,40.36916]},"properties":{"stop_id":"1162","stop_code":"1162","stop_name":"Carabanchel Alto","routes":["035","047","517"]}},{"type":"Feature","geometry":{"type":"Point","coordinates":[-3.75804,40.36842]},"properties":{"stop_id":"1163","stop_code":"1163","stop_name":"Marianistas","routes":["035","047"]}},{"type":"Feature","geometry":{"type":"Point","coordinates":[-3.75591,40.36916]},"properties":{"stop_id":"1164","stop_code":"1164","stop_name":"Gómez Arteche - Alzina","routes":["035","047","517"]}},{"type":"Feature","geometry":{"type":"Point","coordinates":[-3.75343,40.37017]},"properties":{"stop_id":"1165","stop_code":"1165","stop_name":"Avenida Carabanchel Alto - Gómez Arteche","routes":["035","047","517"]}},{"type":"Feature","geometry":{"type":"Point","coordinates":[-3.69055,40.40768]},"properties":{"stop_id":"1166","stop_code":"1166","stop_name":"Estación De Atocha","routes":["019"]}},{"type":"Feature","geometry":{"type":"Point","coordinates":[-3.69352,40.40756]},"properties":{"stop_id":"1167","stop_code":"1167","stop_name":"Museo Reina Sofía","routes":["006","059","085","401","514"]}},{"type":"Feature","geometry":{"type":"Point","coordinates":[-3.69705,40.39735]},"properties":{"stop_id":"1168","stop_code":"1168","stop_name":"Embajadores - Batalla Del Salado","routes":["059","085"]}},{"type":"Feature","geometry":{"type":"Point","coordinates":[-3.75139,40.36196]},"properties":{"stop_id":"1169","stop_code":"1169","stop_name":"La Peseta - Corona","routes":["035","118","155"]}},{"type":"Feature","geometry":{"type":"Point","coordinates":[-3.69517,40.3919]},"properties":{"stop_id":"1170","stop_code":"1170","stop_name":"Legazpi","routes":["008","019","045","047","059","062","076","085","086","247"]}},{"type":"Feature","geometry":{"type":"Point","coordinates":[-3.69476,40.3921]},"properties":{"stop_id":"1171","stop_code":"1171","stop_name":"Legazpi","routes":["019"]}},{"type":"Feature","geometry":{"type":"Point","coordinates":[-3.69367,40.36059]},"properties":{"stop_id":"1172","stop_code":"1172","stop_name":"Avenida De Andalucía - Centro Comercial","routes":["022","059","079","085"]}},{"type":"Feature","geometry":{"type":"Point","coordinates":[-3.69335,40.36079]},"properties":{"stop_id":"1173","stop_code":"1173","stop_name":"Avenida De Andalucía - Centro Comercial","routes":["022","059","079","085"]}},{"type":"Feature","geometry":{"type":"Point","coordinates":[-3.69329,40.35591]},"properties":{"stop_id":"1174","stop_code":"1174","stop_name":"Bohemios - Sáhara","routes":["022","059","079","085"]}},{"type":"Feature","geometry":{"type":"Point","coordinates":[-3.69291,40.35619]},"properties":{"stop_id":"1175","stop_code":"1175","stop_name":"Bohemios - Sáhara","routes":["022","059","079","085"]}},{"type":"Feature","geometry":{"type":"Point","coordinates":[-3.69328,40.35048]},"properties":{"stop_id":"1176","stop_code":"1176","stop_name":"Villaverde Cruce","routes":["059","079","513"]}},{"type":"Feature","geometry":{"type":"Point","coordinates":[-3.69289,40.35091]},"properties":{"stop_id":"1177","stop_code":"1177","stop_name":"Villaverde Cruce","routes":["059","079","513"]}},{"type":"Feature","geometry":{"type":"Point","coordinates":[-3.69323,40.34456]},"properties":{"stop_id":"1178","stop_code":"1178","stop_name":"María Droc - San Dalmacio","routes":["059","079","513"]}},{"type":"Feature","geometry":{"type":"Point","coordinates":[-3.69112,40.34516]},"properties":{"stop_id":"1179","stop_code":"1179","stop_name":"Burjasot","routes":["059","079","513"]}},{"type":"Feature","geometry":{"type":"Point","coordinates":[-3.68846,40.34271]},"properties":{"stop_id":"1180","stop_code":"1180","stop_name":"San Cristóbal","routes":["059","079","513"]}},{"type":"Feature","geometry":{"type":"Point","coordinates":[-3.69202,40.34199]},"properties":{"stop_id":"1181","stop_code":"1181","stop_name":"Rocafort - Moncada","routes":["059","079","513"]}},{"type":"Feature","geometry":{"type":"Point","coordinates":[-3.69446,40.39535]},"properties":{"stop_id":"1182","stop_code":"1182","stop_name":"Beata","routes":["008","019","045","047","059","085","086","247"]}},{"type":"Feature","geometry":{"type":"Point","coordinates":[-3.69388,40.40028]},"properties":{"stop_id":"1183","stop_code":"1183","stop_name":"Estación De Delicias","routes":["019","045","047","059","085","086","247"]}},{"type":"Feature","geometry":{"type":"Point","coordinates":[-3.69353,40.40274]},"properties":{"stop_id":"1184","stop_code":"1184","stop_name":"Metro Palos De La Frontera","routes":["006","019","045","047","055","059","085","086","247","514"]}},{"type":"Feature","geometry":{"type":"Point","coordinates":[-3.61322,40.45166]},"properties":{"stop_id":"1185","stop_code":"1185","stop_name":"Glorieta De La Medusa","routes":["105","115","153"]}},{"type":"Feature","geometry":{"type":"Point","coordinates":[-3.69631,40.40057]},"properties":{"stop_id":"1186","stop_code":"1186","stop_name":"Ferrocarril","routes":["008","019","045","047","086","247"]}},{"type":"Feature","geometry":{"type":"Point","coordinates":[-3.69663,40.39753]},"properties":{"stop_id":"1187","stop_code":"1187","stop_name":"Batalla Del Salado - Embajadores","routes":["008","019","045","047","086","247"]}},{"type":"Feature","geometry":{"type":"Point","coordinates":[-3.69539,40.39498]},"properties":{"stop_id":"1188","stop_code":"1188","stop_name":"Beata","routes":["008","019","045","047","059","085","086","247"]}},{"type":"Feature","geometry":{"type":"Point","coordinates":[-3.69891,40.35135]},"properties":{"stop_id":"1189","stop_code":"1189","stop_name":"Virgen De Los Desamparados - Totanes","routes":["018","086","116","514"]}},{"type":"Feature","geometry":{"type":"Point","coordinates":[-3.69863,40.35099]},"properties":{"stop_id":"1190","stop_code":"1190","stop_name":"Virgen De Los Desamparados - Totanés","routes":["018","086","116","514"]}},{"type":"Feature","geometry":{"type":"Point","coordinates":[-3.70108,40.34982]},"properties":{"stop_id":"1191","stop_code":"1191","stop_name":"Alcocer - Paseo Talleres","routes":["022","086","130","514"]}},{"type":"Feature","geometry":{"type":"Point","coordinates":[-3.69988,40.3495]},"properties":{"stop_id":"1192","stop_code":"1192","stop_name":"Alcocer - Paseo Talleres","routes":["022","086","130","514"]}},{"type":"Feature","geometry":{"type":"Point","coordinates":[-3.7059,40.35009]},"properties":{"stop_id":"1193","stop_code":"1193","stop_name":"Puente Alcocer","routes":["022","076","086","130","514"]}},{"type":"Feature","geometry":{"type":"Point","coordinates":[-3.70538,40.34985]},"properties":{"stop_id":"1194","stop_code":"1194","stop_name":"Puente Alcocer","routes":["022","076","086","130","514"]}},{"type":"Feature","geometry":{"type":"Point","coordinates":[-3.70665,40.34708]},"properties":{"stop_id":"1195","stop_code":"1195","stop_name":"Doctor Pérez Domínguez","routes":["022","079","086","130","131","514"]}},{"type":"Feature","geometry":{"type":"Point","coordinates":[-3.70875,40.34671]},"properties":{"stop_id":"1196","stop_code":"1196","stop_name":"Villaverde Alto","routes":["086","131","514"]}},{"type":"Feature","geometry":{"type":"Point","coordinates":[-3.70645,40.34614]},"properties":{"stop_id":"1198","stop_code":"1198","stop_name":"Doctor Martín Arévalo","routes":["022","086","130","131"]}},{"type":"Feature","geometry":{"type":"Point","coordinates":[-3.63868,40.43815]},"properties":{"stop_id":"1199","stop_code":"1199","stop_name":"Ciudad Lineal","routes":["004","077","104","109","113"]}},{"type":"Feature","geometry":{"type":"Point","coordinates":[-3.62542,40.4221]},"properties":{"stop_id":"1200","stop_code":"1200","stop_name":"Pobladura Del Valle - Arcos De Jalón","routes":["004"]}},{"type":"Feature","geometry":{"type":"Point","coordinates":[-3.62508,40.42219]},"properties":{"stop_id":"1201","stop_code":"1201","stop_name":"Pobladura Del Valle - Arcos De Jalón","routes":["004"]}},{"type":"Feature","geometry":{"type":"Point","coordinates":[-3.62191,40.42059]},"properties":{"stop_id":"1202","stop_code":"1202","stop_name":"Arcos De Jalón - San Román Del Valle","routes":["004"]}},{"type":"Feature","geometry":{"type":"Point","coordinates":[-3.62197,40.42082]},"properties":{"stop_id":"1203","stop_code":"1203","stop_name":"Arcos De Jalón - San Román Del Valle","routes":["004"]}},{"type":"Feature","geometry":{"type":"Point","coordinates":[-3.61832,40.42271]},"properties":{"stop_id":"1204","stop_code":"1204","stop_name":"Arcos De Jalón - Amposta","routes":["004"]}},{"type":"Feature","geometry":{"type":"Point","coordinates":[-3.6186,40.42278]},"properties":{"stop_id":"1205","stop_code":"1205","stop_name":"Arcos De Jalón - Amposta","routes":["004"]}},{"type":"Feature","geometry":{"type":"Point","coordinates":[-3.61582,40.42439]},"properties":{"stop_id":"1206","stop_code":"1206","stop_name":"Arcos De Jalón - Albericia","routes":["004"]}},{"type":"Feature","geometry":{"type":"Point","coordinates":[-3.61601,40.42457]},"properties":{"stop_id":"1207","stop_code":"1207","stop_name":"Arcos De Jalón - Albericia","routes":["004"]}},{"type":"Feature","geometry":{"type":"Point","coordinates":[-3.61292,40.42259]},"properties":{"stop_id":"1208","stop_code":"1208","stop_name":"Avenida De Guadalajara - Albericia","routes":["153"]}},{"type":"Feature","geometry":{"type":"Point","coordinates":[-3.61266,40.42275]},"properties":{"stop_id":"1209","stop_code":"1209","stop_name":"Avenida De Guadalajara - Albericia","routes":["153"]}},{"type":"Feature","geometry":{"type":"Point","coordinates":[-3.61118,40.41949]},"properties":{"stop_id":"1210","stop_code":"1210","stop_name":"Avenida De Canillejas - Toscana","routes":["004","106","159"]}},{"type":"Feature","geometry":{"type":"Point","coordinates":[-3.61089,40.41958]},"properties":{"stop_id":"1211","stop_code":"1211","stop_name":"Avenida De Canillejas - Toscana","routes":["004","106","159"]}},{"type":"Feature","geometry":{"type":"Point","coordinates":[-3.60972,40.40817]},"properties":{"stop_id":"1213","stop_code":"1213","stop_name":"Artilleros - Calahorra","routes":["004","100","106"]}},{"type":"Feature","geometry":{"type":"Point","coordinates":[-3.61384,40.4087]},"properties":{"stop_id":"1214","stop_code":"1214","stop_name":"Casalarreina - Daroca","routes":["004"]}},{"type":"Feature","geometry":{"type":"Point","coordinates":[-3.61071,40.40936]},"properties":{"stop_id":"1215","stop_code":"1215","stop_name":"Plaza De La Vicalvarada","routes":["004"]}},{"type":"Feature","geometry":{"type":"Point","coordinates":[-3.71857,40.42982]},"properties":{"stop_id":"1217","stop_code":"1217","stop_name":"Marqués De Urquijo","routes":["021"]}},{"type":"Feature","geometry":{"type":"Point","coordinates":[-3.71971,40.42971]},"properties":{"stop_id":"1218","stop_code":"1218","stop_name":"Marqués De Urquijo - Teleférico","routes":["021"]}},{"type":"Feature","geometry":{"type":"Point","coordinates":[-3.71559,40.4305]},"properties":{"stop_id":"1219","stop_code":"1219","stop_name":"Argüelles","routes":["021"]}},{"type":"Feature","geometry":{"type":"Point","coordinates":[-3.71517,40.43072]},"properties":{"stop_id":"1220","stop_code":"1220","stop_name":"Argüelles","routes":["021"]}},{"type":"Feature","geometry":{"type":"Point","coordinates":[-3.71233,40.43041]},"properties":{"stop_id":"1221","stop_code":"1221","stop_name":"Alberto Aguilera - Blasco De Garay","routes":["021","362","363"]}},{"type":"Feature","geometry":{"type":"Point","coordinates":[-3.71098,40.42997]},"properties":{"stop_id":"1222","stop_code":"1222","stop_name":"Alberto Aguilera - Galileo","routes":["021","363"]}},{"type":"Feature","geometry":{"type":"Point","coordinates":[-3.70678,40.42959]},"properties":{"stop_id":"1223","stop_code":"1223","stop_name":"Metro San Bernardo","routes":["021","363"]}},{"type":"Feature","geometry":{"type":"Point","coordinates":[-3.70711,40.42989]},"properties":{"stop_id":"1224","stop_code":"1224","stop_name":"Metro San Bernardo","routes":["021","363"]}},{"type":"Feature","geometry":{"type":"Point","coordinates":[-3.70296,40.42929]},"properties":{"stop_id":"1226","stop_code":"1226","stop_name":"Bilbao","routes":["021","147","363"]}},{"type":"Feature","geometry":{"type":"Point","coordinates":[-3.69899,40.42822]},"properties":{"stop_id":"1227","stop_code":"1227","stop_name":"Sagasta","routes":["021","037","363","523"]}},{"type":"Feature","geometry":{"type":"Point","coordinates":[-3.69903,40.42856]},"properties":{"stop_id":"1228","stop_code":"1228","stop_name":"Sagasta","routes":["021","363"]}},{"type":"Feature","geometry":{"type":"Point","coordinates":[-3.69513,40.42728]},"properties":{"stop_id":"1229","stop_code":"1229","stop_name":"Alonso Martínez","routes":["021","037","363","523"]}},{"type":"Feature","geometry":{"type":"Point","coordinates":[-3.69507,40.42751]},"properties":{"stop_id":"1230","stop_code":"1230","stop_name":"Alonso Martínez","routes":["021","363","523"]}},{"type":"Feature","geometry":{"type":"Point","coordinates":[-3.69202,40.426]},"properties":{"stop_id":"1232","stop_code":"1232","stop_name":"Metro Colón","routes":["021","363","523","525","526"]}},{"type":"Feature","geometry":{"type":"Point","coordinates":[-3.66184,40.43154]},"properties":{"stop_id":"1233","stop_code":"1233","stop_name":"Ventas","routes":["021","053"]}},{"type":"Feature","geometry":{"type":"Point","coordinates":[-3.66085,40.43491]},"properties":{"stop_id":"1234","stop_code":"1234","stop_name":"Puente Calero","routes":["021"]}},{"type":"Feature","geometry":{"type":"Point","coordinates":[-3.66117,40.43494]},"properties":{"stop_id":"1235","stop_code":"1235","stop_name":"Puente Calero","routes":["021"]}},{"type":"Feature","geometry":{"type":"Point","coordinates":[-3.65841,40.43488]},"properties":{"stop_id":"1236","stop_code":"1236","stop_name":"Avenida Donostiarra","routes":["021","048"]}},{"type":"Feature","geometry":{"type":"Point","coordinates":[-3.65849,40.43509]},"properties":{"stop_id":"1237","stop_code":"1237","stop_name":"Avenida Donostiarra","routes":["021","048"]}},{"type":"Feature","geometry":{"type":"Point","coordinates":[-3.65527,40.43438]},"properties":{"stop_id":"1238","stop_code":"1238","stop_name":"Virgen De Lluc - José Banús","routes":["021"]}},{"type":"Feature","geometry":{"type":"Point","coordinates":[-3.6554,40.43471]},"properties":{"stop_id":"1239","stop_code":"1239","stop_name":"Virgen De Lluc - José Banús","routes":["021"]}},{"type":"Feature","geometry":{"type":"Point","coordinates":[-3.65241,40.43478]},"properties":{"stop_id":"1240","stop_code":"1240","stop_name":"Virgen De Lluc - José Del Hierro","routes":["021"]}},{"type":"Feature","geometry":{"type":"Point","coordinates":[-3.64941,40.43644]},"properties":{"stop_id":"1241","stop_code":"1241","stop_name":"José Del Hierro - Polideportivo","routes":["021"]}},{"type":"Feature","geometry":{"type":"Point","coordinates":[-3.65086,40.43825]},"properties":{"stop_id":"1242","stop_code":"1242","stop_name":"Virgen Del Sagrario - Virgen Del Castañar","routes":["021"]}},{"type":"Feature","geometry":{"type":"Point","coordinates":[-3.64956,40.44067]},"properties":{"stop_id":"1243","stop_code":"1243","stop_name":"Juan Pérez De Zúñiga - Torrelaguna","routes":["021"]}},{"type":"Feature","geometry":{"type":"Point","coordinates":[-3.64917,40.44008]},"properties":{"stop_id":"1244","stop_code":"1244","stop_name":"Virgen De La Novena","routes":["021"]}},{"type":"Feature","geometry":{"type":"Point","coordinates":[-3.64847,40.44259]},"properties":{"stop_id":"1246","stop_code":"1246","stop_name":"Juan Pérez De Zúñiga","routes":["021"]}},{"type":"Feature","geometry":{"type":"Point","coordinates":[-3.67296,40.43225]},"properties":{"stop_id":"1247","stop_code":"1247","stop_name":"Juan Bravo - Francisco Silvela","routes":["056","210","503"]}},{"type":"Feature","geometry":{"type":"Point","coordinates":[-3.64669,40.44489]},"properties":{"stop_id":"1248","stop_code":"1248","stop_name":"Juan Pérez De Zúñiga - Arturo Soria","routes":["021"]}},{"type":"Feature","geometry":{"type":"Point","coordinates":[-3.61467,40.4537]},"properties":{"stop_id":"1249","stop_code":"1249","stop_name":"Conde De Las Posadas","routes":["153"]}},{"type":"Feature","geometry":{"type":"Point","coordinates":[-3.64514,40.44681]},"properties":{"stop_id":"1250","stop_code":"1250","stop_name":"Marqués De Portugalete","routes":["021"]}},{"type":"Feature","geometry":{"type":"Point","coordinates":[-3.67352,40.42485]},"properties":{"stop_id":"1252","stop_code":"1252","stop_name":"Palacio De Los Deportes","routes":["030","068"]}},{"type":"Feature","geometry":{"type":"Point","coordinates":[-3.61511,40.45375]},"properties":{"stop_id":"1253","stop_code":"1253","stop_name":"Conde De Las Posadas","routes":["153"]}},{"type":"Feature","geometry":{"type":"Point","coordinates":[-3.66973,40.4244]},"properties":{"stop_id":"1254","stop_code":"1254","stop_name":"Doctor Esquerdo - Goya","routes":["030"]}},{"type":"Feature","geometry":{"type":"Point","coordinates":[-3.66937,40.42465]},"properties":{"stop_id":"1255","stop_code":"1255","stop_name":"Doctor Esquerdo - Goya","routes":["030"]}},{"type":"Feature","geometry":{"type":"Point","coordinates":[-3.66948,40.41838]},"properties":{"stop_id":"1256","stop_code":"1256","stop_name":"Hospital Gregorio Marañón","routes":["002","030","056","143","156"]}},{"type":"Feature","geometry":{"type":"Point","coordinates":[-3.66906,40.41829]},"properties":{"stop_id":"1257","stop_code":"1257","stop_name":"Hospital Gregorio Marañón","routes":["002","030","056","143","156"]}},{"type":"Feature","geometry":{"type":"Point","coordinates":[-3.61788,40.45446]},"properties":{"stop_id":"1258","stop_code":"1258","stop_name":"Prunos - Sándalo","routes":["153"]}},{"type":"Feature","geometry":{"type":"Point","coordinates":[-3.61958,40.45381]},"properties":{"stop_id":"1259","stop_code":"1259","stop_name":"Prunos - Petunias","routes":["153"]}},{"type":"Feature","geometry":{"type":"Point","coordinates":[-3.65606,40.41058]},"properties":{"stop_id":"1260","stop_code":"1260","stop_name":"Vinateros - Media Legua","routes":["030","032","508"]}},{"type":"Feature","geometry":{"type":"Point","coordinates":[-3.65614,40.4109]},"properties":{"stop_id":"1261","stop_code":"1261","stop_name":"Vinateros - Media Legua","routes":["030","032","508"]}},{"type":"Feature","geometry":{"type":"Point","coordinates":[-3.65655,40.40977]},"properties":{"stop_id":"1262","stop_code":"1262","stop_name":"Media Legua","routes":["030","032","113","508"]}},{"type":"Feature","geometry":{"type":"Point","coordinates":[-3.65642,40.40976]},"properties":{"stop_id":"1263","stop_code":"1263","stop_name":"Media Legua","routes":["030","032","113","508"]}},{"type":"Feature","geometry":{"type":"Point","coordinates":[-3.65504,40.40823]},"properties":{"stop_id":"1264","stop_code":"1264","stop_name":"Entrearroyos","routes":["030","032","508"]}},{"type":"Feature","geometry":{"type":"Point","coordinates":[-3.65483,40.40831]},"properties":{"stop_id":"1265","stop_code":"1265","stop_name":"Entrearroyos","routes":["030","032","508"]}},{"type":"Feature","geometry":{"type":"Point","coordinates":[-3.65267,40.40746]},"properties":{"stop_id":"1266","stop_code":"1266","stop_name":"Corregidor Sancho De Córdoba","routes":["030","032","508"]}},{"type":"Feature","geometry":{"type":"Point","coordinates":[-3.64189,40.40486]},"properties":{"stop_id":"1268","stop_code":"1268","stop_name":"Metro Artilleros","routes":["030","071"]}},{"type":"Feature","geometry":{"type":"Point","coordinates":[-3.64209,40.40491]},"properties":{"stop_id":"1269","stop_code":"1269","stop_name":"Artilleros","routes":["030","071"]}},{"type":"Feature","geometry":{"type":"Point","coordinates":[-3.6402,40.40585]},"properties":{"stop_id":"1270","stop_code":"1270","stop_name":"Pico Artilleros 102","routes":["030"]}},{"type":"Feature","geometry":{"type":"Point","coordinates":[-3.63932,40.40639]},"properties":{"stop_id":"1271","stop_code":"1271","stop_name":"Pico Artilleros - Luis De Hoyos","routes":["030","032"]}},{"type":"Feature","geometry":{"type":"Point","coordinates":[-3.64054,40.40928]},"properties":{"stop_id":"1272","stop_code":"1272","stop_name":"Pico Artilleros - García Tapia","routes":["030","032","508"]}},{"type":"Feature","geometry":{"type":"Point","coordinates":[-3.641,40.40944]},"properties":{"stop_id":"1273","stop_code":"1273","stop_name":"Corregidor Antonio Mena","routes":["030","032","508"]}},{"type":"Feature","geometry":{"type":"Point","coordinates":[-3.63785,40.40883]},"properties":{"stop_id":"1274","stop_code":"1274","stop_name":"García Tapia - Molina De Segura","routes":["030","508"]}},{"type":"Feature","geometry":{"type":"Point","coordinates":[-3.63788,40.40923]},"properties":{"stop_id":"1275","stop_code":"1275","stop_name":"García Tapia - Molina De Segura","routes":["030","508"]}},{"type":"Feature","geometry":{"type":"Point","coordinates":[-3.63552,40.40857]},"properties":{"stop_id":"1277","stop_code":"1277","stop_name":"García Tapia - Oberón","routes":["030","508"]}},{"type":"Feature","geometry":{"type":"Point","coordinates":[-3.63219,40.40768]},"properties":{"stop_id":"1278","stop_code":"1278","stop_name":"Fuente Carrantona - García Tapia","routes":["030","508"]}},{"type":"Feature","geometry":{"type":"Point","coordinates":[-3.6768,40.43796]},"properties":{"stop_id":"1280","stop_code":"1280","stop_name":"Avenida De América","routes":["072","504","532"]}},{"type":"Feature","geometry":{"type":"Point","coordinates":[-3.67352,40.43893]},"properties":{"stop_id":"1281","stop_code":"1281","stop_name":"Cartagena","routes":["072"]}},{"type":"Feature","geometry":{"type":"Point","coordinates":[-3.67323,40.43934]},"properties":{"stop_id":"1282","stop_code":"1282","stop_name":"Cartagena","routes":["504"]}},{"type":"Feature","geometry":{"type":"Point","coordinates":[-3.66506,40.44333]},"properties":{"stop_id":"1283","stop_code":"1283","stop_name":"Avenida De América - Parque Avenidas","routes":["114","115","504"]}},{"type":"Feature","geometry":{"type":"Point","coordinates":[-3.65204,40.44767]},"properties":{"stop_id":"1284","stop_code":"1284","stop_name":"Puente De Cea","routes":["115","200","504","532"]}},{"type":"Feature","geometry":{"type":"Point","coordinates":[-3.65227,40.44788]},"properties":{"stop_id":"1285","stop_code":"1285","stop_name":"Puente De Cea","routes":["115","200","532"]}},{"type":"Feature","geometry":{"type":"Point","coordinates":[-3.67518,40.43333]},"properties":{"stop_id":"1286","stop_code":"1286","stop_name":"Conde De Peñalver - Maldonado","routes":["061"]}},{"type":"Feature","geometry":{"type":"Point","coordinates":[-3.64042,40.44929]},"properties":{"stop_id":"1287","stop_code":"1287","stop_name":"Avenida De América - Conde De Orgaz","routes":["115"]}},{"type":"Feature","geometry":{"type":"Point","coordinates":[-3.61292,40.45163]},"properties":{"stop_id":"1289","stop_code":"1289","stop_name":"Glorieta De La Medusa","routes":["105","114","115"]}},{"type":"Feature","geometry":{"type":"Point","coordinates":[-3.61504,40.45201]},"properties":{"stop_id":"1291","stop_code":"1291","stop_name":"Guadalajara","routes":["105","115","153"]}},{"type":"Feature","geometry":{"type":"Point","coordinates":[-3.60783,40.44998]},"properties":{"stop_id":"1292","stop_code":"1292","stop_name":"Canillejas","routes":["114","115"]}},{"type":"Feature","geometry":{"type":"Point","coordinates":[-3.60792,40.45007]},"properties":{"stop_id":"1293","stop_code":"1293","stop_name":"Canillejas","routes":["101","105","114","115","151","200","504","532"]}},{"type":"Feature","geometry":{"type":"Point","coordinates":[-3.60004,40.45044]},"properties":{"stop_id":"1294","stop_code":"1294","stop_name":"Avenida De América - Instituto Barajas","routes":["114","115"]}},{"type":"Feature","geometry":{"type":"Point","coordinates":[-3.6007,40.45054]},"properties":{"stop_id":"1295","stop_code":"1295","stop_name":"Avenida De América - Instituto Barajas","routes":["101","114","115","151","504"]}},{"type":"Feature","geometry":{"type":"Point","coordinates":[-3.59659,40.45032]},"properties":{"stop_id":"1296","stop_code":"1296","stop_name":"Avenida De América - Ciudad Pegaso","routes":["114","115"]}},{"type":"Feature","geometry":{"type":"Point","coordinates":[-3.59671,40.45042]},"properties":{"stop_id":"1297","stop_code":"1297","stop_name":"Avenida De América - Ciudad Pegaso","routes":["101","114","115","151","504"]}},{"type":"Feature","geometry":{"type":"Point","coordinates":[-3.59081,40.45057]},"properties":{"stop_id":"1298","stop_code":"1298","stop_name":"Nudo Eisenhower","routes":["115"]}},{"type":"Feature","geometry":{"type":"Point","coordinates":[-3.59127,40.4506]},"properties":{"stop_id":"1299","stop_code":"1299","stop_name":"Nudo Eisenhower","routes":["101","115","151","504"]}},{"type":"Feature","geometry":{"type":"Point","coordinates":[-3.58835,40.45244]},"properties":{"stop_id":"1301","stop_code":"1301","stop_name":"Plaza Del Mar","routes":["101","112","115","151","504"]}},{"type":"Feature","geometry":{"type":"Point","coordinates":[-3.58787,40.4553]},"properties":{"stop_id":"1302","stop_code":"1302","stop_name":"Plaza Del Navío","routes":["112","114","115","166"]}},{"type":"Feature","geometry":{"type":"Point","coordinates":[-3.58799,40.4552]},"properties":{"stop_id":"1303","stop_code":"1303","stop_name":"Plaza Del Navío","routes":["112","114","115","151","504"]}},{"type":"Feature","geometry":{"type":"Point","coordinates":[-3.62193,40.45396]},"properties":{"stop_id":"1305","stop_code":"1305","stop_name":"Arroyo Del Santo","routes":["153"]}},{"type":"Feature","geometry":{"type":"Point","coordinates":[-3.58773,40.45951]},"properties":{"stop_id":"1308","stop_code":"1308","stop_name":"Paseo De La Alameda De Osuna 80","routes":["105","112","115","151","504"]}},{"type":"Feature","geometry":{"type":"Point","coordinates":[-3.58806,40.46109]},"properties":{"stop_id":"1309","stop_code":"1309","stop_name":"Brezos","routes":["105","112","115","151","166"]}},{"type":"Feature","geometry":{"type":"Point","coordinates":[-3.59167,40.46043]},"properties":{"stop_id":"1310","stop_code":"1310","stop_name":"Manuel Aguilar - Avenida De Logroño","routes":["105","112","115","151"]}},{"type":"Feature","geometry":{"type":"Point","coordinates":[-3.58925,40.46223]},"properties":{"stop_id":"1311","stop_code":"1311","stop_name":"Avenida De Logroño - Brezos","routes":["105","112","115"]}},{"type":"Feature","geometry":{"type":"Point","coordinates":[-3.58947,40.46231]},"properties":{"stop_id":"1312","stop_code":"1312","stop_name":"Avenida De Logroño - Brezos","routes":["105","112","115"]}},{"type":"Feature","geometry":{"type":"Point","coordinates":[-3.58554,40.46458]},"properties":{"stop_id":"1313","stop_code":"1313","stop_name":"Avenida De Logroño - San Severo","routes":["105","112","115","504"]}},{"type":"Feature","geometry":{"type":"Point","coordinates":[-3.58498,40.4652]},"properties":{"stop_id":"1314","stop_code":"1314","stop_name":"Avenida De Logroño - San Severo","routes":["105","112","115","504"]}},{"type":"Feature","geometry":{"type":"Point","coordinates":[-3.5815,40.46876]},"properties":{"stop_id":"1315","stop_code":"1315","stop_name":"Avenida De Logroño - Ariadna","routes":["105","115","166","504","532"]}},{"type":"Feature","geometry":{"type":"Point","coordinates":[-3.58166,40.469]},"properties":{"stop_id":"1316","stop_code":"1316","stop_name":"Avenida De Logroño - Ariadna","routes":["105","115","166","504","532"]}},{"type":"Feature","geometry":{"type":"Point","coordinates":[-3.57993,40.47121]},"properties":{"stop_id":"1317","stop_code":"1317","stop_name":"Avenida General","routes":["105","115","166","504"]}},{"type":"Feature","geometry":{"type":"Point","coordinates":[-3.5773,40.47402]},"properties":{"stop_id":"1319","stop_code":"1319","stop_name":"Barajas","routes":["101","105","115"]}},{"type":"Feature","geometry":{"type":"Point","coordinates":[-3.58171,40.47241]},"properties":{"stop_id":"1321","stop_code":"1321","stop_name":"Avenida De Logroño - Algemesí","routes":["105","115","166","504","532"]}},{"type":"Feature","geometry":{"type":"Point","coordinates":[-3.58195,40.47235]},"properties":{"stop_id":"1322","stop_code":"1322","stop_name":"Avenida De Logroño - Algemesí","routes":["105","115","166","504","532"]}},{"type":"Feature","geometry":{"type":"Point","coordinates":[-3.58588,40.47206]},"properties":{"stop_id":"1323","stop_code":"1323","stop_name":"Barajas","routes":["115"]}},{"type":"Feature","geometry":{"type":"Point","coordinates":[-3.65113,40.43805]},"properties":{"stop_id":"1324","stop_code":"1324","stop_name":"Barrio De La Concepción","routes":["021"]}},{"type":"Feature","geometry":{"type":"Point","coordinates":[-3.71003,40.43017]},"properties":{"stop_id":"1325","stop_code":"1325","stop_name":"Alberto Aguilera - Galileo","routes":["021","362","363"]}},{"type":"Feature","geometry":{"type":"Point","coordinates":[-3.61824,40.45593]},"properties":{"stop_id":"1326","stop_code":"1326","stop_name":"Boj","routes":["153"]}},{"type":"Feature","geometry":{"type":"Point","coordinates":[-3.63183,40.40801]},"properties":{"stop_id":"1327","stop_code":"1327","stop_name":"Fuente Carrantona - García Tapia","routes":["030","508"]}},{"type":"Feature","geometry":{"type":"Point","coordinates":[-3.61734,40.45488]},"properties":{"stop_id":"1328","stop_code":"1328","stop_name":"Prunos - Sándalo","routes":["153"]}},{"type":"Feature","geometry":{"type":"Point","coordinates":[-3.71775,40.43322]},"properties":{"stop_id":"1329","stop_code":"1329","stop_name":"Moncloa","routes":["132"]}},{"type":"Feature","geometry":{"type":"Point","coordinates":[-3.72526,40.4392]},"properties":{"stop_id":"1330","stop_code":"1330","stop_name":"Cardenal Cisneros","routes":["083","133","160","161","162","164","528","531"]}},{"type":"Feature","geometry":{"type":"Point","coordinates":[-3.72461,40.43808]},"properties":{"stop_id":"1331","stop_code":"1331","stop_name":"Avenida De La Memoria","routes":["046","082","083","092","099","132","133","162","164","531"]}},{"type":"Feature","geometry":{"type":"Point","coordinates":[-3.72858,40.44116]},"properties":{"stop_id":"1332","stop_code":"1332","stop_name":"Escuela Agronómica","routes":["083","133","162","164","531"]}},{"type":"Feature","geometry":{"type":"Point","coordinates":[-3.73023,40.44173]},"properties":{"stop_id":"1333","stop_code":"1333","stop_name":"Escuela Agronómica","routes":["083","133","162","164","531"]}},{"type":"Feature","geometry":{"type":"Point","coordinates":[-3.73197,40.4442]},"properties":{"stop_id":"1334","stop_code":"1334","stop_name":"Palacio De La Moncloa","routes":["083","133","162","164","531"]}},{"type":"Feature","geometry":{"type":"Point","coordinates":[-3.73233,40.44407]},"properties":{"stop_id":"1335","stop_code":"1335","stop_name":"Palacio De La Moncloa","routes":["083","133","162","164","531"]}},{"type":"Feature","geometry":{"type":"Point","coordinates":[-3.73579,40.44863]},"properties":{"stop_id":"1336","stop_code":"1336","stop_name":"Estadística - Geografía E Historia","routes":["083","133","162"]}},{"type":"Feature","geometry":{"type":"Point","coordinates":[-3.61496,40.42542]},"properties":{"stop_id":"1337","stop_code":"1337","stop_name":"Arcos De Jalón - Instituto","routes":["153"]}},{"type":"Feature","geometry":{"type":"Point","coordinates":[-3.73686,40.44943]},"properties":{"stop_id":"1338","stop_code":"1338","stop_name":"Veterinaria","routes":["083","133","162","164","531"]}},{"type":"Feature","geometry":{"type":"Point","coordinates":[-3.73931,40.45242]},"properties":{"stop_id":"1340","stop_code":"1340","stop_name":"Carretera De El Pardo","routes":["083","133"]}},{"type":"Feature","geometry":{"type":"Point","coordinates":[-3.74504,40.45923]},"properties":{"stop_id":"1341","stop_code":"1341","stop_name":"Parque Deportivo Puerta De Hierro","routes":["083","133","164","531"]}},{"type":"Feature","geometry":{"type":"Point","coordinates":[-3.74542,40.45891]},"properties":{"stop_id":"1342","stop_code":"1342","stop_name":"Parque Deportivo Puerta De Hierro","routes":["083","133","164","531"]}},{"type":"Feature","geometry":{"type":"Point","coordinates":[-3.74959,40.46897]},"properties":{"stop_id":"1343","stop_code":"1343","stop_name":"Instituto Llorente","routes":["083","133","164","531"]}},{"type":"Feature","geometry":{"type":"Point","coordinates":[-3.75045,40.46888]},"properties":{"stop_id":"1344","stop_code":"1344","stop_name":"Instituto Llorente","routes":["083","133","164","531"]}},{"type":"Feature","geometry":{"type":"Point","coordinates":[-3.75121,40.47188]},"properties":{"stop_id":"1346","stop_code":"1346","stop_name":"Centro De Estudios Europe","routes":["083","133","164","531"]}},{"type":"Feature","geometry":{"type":"Point","coordinates":[-3.74534,40.47532]},"properties":{"stop_id":"1347","stop_code":"1347","stop_name":"Herrera Oria - Instituto De Estudios Fiscales","routes":["083","133","179"]}},{"type":"Feature","geometry":{"type":"Point","coordinates":[-3.74142,40.47663]},"properties":{"stop_id":"1349","stop_code":"1349","stop_name":"Herrera Oria - Arroyofresno","routes":["083","133"]}},{"type":"Feature","geometry":{"type":"Point","coordinates":[-3.74016,40.47704]},"properties":{"stop_id":"1350","stop_code":"1350","stop_name":"Herrera Oria - Arroyofresno","routes":["083","133","179"]}},{"type":"Feature","geometry":{"type":"Point","coordinates":[-3.73837,40.47703]},"properties":{"stop_id":"1351","stop_code":"1351","stop_name":"Herrera Oria - Gascones","routes":["083","133","179"]}},{"type":"Feature","geometry":{"type":"Point","coordinates":[-3.73297,40.47663]},"properties":{"stop_id":"1352","stop_code":"1352","stop_name":"Herrera Oria - Camino Fuencarral","routes":["083","133","179"]}},{"type":"Feature","geometry":{"type":"Point","coordinates":[-3.73311,40.47695]},"properties":{"stop_id":"1353","stop_code":"1353","stop_name":"Herrera Oria - Camino Fuencarral","routes":["083","133","179","520"]}},{"type":"Feature","geometry":{"type":"Point","coordinates":[-3.72681,40.47843]},"properties":{"stop_id":"1354","stop_code":"1354","stop_name":"Herrera Oria - Islas Marquesas","routes":["064","083","133","179"]}},{"type":"Feature","geometry":{"type":"Point","coordinates":[-3.7236,40.48007]},"properties":{"stop_id":"1355","stop_code":"1355","stop_name":"Herrera Oria - Gómez De La Serna","routes":["064","083","133","179"]}},{"type":"Feature","geometry":{"type":"Point","coordinates":[-3.71989,40.4813]},"properties":{"stop_id":"1356","stop_code":"1356","stop_name":"Herrera Oria - Isla De Arosa","routes":["064","083","133"]}},{"type":"Feature","geometry":{"type":"Point","coordinates":[-3.71901,40.48209]},"properties":{"stop_id":"1357","stop_code":"1357","stop_name":"Herrera Oria - Isla De Arosa","routes":["049","064","083","133"]}},{"type":"Feature","geometry":{"type":"Point","coordinates":[-3.71698,40.48167]},"properties":{"stop_id":"1358","stop_code":"1358","stop_name":"Isla De Arosa","routes":["083","133","521"]}},{"type":"Feature","geometry":{"type":"Point","coordinates":[-3.71453,40.48147]},"properties":{"stop_id":"1359","stop_code":"1359","stop_name":"Fermín Caballero - Betanzos","routes":["067","083","127","133"]}},{"type":"Feature","geometry":{"type":"Point","coordinates":[-3.71433,40.48172]},"properties":{"stop_id":"1360","stop_code":"1360","stop_name":"Fermín Caballero - Betanzos","routes":["067","083","124","127","133"]}},{"type":"Feature","geometry":{"type":"Point","coordinates":[-3.71698,40.48187]},"properties":{"stop_id":"1361","stop_code":"1361","stop_name":"Isla De Arosa","routes":["083","124","133","521"]}},{"type":"Feature","geometry":{"type":"Point","coordinates":[-3.71274,40.47928]},"properties":{"stop_id":"1362","stop_code":"1362","stop_name":"Betanzos - Avenida De La Ilustración","routes":["083"]}},{"type":"Feature","geometry":{"type":"Point","coordinates":[-3.7125,40.47925]},"properties":{"stop_id":"1363","stop_code":"1363","stop_name":"Betanzos - Avenida De La Ilustración","routes":["083"]}},{"type":"Feature","geometry":{"type":"Point","coordinates":[-3.71149,40.47784]},"properties":{"stop_id":"1364","stop_code":"1364","stop_name":"Parque De La Vaguada","routes":["049","083","128","132","137","522"]}},{"type":"Feature","geometry":{"type":"Point","coordinates":[-3.71094,40.47817]},"properties":{"stop_id":"1365","stop_code":"1365","stop_name":"Parque De La Vaguada","routes":["049","083","128","132","137","522"]}},{"type":"Feature","geometry":{"type":"Point","coordinates":[-3.70871,40.47841]},"properties":{"stop_id":"1366","stop_code":"1366","stop_name":"Junta Municipal Fuencarral","routes":["049","083","128","132","137","179","522"]}},{"type":"Feature","geometry":{"type":"Point","coordinates":[-3.70871,40.47863]},"properties":{"stop_id":"1367","stop_code":"1367","stop_name":"Junta Municipal Fuencarral","routes":["049","083","128","132","137","179","522"]}},{"type":"Feature","geometry":{"type":"Point","coordinates":[-3.7048,40.47921]},"properties":{"stop_id":"1368","stop_code":"1368","stop_name":"Monforte De Lemos - La Vaguada","routes":["049","083","128","132","137","179","522"]}},{"type":"Feature","geometry":{"type":"Point","coordinates":[-3.70639,40.47917]},"properties":{"stop_id":"1369","stop_code":"1369","stop_name":"Barrio Del Pilar","routes":["128"]}},{"type":"Feature","geometry":{"type":"Point","coordinates":[-3.70275,40.48018]},"properties":{"stop_id":"1370","stop_code":"1370","stop_name":"Monforte De Lemos - Finisterre","routes":["083","132"]}},{"type":"Feature","geometry":{"type":"Point","coordinates":[-3.70299,40.48025]},"properties":{"stop_id":"1371","stop_code":"1371","stop_name":"Monforte De Lemos - Finisterre","routes":["083","132","522"]}},{"type":"Feature","geometry":{"type":"Point","coordinates":[-3.7021,40.48257]},"properties":{"stop_id":"1372","stop_code":"1372","stop_name":"Pedro Rico - Finisterre","routes":["083","132"]}},{"type":"Feature","geometry":{"type":"Point","coordinates":[-3.69999,40.48333]},"properties":{"stop_id":"1373","stop_code":"1373","stop_name":"Pedro Rico - Arzobispo Morcillo","routes":["083","132"]}},{"type":"Feature","geometry":{"type":"Point","coordinates":[-3.70026,40.48496]},"properties":{"stop_id":"1374","stop_code":"1374","stop_name":"Narcís Monturiol","routes":["067","083"]}},{"type":"Feature","geometry":{"type":"Point","coordinates":[-3.70001,40.48446]},"properties":{"stop_id":"1375","stop_code":"1375","stop_name":"Narcís Monturiol","routes":["083"]}},{"type":"Feature","geometry":{"type":"Point","coordinates":[-3.69861,40.48668]},"properties":{"stop_id":"1376","stop_code":"1376","stop_name":"Barrio De La Paz","routes":["067","083"]}},{"type":"Feature","geometry":{"type":"Point","coordinates":[-3.70043,40.48671]},"properties":{"stop_id":"1377","stop_code":"1377","stop_name":"Fermín Caballero - Sangenjo","routes":["067","083"]}},{"type":"Feature","geometry":{"type":"Point","coordinates":[-3.70327,40.48471]},"properties":{"stop_id":"1378","stop_code":"1378","stop_name":"Patones - Sangenjo","routes":["083"]}},{"type":"Feature","geometry":{"type":"Point","coordinates":[-3.69956,40.48299]},"properties":{"stop_id":"1379","stop_code":"1379","stop_name":"López Aguado - Arzobispo Morcillo","routes":["083","132","522"]}},{"type":"Feature","geometry":{"type":"Point","coordinates":[-3.70225,40.48201]},"properties":{"stop_id":"1380","stop_code":"1380","stop_name":"López Aguado - Finisterre","routes":["083","132"]}},{"type":"Feature","geometry":{"type":"Point","coordinates":[-3.70418,40.44544]},"properties":{"stop_id":"1381","stop_code":"1381","stop_name":"Cuatro Caminos","routes":["037"]}},{"type":"Feature","geometry":{"type":"Point","coordinates":[-3.70425,40.44345]},"properties":{"stop_id":"1382","stop_code":"1382","stop_name":"Bravo Murillo - Cristóbal Bordiú","routes":["003","037","149"]}},{"type":"Feature","geometry":{"type":"Point","coordinates":[-3.70434,40.43821]},"properties":{"stop_id":"1383","stop_code":"1383","stop_name":"Canal","routes":["037","149","523"]}},{"type":"Feature","geometry":{"type":"Point","coordinates":[-3.70444,40.43667]},"properties":{"stop_id":"1384","stop_code":"1384","stop_name":"Bravo Murillo - Donoso Cortés","routes":["037","149"]}},{"type":"Feature","geometry":{"type":"Point","coordinates":[-3.70201,40.43449]},"properties":{"stop_id":"1386","stop_code":"1386","stop_name":"Álvarez De Castro - Eloy Gonzalo","routes":["003"]}},{"type":"Feature","geometry":{"type":"Point","coordinates":[-3.70203,40.43542]},"properties":{"stop_id":"1387","stop_code":"1387","stop_name":"Álvarez De Castro - Eloy Gonzalo","routes":["149"]}},{"type":"Feature","geometry":{"type":"Point","coordinates":[-3.69471,40.42411]},"properties":{"stop_id":"1393","stop_code":"1393","stop_name":"Salesas","routes":["037"]}},{"type":"Feature","geometry":{"type":"Point","coordinates":[-3.70266,40.43669]},"properties":{"stop_id":"1395","stop_code":"1395","stop_name":"Glorieta Álvarez De Castro","routes":["149"]}},{"type":"Feature","geometry":{"type":"Point","coordinates":[-3.59287,40.4436]},"properties":{"stop_id":"1396","stop_code":"1396","stop_name":"Deyanira - Euterpe","routes":["077","505"]}},{"type":"Feature","geometry":{"type":"Point","coordinates":[-3.70053,40.43952]},"properties":{"stop_id":"1397","stop_code":"1397","stop_name":"Santa Engracia - Bretón De Los Herreros","routes":["003","037","149","523"]}},{"type":"Feature","geometry":{"type":"Point","coordinates":[-3.70151,40.44182]},"properties":{"stop_id":"1398","stop_code":"1398","stop_name":"Metro Ríos Rosas","routes":["003","037","149","523"]}},{"type":"Feature","geometry":{"type":"Point","coordinates":[-3.70254,40.44415]},"properties":{"stop_id":"1399","stop_code":"1399","stop_name":"Santa Engracia - María De Guzmán","routes":["003","037","045","149"]}},{"type":"Feature","geometry":{"type":"Point","coordinates":[-3.59219,40.44362]},"properties":{"stop_id":"1400","stop_code":"1400","stop_name":"Deyanira - Euterpe","routes":["077","088","505"]}},{"type":"Feature","geometry":{"type":"Point","coordinates":[-3.68909,40.40669]},"properties":{"stop_id":"1401","stop_code":"1401","stop_name":"Estación De Atocha","routes":["010","014","026","032","037","069","509","510","511","513","525"]}},{"type":"Feature","geometry":{"type":"Point","coordinates":[-3.68507,40.40548]},"properties":{"stop_id":"1402","stop_code":"1402","stop_name":"Basílica De Atocha","routes":["010","014","024","026","032","037","054","057","069","102","141","509","530"]}},{"type":"Feature","geometry":{"type":"Point","coordinates":[-3.68495,40.40573]},"properties":{"stop_id":"1403","stop_code":"1403","stop_name":"Basílica De Atocha","routes":["010","014","024","026","032","037","054","057","068","141","509","529"]}},{"type":"Feature","geometry":{"type":"Point","coordinates":[-3.68048,40.40402]},"properties":{"stop_id":"1404","stop_code":"1404","stop_name":"Metro Menéndez Pelayo","routes":["024","037","054","057","141","510","525"]}},{"type":"Feature","geometry":{"type":"Point","coordinates":[-3.68148,40.40468]},"properties":{"stop_id":"1405","stop_code":"1405","stop_name":"Metro Menéndez Pelayo","routes":["010","014","024","026","032","037","054","057","068","141","509","510","525","529"]}},{"type":"Feature","geometry":{"type":"Point","coordinates":[-3.67828,40.40301]},"properties":{"stop_id":"1406","stop_code":"1406","stop_name":"Junta Municipal Retiro","routes":["024","037","054","057","141"]}},{"type":"Feature","geometry":{"type":"Point","coordinates":[-3.67808,40.40318]},"properties":{"stop_id":"1407","stop_code":"1407","stop_name":"Junta Municipal Retiro","routes":["024","037","054","057","141"]}},{"type":"Feature","geometry":{"type":"Point","coordinates":[-3.67544,40.40148]},"properties":{"stop_id":"1408","stop_code":"1408","stop_name":"Pacífico","routes":["024","037","054","057","141","510","525"]}},{"type":"Feature","geometry":{"type":"Point","coordinates":[-3.67542,40.40175]},"properties":{"stop_id":"1409","stop_code":"1409","stop_name":"Pacífico","routes":["024","037","054","057","141","510","525"]}},{"type":"Feature","geometry":{"type":"Point","coordinates":[-3.67201,40.39969]},"properties":{"stop_id":"1410","stop_code":"1410","stop_name":"Ciudad De Barcelona - Seco","routes":["008","010","024","037","054","056","057","136","141","310"]}},{"type":"Feature","geometry":{"type":"Point","coordinates":[-3.67188,40.39987]},"properties":{"stop_id":"1411","stop_code":"1411","stop_name":"Ciudad De Barcelona - Seco","routes":["008","010","024","037","054","056","057","136","141","310"]}},{"type":"Feature","geometry":{"type":"Point","coordinates":[-3.58864,40.44317]},"properties":{"stop_id":"1412","stop_code":"1412","stop_name":"Deyanira - Pirra","routes":["077","505"]}},{"type":"Feature","geometry":{"type":"Point","coordinates":[-3.71253,40.44618]},"properties":{"stop_id":"1414","stop_code":"1414","stop_name":"Guzmán El Bueno","routes":["045"]}},{"type":"Feature","geometry":{"type":"Point","coordinates":[-3.71109,40.44661]},"properties":{"stop_id":"1415","stop_code":"1415","stop_name":"Guzmán El Bueno","routes":["045","068","091","529","870"]}},{"type":"Feature","geometry":{"type":"Point","coordinates":[-3.71104,40.44692]},"properties":{"stop_id":"1416","stop_code":"1416","stop_name":"Guzmán El Bueno","routes":["045","069","091","530","869"]}},{"type":"Feature","geometry":{"type":"Point","coordinates":[-3.70705,40.44691]},"properties":{"stop_id":"1417","stop_code":"1417","stop_name":"Cruz Roja","routes":["045","068","091","127"]}},{"type":"Feature","geometry":{"type":"Point","coordinates":[-3.70769,40.44726]},"properties":{"stop_id":"1418","stop_code":"1418","stop_name":"Cruz Roja","routes":["045","069","091","127"]}},{"type":"Feature","geometry":{"type":"Point","coordinates":[-3.70411,40.44566]},"properties":{"stop_id":"1419","stop_code":"1419","stop_name":"Cuatro Caminos","routes":["003","045","149","523"]}},{"type":"Feature","geometry":{"type":"Point","coordinates":[-3.70338,40.44601]},"properties":{"stop_id":"1420","stop_code":"1420","stop_name":"Cuatro Caminos","routes":["003","037","045","149","523"]}},{"type":"Feature","geometry":{"type":"Point","coordinates":[-3.70343,40.44317]},"properties":{"stop_id":"1421","stop_code":"1421","stop_name":"Cristóbal Bordiú - Santa Engracia","routes":["045"]}},{"type":"Feature","geometry":{"type":"Point","coordinates":[-3.70085,40.44305]},"properties":{"stop_id":"1422","stop_code":"1422","stop_name":"Alenza","routes":["045"]}},{"type":"Feature","geometry":{"type":"Point","coordinates":[-3.69761,40.44293]},"properties":{"stop_id":"1423","stop_code":"1423","stop_name":"Cristóbal Bordiú - Alonso Cano","routes":["045"]}},{"type":"Feature","geometry":{"type":"Point","coordinates":[-3.695,40.44263]},"properties":{"stop_id":"1424","stop_code":"1424","stop_name":"San Juan De La Cruz","routes":["045"]}},{"type":"Feature","geometry":{"type":"Point","coordinates":[-3.69519,40.39085]},"properties":{"stop_id":"1425","stop_code":"1425","stop_name":"Legazpi","routes":["022","079","123"]}},{"type":"Feature","geometry":{"type":"Point","coordinates":[-3.5889,40.44334]},"properties":{"stop_id":"1426","stop_code":"1426","stop_name":"Deyanira - Pirra","routes":["077","088","505"]}},{"type":"Feature","geometry":{"type":"Point","coordinates":[-3.66903,40.42753]},"properties":{"stop_id":"1427","stop_code":"1427","stop_name":"Manuel Becerra","routes":["056","068","143","156","405","529","870"]}},{"type":"Feature","geometry":{"type":"Point","coordinates":[-3.66814,40.42773]},"properties":{"stop_id":"1428","stop_code":"1428","stop_name":"Manuel Becerra","routes":["012","056","069","143","156","530","869"]}},{"type":"Feature","geometry":{"type":"Point","coordinates":[-3.67533,40.43476]},"properties":{"stop_id":"1429","stop_code":"1429","stop_name":"Hospital De La Princesa","routes":["061"]}},{"type":"Feature","geometry":{"type":"Point","coordinates":[-3.61814,40.40179]},"properties":{"stop_id":"1430","stop_code":"1430","stop_name":"Cordel De Pavones - Juglares","routes":["071"]}},{"type":"Feature","geometry":{"type":"Point","coordinates":[-3.67005,40.41091]},"properties":{"stop_id":"1431","stop_code":"1431","stop_name":"Nazaret","routes":["056","156","529"]}},{"type":"Feature","geometry":{"type":"Point","coordinates":[-3.66965,40.41097]},"properties":{"stop_id":"1432","stop_code":"1432","stop_name":"Nazaret","routes":["056","156","530"]}},{"type":"Feature","geometry":{"type":"Point","coordinates":[-3.67037,40.40738]},"properties":{"stop_id":"1433","stop_code":"1433","stop_name":"Conde Casal","routes":["056","156","870"]}},{"type":"Feature","geometry":{"type":"Point","coordinates":[-3.67268,40.404]},"properties":{"stop_id":"1435","stop_code":"1435","stop_name":"Doctor Esquerdo - Cavanilles","routes":["010","056","156"]}},{"type":"Feature","geometry":{"type":"Point","coordinates":[-3.67219,40.40398]},"properties":{"stop_id":"1436","stop_code":"1436","stop_name":"Doctor Esquerdo - Cavanilles","routes":["056","156"]}},{"type":"Feature","geometry":{"type":"Point","coordinates":[-3.67454,40.40191]},"properties":{"stop_id":"1437","stop_code":"1437","stop_name":"Pacífico","routes":["010","056","156","870"]}},{"type":"Feature","geometry":{"type":"Point","coordinates":[-3.61923,40.39913]},"properties":{"stop_id":"1439","stop_code":"1439","stop_name":"Cordel De Pavones - Pinillas","routes":["071"]}},{"type":"Feature","geometry":{"type":"Point","coordinates":[-3.69122,40.35168]},"properties":{"stop_id":"1440","stop_code":"1440","stop_name":"Martínez Seco - Villaverde Cruce","routes":["085","123","513"]}},{"type":"Feature","geometry":{"type":"Point","coordinates":[-3.69111,40.35179]},"properties":{"stop_id":"1441","stop_code":"1441","stop_name":"Martínez Seco - Villaverde Cruce","routes":["085","123"]}},{"type":"Feature","geometry":{"type":"Point","coordinates":[-3.689,40.35168]},"properties":{"stop_id":"1442","stop_code":"1442","stop_name":"Martínez Seco - Benita López","routes":["085","123"]}},{"type":"Feature","geometry":{"type":"Point","coordinates":[-3.68985,40.35178]},"properties":{"stop_id":"1443","stop_code":"1443","stop_name":"Martínez Seco - Benita López","routes":["085","123"]}},{"type":"Feature","geometry":{"type":"Point","coordinates":[-3.68676,40.35171]},"properties":{"stop_id":"1444","stop_code":"1444","stop_name":"Martínez Seco - Diamante","routes":["085","123","513"]}},{"type":"Feature","geometry":{"type":"Point","coordinates":[-3.68726,40.35184]},"properties":{"stop_id":"1445","stop_code":"1445","stop_name":"Martínez Seco - Diamante","routes":["085","123"]}},{"type":"Feature","geometry":{"type":"Point","coordinates":[-3.68541,40.35243]},"properties":{"stop_id":"1446","stop_code":"1446","stop_name":"Campos Ibáñez - Martínez Seco","routes":["085","123","513"]}},{"type":"Feature","geometry":{"type":"Point","coordinates":[-3.61987,40.39751]},"properties":{"stop_id":"1447","stop_code":"1447","stop_name":"Cordel De Pavones - José Prat","routes":["071"]}},{"type":"Feature","geometry":{"type":"Point","coordinates":[-3.65518,40.4209]},"properties":{"stop_id":"1448","stop_code":"1448","stop_name":"Félix Rodríguez De La Fuente","routes":["071"]}},{"type":"Feature","geometry":{"type":"Point","coordinates":[-3.68166,40.35414]},"properties":{"stop_id":"1449","stop_code":"1449","stop_name":"Villaverde Bajo","routes":["085","123"]}},{"type":"Feature","geometry":{"type":"Point","coordinates":[-3.68595,40.35212]},"properties":{"stop_id":"1450","stop_code":"1450","stop_name":"Andrea Jordán","routes":["085","123"]}},{"type":"Feature","geometry":{"type":"Point","coordinates":[-3.72501,40.41337]},"properties":{"stop_id":"1452","stop_code":"1452","stop_name":"Saavedra Fajardo","routes":["138"]}},{"type":"Feature","geometry":{"type":"Point","coordinates":[-3.72671,40.41267]},"properties":{"stop_id":"1453","stop_code":"1453","stop_name":"Mercado Tirso De Molina","routes":["138"]}},{"type":"Feature","geometry":{"type":"Point","coordinates":[-3.72728,40.4106]},"properties":{"stop_id":"1454","stop_code":"1454","stop_name":"Caramuel - Antillón","routes":["138","518"]}},{"type":"Feature","geometry":{"type":"Point","coordinates":[-3.72703,40.41042]},"properties":{"stop_id":"1455","stop_code":"1455","stop_name":"Caramuel - Antillón","routes":["138","518"]}},{"type":"Feature","geometry":{"type":"Point","coordinates":[-3.72694,40.41319]},"properties":{"stop_id":"1456","stop_code":"1456","stop_name":"Metro Puerta Del Ángel","routes":["138","518"]}},{"type":"Feature","geometry":{"type":"Point","coordinates":[-3.72845,40.40949]},"properties":{"stop_id":"1457","stop_code":"1457","stop_name":"Caramuel - Doña Mencía","routes":["138"]}},{"type":"Feature","geometry":{"type":"Point","coordinates":[-3.72826,40.40939]},"properties":{"stop_id":"1458","stop_code":"1458","stop_name":"Caramuel - Doña Mencía","routes":["138"]}},{"type":"Feature","geometry":{"type":"Point","coordinates":[-3.73304,40.40551]},"properties":{"stop_id":"1459","stop_code":"1459","stop_name":"Sepúlveda - María Del Carmen","routes":["138","518"]}},{"type":"Feature","geometry":{"type":"Point","coordinates":[-3.73251,40.40516]},"properties":{"stop_id":"1460","stop_code":"1460","stop_name":"Sepúlveda - María Del Carmen","routes":["138","518"]}},{"type":"Feature","geometry":{"type":"Point","coordinates":[-3.73699,40.40403]},"properties":{"stop_id":"1461","stop_code":"1461","stop_name":"Sepúlveda - Cocheras Metro","routes":["138"]}},{"type":"Feature","geometry":{"type":"Point","coordinates":[-3.73706,40.40381]},"properties":{"stop_id":"1462","stop_code":"1462","stop_name":"Sepúlveda - Cocheras Metro","routes":["138"]}},{"type":"Feature","geometry":{"type":"Point","coordinates":[-3.73909,40.40439]},"properties":{"stop_id":"1463","stop_code":"1463","stop_name":"Sepúlveda - Apóstoles","routes":["138","518"]}},{"type":"Feature","geometry":{"type":"Point","coordinates":[-3.73896,40.4042]},"properties":{"stop_id":"1464","stop_code":"1464","stop_name":"Sepúlveda - Apóstoles","routes":["138","518"]}},{"type":"Feature","geometry":{"type":"Point","coordinates":[-3.74219,40.40469]},"properties":{"stop_id":"1465","stop_code":"1465","stop_name":"Sepúlveda - Huerta Castañeda","routes":["138"]}},{"type":"Feature","geometry":{"type":"Point","coordinates":[-3.74201,40.40449]},"properties":{"stop_id":"1466","stop_code":"1466","stop_name":"Sepúlveda - Huerta Castañeda","routes":["138"]}},{"type":"Feature","geometry":{"type":"Point","coordinates":[-3.74534,40.40457]},"properties":{"stop_id":"1467","stop_code":"1467","stop_name":"Lucero","routes":["138","518"]}},{"type":"Feature","geometry":{"type":"Point","coordinates":[-3.74484,40.40445]},"properties":{"stop_id":"1468","stop_code":"1468","stop_name":"Lucero","routes":["138","518"]}},{"type":"Feature","geometry":{"type":"Point","coordinates":[-3.74693,40.40434]},"properties":{"stop_id":"1469","stop_code":"1469","stop_name":"Sepúlveda - Cebreros","routes":["138"]}},{"type":"Feature","geometry":{"type":"Point","coordinates":[-3.74822,40.40391]},"properties":{"stop_id":"1470","stop_code":"1470","stop_name":"Sepúlveda - Cebreros","routes":["138","518"]}},{"type":"Feature","geometry":{"type":"Point","coordinates":[-3.74947,40.40375]},"properties":{"stop_id":"1471","stop_code":"1471","stop_name":"Sepúlveda - Castroserna","routes":["036","138","518","519"]}},{"type":"Feature","geometry":{"type":"Point","coordinates":[-3.75256,40.40251]},"properties":{"stop_id":"1472","stop_code":"1472","stop_name":"Sepúlveda - Cifse","routes":["036","138","519"]}},{"type":"Feature","geometry":{"type":"Point","coordinates":[-3.75255,40.40233]},"properties":{"stop_id":"1473","stop_code":"1473","stop_name":"Sepúlveda - Cifse","routes":["036","138","519","866"]}},{"type":"Feature","geometry":{"type":"Point","coordinates":[-3.75475,40.40068]},"properties":{"stop_id":"1474","stop_code":"1474","stop_name":"Sepúlveda - Concejal Francisco Jiménez","routes":["036","138","518","519"]}},{"type":"Feature","geometry":{"type":"Point","coordinates":[-3.75451,40.40068]},"properties":{"stop_id":"1475","stop_code":"1475","stop_name":"Sepúlveda - Concejal Francisco Jiménez","routes":["036","138","518","519","866"]}},{"type":"Feature","geometry":{"type":"Point","coordinates":[-3.7572,40.39715]},"properties":{"stop_id":"1476","stop_code":"1476","stop_name":"Valmojado - Seseña","routes":["138"]}},{"type":"Feature","geometry":{"type":"Point","coordinates":[-3.75679,40.3974]},"properties":{"stop_id":"1477","stop_code":"1477","stop_name":"Valmojado - Seseña","routes":["065","138"]}},{"type":"Feature","geometry":{"type":"Point","coordinates":[-3.75817,40.39417]},"properties":{"stop_id":"1478","stop_code":"1478","stop_name":"Valmojado - Camarena","routes":["138"]}},{"type":"Feature","geometry":{"type":"Point","coordinates":[-3.75797,40.39427]},"properties":{"stop_id":"1479","stop_code":"1479","stop_name":"Valmojado - Camarena","routes":["065","138"]}},{"type":"Feature","geometry":{"type":"Point","coordinates":[-3.75842,40.39227]},"properties":{"stop_id":"1480","stop_code":"1480","stop_name":"Illescas - Valmojado","routes":["121","138"]}},{"type":"Feature","geometry":{"type":"Point","coordinates":[-3.75821,40.39222]},"properties":{"stop_id":"1481","stop_code":"1481","stop_name":"Illescas - Valmojado","routes":["138"]}},{"type":"Feature","geometry":{"type":"Point","coordinates":[-3.75875,40.38962]},"properties":{"stop_id":"1482","stop_code":"1482","stop_name":"Valmojado - Parque Aluche","routes":["121","138"]}},{"type":"Feature","geometry":{"type":"Point","coordinates":[-3.75857,40.3893]},"properties":{"stop_id":"1483","stop_code":"1483","stop_name":"Valmojado - Parque Aluche","routes":["138"]}},{"type":"Feature","geometry":{"type":"Point","coordinates":[-3.75995,40.38692]},"properties":{"stop_id":"1484","stop_code":"1484","stop_name":"Valmojado - Maqueda","routes":["121","138"]}},{"type":"Feature","geometry":{"type":"Point","coordinates":[-3.68855,40.46731]},"properties":{"stop_id":"1486","stop_code":"1486","stop_name":"Plaza Castilla","routes":["066","124","147","179","524","704"]}},{"type":"Feature","geometry":{"type":"Point","coordinates":[-3.6875,40.47111]},"properties":{"stop_id":"1487","stop_code":"1487","stop_name":"Castellana - José Vasconcelos","routes":["066","067","124","134","135","147","173","174","175","176","178","179","524","704"]}},{"type":"Feature","geometry":{"type":"Point","coordinates":[-3.68679,40.47326]},"properties":{"stop_id":"1488","stop_code":"1488","stop_name":"Castellana - Marqués Torrelaguna","routes":["066","173","174","175","176","178","704"]}},{"type":"Feature","geometry":{"type":"Point","coordinates":[-3.68843,40.47542]},"properties":{"stop_id":"1489","stop_code":"1489","stop_name":"Cuatro Torres","routes":["067","124","134","135","179","524"]}},{"type":"Feature","geometry":{"type":"Point","coordinates":[-3.69186,40.47477]},"properties":{"stop_id":"1490","stop_code":"1490","stop_name":"I. S. Carlos III - Campus Chamartín","routes":["147"]}},{"type":"Feature","geometry":{"type":"Point","coordinates":[-3.69194,40.47461]},"properties":{"stop_id":"1491","stop_code":"1491","stop_name":"I. S. Carlos III - Campus Chamartín","routes":["147"]}},{"type":"Feature","geometry":{"type":"Point","coordinates":[-3.69762,40.47466]},"properties":{"stop_id":"1492","stop_code":"1492","stop_name":"Hospital Carlos III","routes":["147"]}},{"type":"Feature","geometry":{"type":"Point","coordinates":[-3.69763,40.47451]},"properties":{"stop_id":"1493","stop_code":"1493","stop_name":"Hospital Carlos III","routes":["147"]}},{"type":"Feature","geometry":{"type":"Point","coordinates":[-3.7025,40.47376]},"properties":{"stop_id":"1494","stop_code":"1494","stop_name":"Sinesio Delgado - Ginzo De Limia","routes":["042"]}},{"type":"Feature","geometry":{"type":"Point","coordinates":[-3.70181,40.47342]},"properties":{"stop_id":"1495","stop_code":"1495","stop_name":"Sinesio Delgado - Ginzo De Limia","routes":["042"]}},{"type":"Feature","geometry":{"type":"Point","coordinates":[-3.7046,40.47293]},"properties":{"stop_id":"1496","stop_code":"1496","stop_name":"Sinesio Delgado - Ribadavia","routes":["042"]}},{"type":"Feature","geometry":{"type":"Point","coordinates":[-3.70461,40.47279]},"properties":{"stop_id":"1497","stop_code":"1497","stop_name":"Sinesio Delgado - Ribadavia","routes":["042"]}},{"type":"Feature","geometry":{"type":"Point","coordinates":[-3.7082,40.47259]},"properties":{"stop_id":"1498","stop_code":"1498","stop_name":"Ribadavia","routes":["042"]}},{"type":"Feature","geometry":{"type":"Point","coordinates":[-3.7081,40.4724]},"properties":{"stop_id":"1499","stop_code":"1499","stop_name":"Ribadavia","routes":["042"]}},{"type":"Feature","geometry":{"type":"Point","coordinates":[-3.71093,40.47235]},"properties":{"stop_id":"1500","stop_code":"1500","stop_name":"Ribadavia - Chantada","routes":["042"]}},{"type":"Feature","geometry":{"type":"Point","coordinates":[-3.71167,40.47355]},"properties":{"stop_id":"1501","stop_code":"1501","stop_name":"Betanzos - Chantada","routes":["042"]}},{"type":"Feature","geometry":{"type":"Point","coordinates":[-3.71191,40.4736]},"properties":{"stop_id":"1502","stop_code":"1502","stop_name":"Betanzos - Chantada","routes":["042"]}},{"type":"Feature","geometry":{"type":"Point","coordinates":[-3.71123,40.47454]},"properties":{"stop_id":"1503","stop_code":"1503","stop_name":"Betanzos - Fernández Almagro","routes":["042","049","126","128","522"]}},{"type":"Feature","geometry":{"type":"Point","coordinates":[-3.71129,40.4749]},"properties":{"stop_id":"1504","stop_code":"1504","stop_name":"Betanzos - Fernández Almagro","routes":["042","049","126","128","522"]}},{"type":"Feature","geometry":{"type":"Point","coordinates":[-3.71154,40.47627]},"properties":{"stop_id":"1505","stop_code":"1505","stop_name":"Betanzos - La Bañeza","routes":["042","049","126","128","147"]}},{"type":"Feature","geometry":{"type":"Point","coordinates":[-3.71182,40.47653]},"properties":{"stop_id":"1506","stop_code":"1506","stop_name":"Betanzos - La Bañeza","routes":["042","049","126","128","147"]}},{"type":"Feature","geometry":{"type":"Point","coordinates":[-3.71369,40.47636]},"properties":{"stop_id":"1507","stop_code":"1507","stop_name":"La Bañeza - Ponferrada","routes":["042","126","147"]}},{"type":"Feature","geometry":{"type":"Point","coordinates":[-3.71352,40.47626]},"properties":{"stop_id":"1508","stop_code":"1508","stop_name":"La Bañeza - Ponferrada","routes":["042"]}},{"type":"Feature","geometry":{"type":"Point","coordinates":[-3.71648,40.47586]},"properties":{"stop_id":"1509","stop_code":"1509","stop_name":"Metro Peñagrande","routes":["042","132","137"]}},{"type":"Feature","geometry":{"type":"Point","coordinates":[-3.71639,40.47564]},"properties":{"stop_id":"1510","stop_code":"1510","stop_name":"Metro Peñagrande","routes":["042","132","137"]}},{"type":"Feature","geometry":{"type":"Point","coordinates":[-3.71823,40.4755]},"properties":{"stop_id":"1511","stop_code":"1511","stop_name":"La Bañeza - Cándido Mateos","routes":["042","132","137"]}},{"type":"Feature","geometry":{"type":"Point","coordinates":[-3.71829,40.47523]},"properties":{"stop_id":"1512","stop_code":"1512","stop_name":"La Bañeza - Cándido Mateos","routes":["042","132","137"]}},{"type":"Feature","geometry":{"type":"Point","coordinates":[-3.72087,40.47402]},"properties":{"stop_id":"1513","stop_code":"1513","stop_name":"César Manrique - Chantada","routes":["127","132","521"]}},{"type":"Feature","geometry":{"type":"Point","coordinates":[-3.72067,40.47401]},"properties":{"stop_id":"1514","stop_code":"1514","stop_name":"César Manrique - Chantada","routes":["127","132","521"]}},{"type":"Feature","geometry":{"type":"Point","coordinates":[-3.72044,40.47253]},"properties":{"stop_id":"1515","stop_code":"1515","stop_name":"César Manrique - La Cabrera","routes":["042","127","132","521"]}},{"type":"Feature","geometry":{"type":"Point","coordinates":[-3.72017,40.47233]},"properties":{"stop_id":"1516","stop_code":"1516","stop_name":"César Manrique - La Cabrera","routes":["127","132","521"]}},{"type":"Feature","geometry":{"type":"Point","coordinates":[-3.72297,40.47313]},"properties":{"stop_id":"1517","stop_code":"1517","stop_name":"Joaquín Lorenzo - Isla Malaita","routes":["042"]}},{"type":"Feature","geometry":{"type":"Point","coordinates":[-3.72277,40.4729]},"properties":{"stop_id":"1518","stop_code":"1518","stop_name":"Joaquín Lorenzo - Isla Malaita","routes":["042"]}},{"type":"Feature","geometry":{"type":"Point","coordinates":[-3.72452,40.4737]},"properties":{"stop_id":"1520","stop_code":"1520","stop_name":"Joaquín Lorenzo - Doctor Castroviejo","routes":["042","137"]}},{"type":"Feature","geometry":{"type":"Point","coordinates":[-3.72772,40.47277]},"properties":{"stop_id":"1523","stop_code":"1523","stop_name":"Doctor Castroviejo - López Ibor","routes":["042","137"]}},{"type":"Feature","geometry":{"type":"Point","coordinates":[-3.71048,40.4725]},"properties":{"stop_id":"1524","stop_code":"1524","stop_name":"Ribadavia - Chantada","routes":["042"]}},{"type":"Feature","geometry":{"type":"Point","coordinates":[-3.68792,40.47424]},"properties":{"stop_id":"1525","stop_code":"1525","stop_name":"Castellana - Sinesio Delgado","routes":["147"]}},{"type":"Feature","geometry":{"type":"Point","coordinates":[-3.6885,40.47095]},"properties":{"stop_id":"1527","stop_code":"1527","stop_name":"Castellana - Matilde Landa","routes":["067","124","134","135","147","173","175","176","178","179","524"]}},{"type":"Feature","geometry":{"type":"Point","coordinates":[-3.69064,40.46581]},"properties":{"stop_id":"1530","stop_code":"1530","stop_name":"Bravo Murillo - Plaza Castilla","routes":["049","066","124"]}},{"type":"Feature","geometry":{"type":"Point","coordinates":[-3.69043,40.46549]},"properties":{"stop_id":"1531","stop_code":"1531","stop_name":"Plaza Castilla","routes":["049","066","124","149"]}},{"type":"Feature","geometry":{"type":"Point","coordinates":[-3.69306,40.46535]},"properties":{"stop_id":"1532","stop_code":"1532","stop_name":"Junta Municipal Tetuán","routes":["049","066","124","522","523"]}},{"type":"Feature","geometry":{"type":"Point","coordinates":[-3.69352,40.465]},"properties":{"stop_id":"1533","stop_code":"1533","stop_name":"Junta Municipal Tetuán","routes":["049","066","124","522","523"]}},{"type":"Feature","geometry":{"type":"Point","coordinates":[-3.69887,40.46542]},"properties":{"stop_id":"1535","stop_code":"1535","stop_name":"Blanco Argibay - Muller","routes":["049","522"]}},{"type":"Feature","geometry":{"type":"Point","coordinates":[-3.70379,40.46691]},"properties":{"stop_id":"1537","stop_code":"1537","stop_name":"Blanco Argibay - Pinos Baja","routes":["049","177","522"]}},{"type":"Feature","geometry":{"type":"Point","coordinates":[-3.70592,40.46764]},"properties":{"stop_id":"1539","stop_code":"1539","stop_name":"Blanco Argibay - Sorgo","routes":["049","522"]}},{"type":"Feature","geometry":{"type":"Point","coordinates":[-3.7121,40.47178]},"properties":{"stop_id":"1542","stop_code":"1542","stop_name":"Piedrafita Del Cebrero","routes":["049","126","128","522"]}},{"type":"Feature","geometry":{"type":"Point","coordinates":[-3.71263,40.47183]},"properties":{"stop_id":"1543","stop_code":"1543","stop_name":"Piedrafita Del Cebrero","routes":["049","126","128","522"]}},{"type":"Feature","geometry":{"type":"Point","coordinates":[-3.70431,40.47997]},"properties":{"stop_id":"1544","stop_code":"1544","stop_name":"Ginzo De Limia - La Vaguada","routes":["049","134","523"]}},{"type":"Feature","geometry":{"type":"Point","coordinates":[-3.70463,40.48002]},"properties":{"stop_id":"1545","stop_code":"1545","stop_name":"Ginzo De Limia - La Vaguada","routes":["049","134","523"]}},{"type":"Feature","geometry":{"type":"Point","coordinates":[-3.70555,40.48312]},"properties":{"stop_id":"1546","stop_code":"1546","stop_name":"Ginzo De Limia - Sangenjo","routes":["049","134","522","523"]}},{"type":"Feature","geometry":{"type":"Point","coordinates":[-3.70578,40.48283]},"properties":{"stop_id":"1547","stop_code":"1547","stop_name":"Ginzo De Limia - Sangenjo","routes":["049","134","523"]}},{"type":"Feature","geometry":{"type":"Point","coordinates":[-3.70779,40.48481]},"properties":{"stop_id":"1548","stop_code":"1548","stop_name":"Metro Herrera Oria","routes":["049","134"]}},{"type":"Feature","geometry":{"type":"Point","coordinates":[-3.70822,40.48477]},"properties":{"stop_id":"1549","stop_code":"1549","stop_name":"Metro Herrera Oria","routes":["049","134"]}},{"type":"Feature","geometry":{"type":"Point","coordinates":[-3.72384,40.48056]},"properties":{"stop_id":"1550","stop_code":"1550","stop_name":"Herrera Oria - Gómez De La Serna","routes":["049","067"]}},{"type":"Feature","geometry":{"type":"Point","coordinates":[-3.72388,40.4802]},"properties":{"stop_id":"1551","stop_code":"1551","stop_name":"Herrera Oria - Gómez De La Serna","routes":["049","067","520"]}},{"type":"Feature","geometry":{"type":"Point","coordinates":[-3.72272,40.48232]},"properties":{"stop_id":"1552","stop_code":"1552","stop_name":"Gómez De La Serna - Julio Calvo","routes":["049"]}},{"type":"Feature","geometry":{"type":"Point","coordinates":[-3.72257,40.48284]},"properties":{"stop_id":"1553","stop_code":"1553","stop_name":"Gómez De La Serna - Julio Calvo","routes":["049"]}},{"type":"Feature","geometry":{"type":"Point","coordinates":[-3.72263,40.48529]},"properties":{"stop_id":"1554","stop_code":"1554","stop_name":"Metro Lacoma","routes":["049"]}},{"type":"Feature","geometry":{"type":"Point","coordinates":[-3.72281,40.48529]},"properties":{"stop_id":"1555","stop_code":"1555","stop_name":"Metro Lacoma","routes":["049"]}},{"type":"Feature","geometry":{"type":"Point","coordinates":[-3.72261,40.48661]},"properties":{"stop_id":"1556","stop_code":"1556","stop_name":"Riscos De Polanco","routes":["049"]}},{"type":"Feature","geometry":{"type":"Point","coordinates":[-3.6552,40.42073]},"properties":{"stop_id":"1557","stop_code":"1557","stop_name":"Féliz Rodríguez De La Fuente","routes":["071"]}},{"type":"Feature","geometry":{"type":"Point","coordinates":[-3.71888,40.48726]},"properties":{"stop_id":"1558","stop_code":"1558","stop_name":"Senda Del Infante - Cerro Minguete","routes":["049"]}},{"type":"Feature","geometry":{"type":"Point","coordinates":[-3.71917,40.48711]},"properties":{"stop_id":"1559","stop_code":"1559","stop_name":"Senda Del Infante - Cerro Minguete","routes":["049","064"]}},{"type":"Feature","geometry":{"type":"Point","coordinates":[-3.71999,40.41966]},"properties":{"stop_id":"1562","stop_code":"1562","stop_name":"Príncipe Pío - Campo Del Moro","routes":["062","068","138","529"]}},{"type":"Feature","geometry":{"type":"Point","coordinates":[-3.71637,40.48763]},"properties":{"stop_id":"1563","stop_code":"1563","stop_name":"Ventisquero De La Condesa - Cerro Minguete","routes":["064"]}},{"type":"Feature","geometry":{"type":"Point","coordinates":[-3.71766,40.48698]},"properties":{"stop_id":"1564","stop_code":"1564","stop_name":"Ventisquero De La Condesa - Cerro Minguete","routes":["521"]}},{"type":"Feature","geometry":{"type":"Point","coordinates":[-3.71552,40.48269]},"properties":{"stop_id":"1565","stop_code":"1565","stop_name":"Lacoma","routes":["049","064","124"]}},{"type":"Feature","geometry":{"type":"Point","coordinates":[-3.70431,40.44738]},"properties":{"stop_id":"1566","stop_code":"1566","stop_name":"Cuatro Caminos","routes":["064"]}},{"type":"Feature","geometry":{"type":"Point","coordinates":[-3.68851,40.4077]},"properties":{"stop_id":"1567","stop_code":"1567","stop_name":"Alfonso XII - Estación De Atocha","routes":["019"]}},{"type":"Feature","geometry":{"type":"Point","coordinates":[-3.7035,40.44925]},"properties":{"stop_id":"1568","stop_code":"1568","stop_name":"Alvarado","routes":["003","064","066","124","128","523"]}},{"type":"Feature","geometry":{"type":"Point","coordinates":[-3.7031,40.4516]},"properties":{"stop_id":"1569","stop_code":"1569","stop_name":"Teruel","routes":["003","064","066","124","128"]}},{"type":"Feature","geometry":{"type":"Point","coordinates":[-3.70353,40.45137]},"properties":{"stop_id":"1570","stop_code":"1570","stop_name":"Teruel","routes":["003","064","066","124","128"]}},{"type":"Feature","geometry":{"type":"Point","coordinates":[-3.70258,40.45484]},"properties":{"stop_id":"1571","stop_code":"1571","stop_name":"Estrecho","routes":["064","066","124","126","128","523"]}},{"type":"Feature","geometry":{"type":"Point","coordinates":[-3.70229,40.45741]},"properties":{"stop_id":"1572","stop_code":"1572","stop_name":"Bravo Murillo - Lope De Haro","routes":["064","126","128"]}},{"type":"Feature","geometry":{"type":"Point","coordinates":[-3.70548,40.45668]},"properties":{"stop_id":"1573","stop_code":"1573","stop_name":"Francos Rodríguez - Villaamil","routes":["064","126","128"]}},{"type":"Feature","geometry":{"type":"Point","coordinates":[-3.70537,40.4565]},"properties":{"stop_id":"1574","stop_code":"1574","stop_name":"Francos Rodríguez - Villaamil","routes":["064","126","128"]}},{"type":"Feature","geometry":{"type":"Point","coordinates":[-3.70926,40.45715]},"properties":{"stop_id":"1575","stop_code":"1575","stop_name":"Francos Rodríguez - Numancia","routes":["064","126","128"]}},{"type":"Feature","geometry":{"type":"Point","coordinates":[-3.71031,40.45736]},"properties":{"stop_id":"1576","stop_code":"1576","stop_name":"Francos Rodríguez - Numancia","routes":["064","126","128"]}},{"type":"Feature","geometry":{"type":"Point","coordinates":[-3.71217,40.45784]},"properties":{"stop_id":"1577","stop_code":"1577","stop_name":"Metro Francos Rodríguez","routes":["064","126","127","132","521"]}},{"type":"Feature","geometry":{"type":"Point","coordinates":[-3.71218,40.45748]},"properties":{"stop_id":"1578","stop_code":"1578","stop_name":"Metro Francos Rodríguez","routes":["064","126","127","132","521"]}},{"type":"Feature","geometry":{"type":"Point","coordinates":[-3.71445,40.45839]},"properties":{"stop_id":"1579","stop_code":"1579","stop_name":"Instituto La Paloma","routes":["064"]}},{"type":"Feature","geometry":{"type":"Point","coordinates":[-3.71453,40.45815]},"properties":{"stop_id":"1580","stop_code":"1580","stop_name":"Instituto La Paloma","routes":["064"]}},{"type":"Feature","geometry":{"type":"Point","coordinates":[-3.71884,40.45975]},"properties":{"stop_id":"1581","stop_code":"1581","stop_name":"Francos Rodríguez - Antonio Machado","routes":["064"]}},{"type":"Feature","geometry":{"type":"Point","coordinates":[-3.71885,40.45947]},"properties":{"stop_id":"1582","stop_code":"1582","stop_name":"Francos Rodríguez - Antonio Machado","routes":["064"]}},{"type":"Feature","geometry":{"type":"Point","coordinates":[-3.71904,40.46183]},"properties":{"stop_id":"1583","stop_code":"1583","stop_name":"Antonio Machado - Martín Alzaga","routes":["064"]}},{"type":"Feature","geometry":{"type":"Point","coordinates":[-3.71935,40.46176]},"properties":{"stop_id":"1584","stop_code":"1584","stop_name":"Antonio Machado - Martín Alzaga","routes":["064"]}},{"type":"Feature","geometry":{"type":"Point","coordinates":[-3.7227,40.46426]},"properties":{"stop_id":"1585","stop_code":"1585","stop_name":"Isla De Oza - Aurora","routes":["064","137"]}},{"type":"Feature","geometry":{"type":"Point","coordinates":[-3.72422,40.46739]},"properties":{"stop_id":"1587","stop_code":"1587","stop_name":"Nueva Zelanda - Ruperto Andrés","routes":["064"]}},{"type":"Feature","geometry":{"type":"Point","coordinates":[-3.72432,40.46736]},"properties":{"stop_id":"1588","stop_code":"1588","stop_name":"Nueva Zelanda - Ruperto Andrés","routes":["064","137","520"]}},{"type":"Feature","geometry":{"type":"Point","coordinates":[-3.72586,40.46956]},"properties":{"stop_id":"1589","stop_code":"1589","stop_name":"López Ibor - Isla Cristina","routes":["064"]}},{"type":"Feature","geometry":{"type":"Point","coordinates":[-3.72611,40.46957]},"properties":{"stop_id":"1590","stop_code":"1590","stop_name":"López Ibor - Isla Cristina","routes":["064","137","520"]}},{"type":"Feature","geometry":{"type":"Point","coordinates":[-3.72821,40.47234]},"properties":{"stop_id":"1591","stop_code":"1591","stop_name":"Doctor Castroviejo - López Ibor","routes":["064"]}},{"type":"Feature","geometry":{"type":"Point","coordinates":[-3.7279,40.47167]},"properties":{"stop_id":"1592","stop_code":"1592","stop_name":"Doctor Castroviejo - López Ibor","routes":["064","137","520"]}},{"type":"Feature","geometry":{"type":"Point","coordinates":[-3.72893,40.47728]},"properties":{"stop_id":"1594","stop_code":"1594","stop_name":"Islas Aleutianas - Herrera Oria","routes":["064"]}},{"type":"Feature","geometry":{"type":"Point","coordinates":[-3.71478,40.48357]},"properties":{"stop_id":"1595","stop_code":"1595","stop_name":"Herrera Oria - Ventisquero De La Condesa","routes":["064","521"]}},{"type":"Feature","geometry":{"type":"Point","coordinates":[-3.71494,40.48336]},"properties":{"stop_id":"1596","stop_code":"1596","stop_name":"Herrera Oria - Ventisquero De La Condesa","routes":["064","521"]}},{"type":"Feature","geometry":{"type":"Point","coordinates":[-3.7169,40.48676]},"properties":{"stop_id":"1597","stop_code":"1597","stop_name":"Ventisquero De La Condesa - Cerro Minguete","routes":["064"]}},{"type":"Feature","geometry":{"type":"Point","coordinates":[-3.7292,40.47646]},"properties":{"stop_id":"1598","stop_code":"1598","stop_name":"Islas Aleutianas - Herrera Oria","routes":["064","520"]}},{"type":"Feature","geometry":{"type":"Point","coordinates":[-3.70374,40.45487]},"properties":{"stop_id":"1599","stop_code":"1599","stop_name":"Estrecho","routes":["064","128"]}},{"type":"Feature","geometry":{"type":"Point","coordinates":[-3.70388,40.44904]},"properties":{"stop_id":"1600","stop_code":"1600","stop_name":"Alvarado","routes":["003","064","066","124","128","523"]}},{"type":"Feature","geometry":{"type":"Point","coordinates":[-3.68899,40.48065]},"properties":{"stop_id":"1602","stop_code":"1602","stop_name":"Begoñahospital La Paz","routes":["067","124","132","135","137","179","524"]}},{"type":"Feature","geometry":{"type":"Point","coordinates":[-3.69131,40.48099]},"properties":{"stop_id":"1604","stop_code":"1604","stop_name":"Arzobispo Morcillo - Facultad Medicina","routes":["067","132"]}},{"type":"Feature","geometry":{"type":"Point","coordinates":[-3.69137,40.4809]},"properties":{"stop_id":"1605","stop_code":"1605","stop_name":"Arzobispo Morcillo - Facultad Medicina","routes":["067","132"]}},{"type":"Feature","geometry":{"type":"Point","coordinates":[-3.69378,40.48273]},"properties":{"stop_id":"1606","stop_code":"1606","stop_name":"Julio Palacios","routes":["067","524"]}},{"type":"Feature","geometry":{"type":"Point","coordinates":[-3.69399,40.48268]},"properties":{"stop_id":"1607","stop_code":"1607","stop_name":"Julio Palacios","routes":["067","524"]}},{"type":"Feature","geometry":{"type":"Point","coordinates":[-3.69441,40.48503]},"properties":{"stop_id":"1608","stop_code":"1608","stop_name":"Pedro Rico - Julio Palacios","routes":["067"]}},{"type":"Feature","geometry":{"type":"Point","coordinates":[-3.69412,40.48492]},"properties":{"stop_id":"1609","stop_code":"1609","stop_name":"Pedro Rico - Julio Palacios","routes":["067"]}},{"type":"Feature","geometry":{"type":"Point","coordinates":[-3.6981,40.48422]},"properties":{"stop_id":"1610","stop_code":"1610","stop_name":"Pedro Rico - Arzobispo Morcillo","routes":["067"]}},{"type":"Feature","geometry":{"type":"Point","coordinates":[-3.69823,40.48396]},"properties":{"stop_id":"1611","stop_code":"1611","stop_name":"Pedro Rico - Arzobispo Morcillo","routes":["067"]}},{"type":"Feature","geometry":{"type":"Point","coordinates":[-3.70393,40.48527]},"properties":{"stop_id":"1612","stop_code":"1612","stop_name":"Fermín Caballero - Patones","routes":["067","124","133","523"]}},{"type":"Feature","geometry":{"type":"Point","coordinates":[-3.70747,40.48377]},"properties":{"stop_id":"1614","stop_code":"1614","stop_name":"Metro Herrera Oria","routes":["067","127","133"]}},{"type":"Feature","geometry":{"type":"Point","coordinates":[-3.70927,40.48291]},"properties":{"stop_id":"1615","stop_code":"1615","stop_name":"Colegio Valdeluz","routes":["067","124","127","133"]}},{"type":"Feature","geometry":{"type":"Point","coordinates":[-3.70922,40.48281]},"properties":{"stop_id":"1616","stop_code":"1616","stop_name":"Colegio Valdeluz","routes":["067","127","133"]}},{"type":"Feature","geometry":{"type":"Point","coordinates":[-3.7118,40.48238]},"properties":{"stop_id":"1617","stop_code":"1617","stop_name":"Plaza De Cieza","routes":["067","124","127","133"]}},{"type":"Feature","geometry":{"type":"Point","coordinates":[-3.71175,40.48227]},"properties":{"stop_id":"1618","stop_code":"1618","stop_name":"Plaza De Cieza","routes":["067","127","133"]}},{"type":"Feature","geometry":{"type":"Point","coordinates":[-3.71648,40.48057]},"properties":{"stop_id":"1619","stop_code":"1619","stop_name":"Fermín Caballero - Isla De Arosa","routes":["067","127","521"]}},{"type":"Feature","geometry":{"type":"Point","coordinates":[-3.7164,40.48044]},"properties":{"stop_id":"1620","stop_code":"1620","stop_name":"Fermín Caballero - Isla De Arosa","routes":["067","127","521"]}},{"type":"Feature","geometry":{"type":"Point","coordinates":[-3.71951,40.47918]},"properties":{"stop_id":"1621","stop_code":"1621","stop_name":"Fermín Caballero - Islas Cíes","routes":["067","127","521"]}},{"type":"Feature","geometry":{"type":"Point","coordinates":[-3.71956,40.479]},"properties":{"stop_id":"1622","stop_code":"1622","stop_name":"Fermín Caballero - Islas Cíes","routes":["067","127","521"]}},{"type":"Feature","geometry":{"type":"Point","coordinates":[-3.72177,40.47809]},"properties":{"stop_id":"1623","stop_code":"1623","stop_name":"Fermín Caballero - Isla De Tabarca","routes":["067","127","521"]}},{"type":"Feature","geometry":{"type":"Point","coordinates":[-3.72153,40.47805]},"properties":{"stop_id":"1624","stop_code":"1624","stop_name":"Fermín Caballero - Isla De Tabarca","routes":["067","127","521"]}},{"type":"Feature","geometry":{"type":"Point","coordinates":[-3.72579,40.48163]},"properties":{"stop_id":"1625","stop_code":"1625","stop_name":"Gómez De La Serna - Colonia El Pino","routes":["067"]}},{"type":"Feature","geometry":{"type":"Point","coordinates":[-3.7259,40.48151]},"properties":{"stop_id":"1626","stop_code":"1626","stop_name":"Gómez De La Serna - Colonia El Pino","routes":["067","520"]}},{"type":"Feature","geometry":{"type":"Point","coordinates":[-3.72906,40.4831]},"properties":{"stop_id":"1627","stop_code":"1627","stop_name":"Gómez De La Serna - Alejandro Casona","routes":["067"]}},{"type":"Feature","geometry":{"type":"Point","coordinates":[-3.72927,40.48307]},"properties":{"stop_id":"1628","stop_code":"1628","stop_name":"Gómez De La Serna - Alejandro Casona","routes":["067","520"]}},{"type":"Feature","geometry":{"type":"Point","coordinates":[-3.73167,40.48434]},"properties":{"stop_id":"1629","stop_code":"1629","stop_name":"Rosalía De Castro - Gómez De La Serna","routes":["067","082"]}},{"type":"Feature","geometry":{"type":"Point","coordinates":[-3.73158,40.48414]},"properties":{"stop_id":"1630","stop_code":"1630","stop_name":"Rosalía De Castro - Gómez De La Serna","routes":["067","082","520"]}},{"type":"Feature","geometry":{"type":"Point","coordinates":[-3.73397,40.48334]},"properties":{"stop_id":"1631","stop_code":"1631","stop_name":"Rosalía De Castro - Gabriela Mistral","routes":["067"]}},{"type":"Feature","geometry":{"type":"Point","coordinates":[-3.73363,40.48408]},"properties":{"stop_id":"1632","stop_code":"1632","stop_name":"Rosalía De Castro - Gabriela Mistral","routes":["067","520"]}},{"type":"Feature","geometry":{"type":"Point","coordinates":[-3.73373,40.48212]},"properties":{"stop_id":"1633","stop_code":"1633","stop_name":"Rodríguez Castelao - Rosalía De Castro","routes":["067","082"]}},{"type":"Feature","geometry":{"type":"Point","coordinates":[-3.7339,40.48225]},"properties":{"stop_id":"1634","stop_code":"1634","stop_name":"Rodríguez Castelao - Rosalía De Castro","routes":["067","082"]}},{"type":"Feature","geometry":{"type":"Point","coordinates":[-3.73289,40.48163]},"properties":{"stop_id":"1635","stop_code":"1635","stop_name":"Barrio Peñagrande","routes":["082"]}},{"type":"Feature","geometry":{"type":"Point","coordinates":[-3.70677,40.48503]},"properties":{"stop_id":"1636","stop_code":"1636","stop_name":"Valencia De Don Juan - Ginzo De Limia","routes":["067","133","523"]}},{"type":"Feature","geometry":{"type":"Point","coordinates":[-3.70128,40.48699]},"properties":{"stop_id":"1637","stop_code":"1637","stop_name":"Valencia De Don Juan - Alfredo Marqueríe","routes":["067","133","523"]}},{"type":"Feature","geometry":{"type":"Point","coordinates":[-3.69736,40.48719]},"properties":{"stop_id":"1638","stop_code":"1638","stop_name":"Fermín Caballero - Alfredo Marqueríe","routes":["067"]}},{"type":"Feature","geometry":{"type":"Point","coordinates":[-3.69953,40.48453]},"properties":{"stop_id":"1639","stop_code":"1639","stop_name":"Narcís Monturiol","routes":["067","522"]}},{"type":"Feature","geometry":{"type":"Point","coordinates":[-3.68616,40.47982]},"properties":{"stop_id":"1640","stop_code":"1640","stop_name":"Begoña - Hospital La Paz","routes":["067","124","134","135","179","524"]}},{"type":"Feature","geometry":{"type":"Point","coordinates":[-3.71229,40.46007]},"properties":{"stop_id":"1643","stop_code":"1643","stop_name":"Santo Ángel De La Guarda - General Cadenas","routes":["126","127","132","521"]}},{"type":"Feature","geometry":{"type":"Point","coordinates":[-3.7125,40.45979]},"properties":{"stop_id":"1644","stop_code":"1644","stop_name":"Santo Ángel De La Guarda - General Cadenas","routes":["126","127","132","521"]}},{"type":"Feature","geometry":{"type":"Point","coordinates":[-3.7134,40.46316]},"properties":{"stop_id":"1645","stop_code":"1645","stop_name":"Santo Ángel De La Guarda - Arciniega","routes":["126","127","132","521"]}},{"type":"Feature","geometry":{"type":"Point","coordinates":[-3.7134,40.46299]},"properties":{"stop_id":"1646","stop_code":"1646","stop_name":"Santo Ángel De La Guarda - Arciniega","routes":["126","127","132","521"]}},{"type":"Feature","geometry":{"type":"Point","coordinates":[-3.71574,40.46327]},"properties":{"stop_id":"1647","stop_code":"1647","stop_name":"Martín Alzaga - Altea","routes":["126","127","132","521"]}},{"type":"Feature","geometry":{"type":"Point","coordinates":[-3.71535,40.4632]},"properties":{"stop_id":"1648","stop_code":"1648","stop_name":"Martín Alzaga - Altea","routes":["126","127","132","521"]}},{"type":"Feature","geometry":{"type":"Point","coordinates":[-3.71837,40.46272]},"properties":{"stop_id":"1649","stop_code":"1649","stop_name":"Martín Alzaga - Artajona","routes":["126","127","132","521"]}},{"type":"Feature","geometry":{"type":"Point","coordinates":[-3.71816,40.46267]},"properties":{"stop_id":"1650","stop_code":"1650","stop_name":"Martín Alzaga - Artajona","routes":["126","127","132","521"]}},{"type":"Feature","geometry":{"type":"Point","coordinates":[-3.72023,40.46322]},"properties":{"stop_id":"1652","stop_code":"1652","stop_name":"Antonio Machado - Isla De Oza","routes":["126","127","132"]}},{"type":"Feature","geometry":{"type":"Point","coordinates":[-3.71916,40.46589]},"properties":{"stop_id":"1653","stop_code":"1653","stop_name":"Antonio Machado - Sinesio Delgado","routes":["127","132","521"]}},{"type":"Feature","geometry":{"type":"Point","coordinates":[-3.71933,40.46572]},"properties":{"stop_id":"1654","stop_code":"1654","stop_name":"Antonio Machado - Sinesio Delgado","routes":["127","132","521"]}},{"type":"Feature","geometry":{"type":"Point","coordinates":[-3.71952,40.46746]},"properties":{"stop_id":"1655","stop_code":"1655","stop_name":"Antonio Machado - Centro Cultural","routes":["127","132","521"]}},{"type":"Feature","geometry":{"type":"Point","coordinates":[-3.71951,40.46813]},"properties":{"stop_id":"1656","stop_code":"1656","stop_name":"Antonio Machado - Centro Cultural","routes":["127","132","521"]}},{"type":"Feature","geometry":{"type":"Point","coordinates":[-3.71952,40.47022]},"properties":{"stop_id":"1657","stop_code":"1657","stop_name":"Metro Antonio Machado","routes":["127","132","521"]}},{"type":"Feature","geometry":{"type":"Point","coordinates":[-3.71975,40.47022]},"properties":{"stop_id":"1658","stop_code":"1658","stop_name":"Metro Antonio Machado","routes":["127","132","521"]}},{"type":"Feature","geometry":{"type":"Point","coordinates":[-3.72221,40.47295]},"properties":{"stop_id":"1659","stop_code":"1659","stop_name":"Joaquín Lorenzo - Isla Malaita","routes":["137"]}},{"type":"Feature","geometry":{"type":"Point","coordinates":[-3.72127,40.47426]},"properties":{"stop_id":"1661","stop_code":"1661","stop_name":"César Manrique - Chantada","routes":["137"]}},{"type":"Feature","geometry":{"type":"Point","coordinates":[-3.72126,40.47619]},"properties":{"stop_id":"1663","stop_code":"1663","stop_name":"Glorieta Salvador Maella","routes":["127","179"]}},{"type":"Feature","geometry":{"type":"Point","coordinates":[-3.72175,40.47553]},"properties":{"stop_id":"1664","stop_code":"1664","stop_name":"Glorieta Salvador Maella","routes":["127","179"]}},{"type":"Feature","geometry":{"type":"Point","coordinates":[-3.70676,40.48374]},"properties":{"stop_id":"1665","stop_code":"1665","stop_name":"Ciudad Periodistas","routes":["127"]}},{"type":"Feature","geometry":{"type":"Point","coordinates":[-3.70889,40.44919]},"properties":{"stop_id":"1666","stop_code":"1666","stop_name":"Rubio Y Galí - Almansa","routes":["044","127","521"]}},{"type":"Feature","geometry":{"type":"Point","coordinates":[-3.70873,40.44883]},"properties":{"stop_id":"1667","stop_code":"1667","stop_name":"Rubio Y Galí - Almansa","routes":["044","127","521"]}},{"type":"Feature","geometry":{"type":"Point","coordinates":[-3.7094,40.45056]},"properties":{"stop_id":"1668","stop_code":"1668","stop_name":"Rubio Y Galí - Aranjuez","routes":["044","127"]}},{"type":"Feature","geometry":{"type":"Point","coordinates":[-3.70959,40.45052]},"properties":{"stop_id":"1669","stop_code":"1669","stop_name":"Rubio Y Galí - Aranjuez","routes":["044","127"]}},{"type":"Feature","geometry":{"type":"Point","coordinates":[-3.70978,40.4524]},"properties":{"stop_id":"1670","stop_code":"1670","stop_name":"Rubio Y Galí - Jerónima Llorente","routes":["044","127","521"]}},{"type":"Feature","geometry":{"type":"Point","coordinates":[-3.7099,40.45226]},"properties":{"stop_id":"1671","stop_code":"1671","stop_name":"Rubio Y Galí - Jerónima Llorente","routes":["044","127","521"]}},{"type":"Feature","geometry":{"type":"Point","coordinates":[-3.7125,40.45383]},"properties":{"stop_id":"1672","stop_code":"1672","stop_name":"Rubio Y Galí - Pablo Iglesias","routes":["127","521"]}},{"type":"Feature","geometry":{"type":"Point","coordinates":[-3.71243,40.45329]},"properties":{"stop_id":"1673","stop_code":"1673","stop_name":"Rubio Y Galí - Pablo Iglesias","routes":["127","521"]}},{"type":"Feature","geometry":{"type":"Point","coordinates":[-3.71193,40.45671]},"properties":{"stop_id":"1674","stop_code":"1674","stop_name":"Metro Francos Rodríguez","routes":["127","132","521"]}},{"type":"Feature","geometry":{"type":"Point","coordinates":[-3.71252,40.45633]},"properties":{"stop_id":"1675","stop_code":"1675","stop_name":"Metro Francos Rodríguez","routes":["127","132","521"]}},{"type":"Feature","geometry":{"type":"Point","coordinates":[-3.71101,40.45802]},"properties":{"stop_id":"1676","stop_code":"1676","stop_name":"Metro Francos Rodríguez","routes":["044","128"]}},{"type":"Feature","geometry":{"type":"Point","coordinates":[-3.71132,40.45808]},"properties":{"stop_id":"1677","stop_code":"1677","stop_name":"Metro Francos Rodríguez","routes":["044","128"]}},{"type":"Feature","geometry":{"type":"Point","coordinates":[-3.70866,40.46151]},"properties":{"stop_id":"1678","stop_code":"1678","stop_name":"Ofelia Nieto","routes":["044","128"]}},{"type":"Feature","geometry":{"type":"Point","coordinates":[-3.709,40.46154]},"properties":{"stop_id":"1679","stop_code":"1679","stop_name":"Ofelia Nieto","routes":["044","128"]}},{"type":"Feature","geometry":{"type":"Point","coordinates":[-3.70946,40.4646]},"properties":{"stop_id":"1680","stop_code":"1680","stop_name":"Villaamil - San Restituto","routes":["128"]}},{"type":"Feature","geometry":{"type":"Point","coordinates":[-3.70962,40.46452]},"properties":{"stop_id":"1681","stop_code":"1681","stop_name":"Villaamil - San Restituto","routes":["128"]}},{"type":"Feature","geometry":{"type":"Point","coordinates":[-3.71164,40.46803]},"properties":{"stop_id":"1682","stop_code":"1682","stop_name":"Camino Del Chorrillo","routes":["128"]}},{"type":"Feature","geometry":{"type":"Point","coordinates":[-3.71155,40.46769]},"properties":{"stop_id":"1683","stop_code":"1683","stop_name":"Camino Del Chorrillo","routes":["128"]}},{"type":"Feature","geometry":{"type":"Point","coordinates":[-3.72616,40.44034]},"properties":{"stop_id":"1684","stop_code":"1684","stop_name":"Cardenal Cisneros","routes":["082","092","099","132","520"]}},{"type":"Feature","geometry":{"type":"Point","coordinates":[-3.72683,40.4405]},"properties":{"stop_id":"1685","stop_code":"1685","stop_name":"Cardenal Cisneros","routes":["082","092","099","132","520"]}},{"type":"Feature","geometry":{"type":"Point","coordinates":[-3.72653,40.4413]},"properties":{"stop_id":"1686","stop_code":"1686","stop_name":"Agrónomos","routes":["082","092","099","132"]}},{"type":"Feature","geometry":{"type":"Point","coordinates":[-3.72697,40.44352]},"properties":{"stop_id":"1687","stop_code":"1687","stop_name":"Ciudad Universitaria","routes":["082","092","099","132","520","870"]}},{"type":"Feature","geometry":{"type":"Point","coordinates":[-3.72732,40.44333]},"properties":{"stop_id":"1688","stop_code":"1688","stop_name":"Ciudad Universitaria","routes":["082","092","099","132","520","869"]}},{"type":"Feature","geometry":{"type":"Point","coordinates":[-3.7273,40.44561]},"properties":{"stop_id":"1689","stop_code":"1689","stop_name":"Avenida Complutense - Ciencias Información","routes":["082","092","099","132"]}},{"type":"Feature","geometry":{"type":"Point","coordinates":[-3.72764,40.44543]},"properties":{"stop_id":"1690","stop_code":"1690","stop_name":"Avenida Complutense - Ciencias Información","routes":["082","092","099","132"]}},{"type":"Feature","geometry":{"type":"Point","coordinates":[-3.72772,40.44772]},"properties":{"stop_id":"1691","stop_code":"1691","stop_name":"Avenida Complutense - Jardín Botánico","routes":["082","092","099","132","520"]}},{"type":"Feature","geometry":{"type":"Point","coordinates":[-3.72803,40.44772]},"properties":{"stop_id":"1692","stop_code":"1692","stop_name":"Avenida Complutense - Jardín Botánico","routes":["082","092","099","132","520"]}},{"type":"Feature","geometry":{"type":"Point","coordinates":[-3.7274,40.4502]},"properties":{"stop_id":"1693","stop_code":"1693","stop_name":"Paraninfo - Matemáticas","routes":["082","091","092","099","520"]}},{"type":"Feature","geometry":{"type":"Point","coordinates":[-3.72921,40.44937]},"properties":{"stop_id":"1694","stop_code":"1694","stop_name":"Paraninfo - Filosofía","routes":["082","091","092","099","520"]}},{"type":"Feature","geometry":{"type":"Point","coordinates":[-3.72952,40.45102]},"properties":{"stop_id":"1696","stop_code":"1696","stop_name":"Paraninfo - Derecho","routes":["082","091","092","099","520"]}},{"type":"Feature","geometry":{"type":"Point","coordinates":[-3.72906,40.45483]},"properties":{"stop_id":"1697","stop_code":"1697","stop_name":"Paraninfo - Ciemat","routes":["082","520"]}},{"type":"Feature","geometry":{"type":"Point","coordinates":[-3.72926,40.45455]},"properties":{"stop_id":"1698","stop_code":"1698","stop_name":"Paraninfo - Ciemat","routes":["082","520"]}},{"type":"Feature","geometry":{"type":"Point","coordinates":[-3.72961,40.45764]},"properties":{"stop_id":"1699","stop_code":"1699","stop_name":"Avenida De Miraflores - Dehesa De La Villa","routes":["082","520"]}},{"type":"Feature","geometry":{"type":"Point","coordinates":[-3.72993,40.45753]},"properties":{"stop_id":"1700","stop_code":"1700","stop_name":"Avenida De Miraflores - Dehesa De La Villa","routes":["082","520"]}},{"type":"Feature","geometry":{"type":"Point","coordinates":[-3.72719,40.46064]},"properties":{"stop_id":"1701","stop_code":"1701","stop_name":"Navalperal - Madrigal","routes":["082","520"]}},{"type":"Feature","geometry":{"type":"Point","coordinates":[-3.72437,40.46146]},"properties":{"stop_id":"1703","stop_code":"1703","stop_name":"Fernández Clausells - Mártires Maristas","routes":["082","137","520"]}},{"type":"Feature","geometry":{"type":"Point","coordinates":[-3.72493,40.46122]},"properties":{"stop_id":"1704","stop_code":"1704","stop_name":"José Fentanes - Mártires Maristas","routes":["082","137","520"]}},{"type":"Feature","geometry":{"type":"Point","coordinates":[-3.72436,40.46435]},"properties":{"stop_id":"1705","stop_code":"1705","stop_name":"Fernández Clausells - Isla De Oza","routes":["082","137","520"]}},{"type":"Feature","geometry":{"type":"Point","coordinates":[-3.72502,40.46428]},"properties":{"stop_id":"1706","stop_code":"1706","stop_name":"José Fentanes - Isla De Oza","routes":["082","137","520"]}},{"type":"Feature","geometry":{"type":"Point","coordinates":[-3.72759,40.46891]},"properties":{"stop_id":"1709","stop_code":"1709","stop_name":"San Martín De Porres - Artesa De Segre","routes":["082","137"]}},{"type":"Feature","geometry":{"type":"Point","coordinates":[-3.72747,40.46851]},"properties":{"stop_id":"1710","stop_code":"1710","stop_name":"San Martín De Porres - Artesa De Segre","routes":["082"]}},{"type":"Feature","geometry":{"type":"Point","coordinates":[-3.72897,40.47133]},"properties":{"stop_id":"1711","stop_code":"1711","stop_name":"San Martín De Porres - Guisando","routes":["082","137","520"]}},{"type":"Feature","geometry":{"type":"Point","coordinates":[-3.72897,40.47107]},"properties":{"stop_id":"1712","stop_code":"1712","stop_name":"San Martín De Porres - Guisando","routes":["082"]}},{"type":"Feature","geometry":{"type":"Point","coordinates":[-3.73333,40.47245]},"properties":{"stop_id":"1713","stop_code":"1713","stop_name":"Doctor Castroviejo - Avenida De Miraflores","routes":["082"]}},{"type":"Feature","geometry":{"type":"Point","coordinates":[-3.73587,40.47319]},"properties":{"stop_id":"1715","stop_code":"1715","stop_name":"Glorieta Francisco Bayéu","routes":["082"]}},{"type":"Feature","geometry":{"type":"Point","coordinates":[-3.73881,40.47469]},"properties":{"stop_id":"1716","stop_code":"1716","stop_name":"Cantalejo - Chapineria","routes":["082"]}},{"type":"Feature","geometry":{"type":"Point","coordinates":[-3.73927,40.47474]},"properties":{"stop_id":"1717","stop_code":"1717","stop_name":"Cantalejo - Chapineria","routes":["082"]}},{"type":"Feature","geometry":{"type":"Point","coordinates":[-3.74149,40.4754]},"properties":{"stop_id":"1718","stop_code":"1718","stop_name":"Cantalejo - Arroyofresno","routes":["082"]}},{"type":"Feature","geometry":{"type":"Point","coordinates":[-3.74182,40.4754]},"properties":{"stop_id":"1719","stop_code":"1719","stop_name":"Cantalejo - Arroyofresno","routes":["082"]}},{"type":"Feature","geometry":{"type":"Point","coordinates":[-3.74106,40.47734]},"properties":{"stop_id":"1720","stop_code":"1720","stop_name":"Arroyofresno - Herrera Oria","routes":["082","520"]}},{"type":"Feature","geometry":{"type":"Point","coordinates":[-3.74099,40.47758]},"properties":{"stop_id":"1721","stop_code":"1721","stop_name":"Arroyofresno - Herrera Oria","routes":["082"]}},{"type":"Feature","geometry":{"type":"Point","coordinates":[-3.73941,40.48011]},"properties":{"stop_id":"1722","stop_code":"1722","stop_name":"Fresnedillas","routes":["082","520"]}},{"type":"Feature","geometry":{"type":"Point","coordinates":[-3.73973,40.47995]},"properties":{"stop_id":"1723","stop_code":"1723","stop_name":"Fresnedillas","routes":["082"]}},{"type":"Feature","geometry":{"type":"Point","coordinates":[-3.73731,40.48018]},"properties":{"stop_id":"1724","stop_code":"1724","stop_name":"Gabriela Mistral - Alas Clarín","routes":["082","520"]}},{"type":"Feature","geometry":{"type":"Point","coordinates":[-3.73698,40.48099]},"properties":{"stop_id":"1725","stop_code":"1725","stop_name":"Gabriela Mistral - Alas Clarín","routes":["082"]}},{"type":"Feature","geometry":{"type":"Point","coordinates":[-3.73592,40.48209]},"properties":{"stop_id":"1726","stop_code":"1726","stop_name":"Rodríguez Castelao - Gabriela Mistral","routes":["082","520"]}},{"type":"Feature","geometry":{"type":"Point","coordinates":[-3.73606,40.48222]},"properties":{"stop_id":"1727","stop_code":"1727","stop_name":"Rodríguez Castelao - Gabriela Mistral","routes":["082"]}},{"type":"Feature","geometry":{"type":"Point","coordinates":[-3.67389,40.47139]},"properties":{"stop_id":"1728","stop_code":"1728","stop_name":"Pío XII","routes":["014","016"]}},{"type":"Feature","geometry":{"type":"Point","coordinates":[-3.73203,40.48162]},"properties":{"stop_id":"1729","stop_code":"1729","stop_name":"Rodríguez Castelao - Doctor Reinosa","routes":["082"]}},{"type":"Feature","geometry":{"type":"Point","coordinates":[-3.7308,40.48109]},"properties":{"stop_id":"1730","stop_code":"1730","stop_name":"Alejandro Casona - Doctor Reinosa","routes":["082"]}},{"type":"Feature","geometry":{"type":"Point","coordinates":[-3.73108,40.48094]},"properties":{"stop_id":"1731","stop_code":"1731","stop_name":"Alejandro Casona - Doctor Reinosa","routes":["082"]}},{"type":"Feature","geometry":{"type":"Point","coordinates":[-3.69159,40.4793]},"properties":{"stop_id":"1732","stop_code":"1732","stop_name":"Monforte De Lemos - Parque Norte","routes":["134","137"]}},{"type":"Feature","geometry":{"type":"Point","coordinates":[-3.69307,40.4792]},"properties":{"stop_id":"1733","stop_code":"1733","stop_name":"Monforte De Lemos - Parque Norte","routes":["134","137","179"]}},{"type":"Feature","geometry":{"type":"Point","coordinates":[-3.6971,40.47984]},"properties":{"stop_id":"1734","stop_code":"1734","stop_name":"Monforte De Lemos - Puentecesures","routes":["134","137","179"]}},{"type":"Feature","geometry":{"type":"Point","coordinates":[-3.697,40.47958]},"properties":{"stop_id":"1735","stop_code":"1735","stop_name":"Monforte De Lemos - Puentecesures","routes":["134","137","179"]}},{"type":"Feature","geometry":{"type":"Point","coordinates":[-3.70064,40.48015]},"properties":{"stop_id":"1736","stop_code":"1736","stop_name":"Monforte De Lemos - Parque Bomberos","routes":["134","137","179"]}},{"type":"Feature","geometry":{"type":"Point","coordinates":[-3.70051,40.47991]},"properties":{"stop_id":"1737","stop_code":"1737","stop_name":"Monforte De Lemos - Parque Bomberos","routes":["134","137","179"]}},{"type":"Feature","geometry":{"type":"Point","coordinates":[-3.72991,40.48319]},"properties":{"stop_id":"1738","stop_code":"1738","stop_name":"Barrio Peñagrande","routes":["082"]}},{"type":"Feature","geometry":{"type":"Point","coordinates":[-3.71421,40.48384]},"properties":{"stop_id":"1739","stop_code":"1739","stop_name":"Herrera Oria - Ventisquero De La Condesa","routes":["134"]}},{"type":"Feature","geometry":{"type":"Point","coordinates":[-3.7144,40.48375]},"properties":{"stop_id":"1740","stop_code":"1740","stop_name":"Herrera Oria - Ventisquero De La Condesa","routes":["134"]}},{"type":"Feature","geometry":{"type":"Point","coordinates":[-3.71416,40.48678]},"properties":{"stop_id":"1741","stop_code":"1741","stop_name":"La Masó - Saloú","routes":["134"]}},{"type":"Feature","geometry":{"type":"Point","coordinates":[-3.71435,40.48675]},"properties":{"stop_id":"1742","stop_code":"1742","stop_name":"La Masó - Saloú","routes":["134"]}},{"type":"Feature","geometry":{"type":"Point","coordinates":[-3.71401,40.48918]},"properties":{"stop_id":"1743","stop_code":"1743","stop_name":"Ruber Internacional","routes":["134"]}},{"type":"Feature","geometry":{"type":"Point","coordinates":[-3.71425,40.48955]},"properties":{"stop_id":"1744","stop_code":"1744","stop_name":"Ruber Internacional","routes":["134"]}},{"type":"Feature","geometry":{"type":"Point","coordinates":[-3.71338,40.49193]},"properties":{"stop_id":"1745","stop_code":"1745","stop_name":"Cerro Del Castañar","routes":["133","134"]}},{"type":"Feature","geometry":{"type":"Point","coordinates":[-3.71348,40.49185]},"properties":{"stop_id":"1746","stop_code":"1746","stop_name":"Cerro Del Castañar","routes":["134"]}},{"type":"Feature","geometry":{"type":"Point","coordinates":[-3.71078,40.42456]},"properties":{"stop_id":"1747","stop_code":"1747","stop_name":"Plaza De España - Terminal","routes":["158"]}},{"type":"Feature","geometry":{"type":"Point","coordinates":[-3.7139,40.49401]},"properties":{"stop_id":"1748","stop_code":"1748","stop_name":"Moralzarzal","routes":["134"]}},{"type":"Feature","geometry":{"type":"Point","coordinates":[-3.71103,40.49328]},"properties":{"stop_id":"1749","stop_code":"1749","stop_name":"La Masó - Moralzarzal","routes":["133","134"]}},{"type":"Feature","geometry":{"type":"Point","coordinates":[-3.71181,40.42474]},"properties":{"stop_id":"1750","stop_code":"1750","stop_name":"Plaza De España","routes":["001","002","044","068","133","138","361","521","529"]}},{"type":"Feature","geometry":{"type":"Point","coordinates":[-3.70882,40.49474]},"properties":{"stop_id":"1751","stop_code":"1751","stop_name":"La Masó - Nuria","routes":["134"]}},{"type":"Feature","geometry":{"type":"Point","coordinates":[-3.70943,40.49476]},"properties":{"stop_id":"1752","stop_code":"1752","stop_name":"La Masó - Nuria","routes":["134"]}},{"type":"Feature","geometry":{"type":"Point","coordinates":[-3.70742,40.49506]},"properties":{"stop_id":"1753","stop_code":"1753","stop_name":"La Masó - Marbella","routes":["134","523"]}},{"type":"Feature","geometry":{"type":"Point","coordinates":[-3.7102,40.49772]},"properties":{"stop_id":"1757","stop_code":"1757","stop_name":"Costa Brava - Marbella","routes":["170"]}},{"type":"Feature","geometry":{"type":"Point","coordinates":[-3.71046,40.49779]},"properties":{"stop_id":"1758","stop_code":"1758","stop_name":"Costa Brava - Marbella","routes":["170"]}},{"type":"Feature","geometry":{"type":"Point","coordinates":[-3.70714,40.49811]},"properties":{"stop_id":"1759","stop_code":"1759","stop_name":"Costa Brava - Fuenfría","routes":["134","178"]}},{"type":"Feature","geometry":{"type":"Point","coordinates":[-3.70727,40.49843]},"properties":{"stop_id":"1760","stop_code":"1760","stop_name":"Costa Brava - Fuenfría","routes":["134","178"]}},{"type":"Feature","geometry":{"type":"Point","coordinates":[-3.70477,40.49691]},"properties":{"stop_id":"1761","stop_code":"1761","stop_name":"Costa Brava - La Masó","routes":["134","178","523"]}},{"type":"Feature","geometry":{"type":"Point","coordinates":[-3.70462,40.49706]},"properties":{"stop_id":"1762","stop_code":"1762","stop_name":"Costa Brava - La Masó","routes":["134","178","523"]}},{"type":"Feature","geometry":{"type":"Point","coordinates":[-3.70173,40.49513]},"properties":{"stop_id":"1763","stop_code":"1763","stop_name":"Centro Universitario Villanueva","routes":["178"]}},{"type":"Feature","geometry":{"type":"Point","coordinates":[-3.70768,40.42217]},"properties":{"stop_id":"1765","stop_code":"1765","stop_name":"San Bernardo - Estrella","routes":["147"]}},{"type":"Feature","geometry":{"type":"Point","coordinates":[-3.70786,40.42214]},"properties":{"stop_id":"1766","stop_code":"1766","stop_name":"Santo Domingo","routes":["003","147"]}},{"type":"Feature","geometry":{"type":"Point","coordinates":[-3.70732,40.42528]},"properties":{"stop_id":"1767","stop_code":"1767","stop_name":"Noviciado","routes":["147"]}},{"type":"Feature","geometry":{"type":"Point","coordinates":[-3.7075,40.42509]},"properties":{"stop_id":"1768","stop_code":"1768","stop_name":"Noviciado","routes":["003","147"]}},{"type":"Feature","geometry":{"type":"Point","coordinates":[-3.70635,40.42727]},"properties":{"stop_id":"1769","stop_code":"1769","stop_name":"San Bernardo - Dos De Mayo","routes":["147"]}},{"type":"Feature","geometry":{"type":"Point","coordinates":[-3.70662,40.42716]},"properties":{"stop_id":"1770","stop_code":"1770","stop_name":"San Bernardo - Dos De Mayo","routes":["003","147"]}},{"type":"Feature","geometry":{"type":"Point","coordinates":[-3.70544,40.4294]},"properties":{"stop_id":"1771","stop_code":"1771","stop_name":"Metro San Bernardo","routes":["147"]}},{"type":"Feature","geometry":{"type":"Point","coordinates":[-3.70621,40.42933]},"properties":{"stop_id":"1772","stop_code":"1772","stop_name":"Metro San Bernardo","routes":["003","147"]}},{"type":"Feature","geometry":{"type":"Point","coordinates":[-3.69942,40.41833]},"properties":{"stop_id":"1773","stop_code":"1773","stop_name":"Sevilla","routes":["052"]}},{"type":"Feature","geometry":{"type":"Point","coordinates":[-3.70042,40.43044]},"properties":{"stop_id":"1774","stop_code":"1774","stop_name":"Luchana","routes":["147"]}},{"type":"Feature","geometry":{"type":"Point","coordinates":[-3.69945,40.47522]},"properties":{"stop_id":"1776","stop_code":"1776","stop_name":"Sinesio Delgado - Finisterre","routes":["147"]}},{"type":"Feature","geometry":{"type":"Point","coordinates":[-3.70256,40.47423]},"properties":{"stop_id":"1777","stop_code":"1777","stop_name":"Ginzo De Limia - Ferrol","routes":["147","523"]}},{"type":"Feature","geometry":{"type":"Point","coordinates":[-3.70333,40.47639]},"properties":{"stop_id":"1778","stop_code":"1778","stop_name":"Metro Barrio Del Pilar","routes":["147","523"]}},{"type":"Feature","geometry":{"type":"Point","coordinates":[-3.7039,40.47693]},"properties":{"stop_id":"1780","stop_code":"1780","stop_name":"Metro Barrio Del Pilar","routes":["147"]}},{"type":"Feature","geometry":{"type":"Point","coordinates":[-3.70746,40.47624]},"properties":{"stop_id":"1781","stop_code":"1781","stop_name":"Fernández Almagro - Ferrol","routes":["147"]}},{"type":"Feature","geometry":{"type":"Point","coordinates":[-3.70734,40.47611]},"properties":{"stop_id":"1782","stop_code":"1782","stop_name":"Fernández Almagro - Ferrol","routes":["147"]}},{"type":"Feature","geometry":{"type":"Point","coordinates":[-3.7103,40.47561]},"properties":{"stop_id":"1783","stop_code":"1783","stop_name":"Fernández Almagro - Betanzos","routes":["147"]}},{"type":"Feature","geometry":{"type":"Point","coordinates":[-3.71056,40.47522]},"properties":{"stop_id":"1784","stop_code":"1784","stop_name":"Fernández Almagro - Betanzos","routes":["147"]}},{"type":"Feature","geometry":{"type":"Point","coordinates":[-3.71534,40.47606]},"properties":{"stop_id":"1785","stop_code":"1785","stop_name":"Barrio Del Pilar","routes":["126","147"]}},{"type":"Feature","geometry":{"type":"Point","coordinates":[-3.71464,40.47713]},"properties":{"stop_id":"1786","stop_code":"1786","stop_name":"Monforte De Lemos - Ganapanes","routes":["126","132","137","147","179"]}},{"type":"Feature","geometry":{"type":"Point","coordinates":[-3.69768,40.34999]},"properties":{"stop_id":"1787","stop_code":"1787","stop_name":"Alcocer - Virgen Desamparados","routes":["018","022","116","130"]}},{"type":"Feature","geometry":{"type":"Point","coordinates":[-3.69786,40.35004]},"properties":{"stop_id":"1788","stop_code":"1788","stop_name":"Alcocer - Virgen Desamparados","routes":["018","022","116","130"]}},{"type":"Feature","geometry":{"type":"Point","coordinates":[-3.69433,40.35115]},"properties":{"stop_id":"1789","stop_code":"1789","stop_name":"Alcocer - Escoriaza","routes":["018","022","116","130"]}},{"type":"Feature","geometry":{"type":"Point","coordinates":[-3.69461,40.3512]},"properties":{"stop_id":"1790","stop_code":"1790","stop_name":"Alcocer - Villaverde Cruce","routes":["018","022","116","130"]}},{"type":"Feature","geometry":{"type":"Point","coordinates":[-3.69123,40.3526]},"properties":{"stop_id":"1793","stop_code":"1793","stop_name":"Carretera De Vallecas - Sáhara","routes":["023","123","130"]}},{"type":"Feature","geometry":{"type":"Point","coordinates":[-3.69136,40.3527]},"properties":{"stop_id":"1794","stop_code":"1794","stop_name":"Carretera De Vallecas - Sáhara","routes":["023","123","130","513"]}},{"type":"Feature","geometry":{"type":"Point","coordinates":[-3.68855,40.35444]},"properties":{"stop_id":"1795","stop_code":"1795","stop_name":"Carretera De Vallecas - Villafuerte","routes":["123","130"]}},{"type":"Feature","geometry":{"type":"Point","coordinates":[-3.68889,40.35443]},"properties":{"stop_id":"1796","stop_code":"1796","stop_name":"Carretera De Vallecas - Villafuerte","routes":["123","130"]}},{"type":"Feature","geometry":{"type":"Point","coordinates":[-3.68463,40.35797]},"properties":{"stop_id":"1797","stop_code":"1797","stop_name":"Carretera De Vallecas - Unanimidad","routes":["023","130"]}},{"type":"Feature","geometry":{"type":"Point","coordinates":[-3.68438,40.35846]},"properties":{"stop_id":"1798","stop_code":"1798","stop_name":"Carretera De Vallecas - Unanimidad","routes":["023","130"]}},{"type":"Feature","geometry":{"type":"Point","coordinates":[-3.68283,40.35998]},"properties":{"stop_id":"1799","stop_code":"1799","stop_name":"Carretera De Vallecas - Avenida Rosales","routes":["023","130"]}},{"type":"Feature","geometry":{"type":"Point","coordinates":[-3.68303,40.35997]},"properties":{"stop_id":"1800","stop_code":"1800","stop_name":"Carretera De Vallecas - Avenida Rosales","routes":["023","130"]}},{"type":"Feature","geometry":{"type":"Point","coordinates":[-3.65145,40.36688]},"properties":{"stop_id":"1801","stop_code":"1801","stop_name":"Carretera De Vallecas - C. T. M.","routes":["130"]}},{"type":"Feature","geometry":{"type":"Point","coordinates":[-3.64546,40.37034]},"properties":{"stop_id":"1803","stop_code":"1803","stop_name":"Camino Del Pozo - Carretera De Villaverde","routes":["130"]}},{"type":"Feature","geometry":{"type":"Point","coordinates":[-3.64574,40.3703]},"properties":{"stop_id":"1804","stop_code":"1804","stop_name":"Camino Del Pozo - Carretera De Villaverde","routes":["130"]}},{"type":"Feature","geometry":{"type":"Point","coordinates":[-3.64531,40.37409]},"properties":{"stop_id":"1805","stop_code":"1805","stop_name":"Hormigueras - Torre Don Miguel","routes":["130","454"]}},{"type":"Feature","geometry":{"type":"Point","coordinates":[-3.64481,40.37433]},"properties":{"stop_id":"1806","stop_code":"1806","stop_name":"Hormigueras - Torre Don Miguel","routes":["130","454"]}},{"type":"Feature","geometry":{"type":"Point","coordinates":[-3.64204,40.37492]},"properties":{"stop_id":"1807","stop_code":"1807","stop_name":"Hormigueras - Miravete","routes":["130","454"]}},{"type":"Feature","geometry":{"type":"Point","coordinates":[-3.64209,40.37502]},"properties":{"stop_id":"1808","stop_code":"1808","stop_name":"Hormigueras - Miravete","routes":["130","454"]}},{"type":"Feature","geometry":{"type":"Point","coordinates":[-3.63798,40.37595]},"properties":{"stop_id":"1809","stop_code":"1809","stop_name":"Hormigueras - González Dávila","routes":["130","454"]}},{"type":"Feature","geometry":{"type":"Point","coordinates":[-3.63832,40.37598]},"properties":{"stop_id":"1810","stop_code":"1810","stop_name":"Hormigueras - González Dávila","routes":["130","454"]}},{"type":"Feature","geometry":{"type":"Point","coordinates":[-3.62798,40.37899]},"properties":{"stop_id":"1813","stop_code":"1813","stop_name":"San Jaime - Puerto Pozazal","routes":["130","454","509"]}},{"type":"Feature","geometry":{"type":"Point","coordinates":[-3.62738,40.37968]},"properties":{"stop_id":"1814","stop_code":"1814","stop_name":"San Jaime - Puerto Pozazal","routes":["130","454"]}},{"type":"Feature","geometry":{"type":"Point","coordinates":[-3.62584,40.38058]},"properties":{"stop_id":"1815","stop_code":"1815","stop_name":"San Jaime - Sierra Gador","routes":["130","454","509"]}},{"type":"Feature","geometry":{"type":"Point","coordinates":[-3.62222,40.38967]},"properties":{"stop_id":"1820","stop_code":"1820","stop_name":"Mediterráneo - Democracia","routes":["130"]}},{"type":"Feature","geometry":{"type":"Point","coordinates":[-3.62253,40.38942]},"properties":{"stop_id":"1821","stop_code":"1821","stop_name":"Mediterráneo - Democracia","routes":["130"]}},{"type":"Feature","geometry":{"type":"Point","coordinates":[-3.61768,40.39688]},"properties":{"stop_id":"1822","stop_code":"1822","stop_name":"José Prat - Democracia","routes":["071","130"]}},{"type":"Feature","geometry":{"type":"Point","coordinates":[-3.61796,40.39621]},"properties":{"stop_id":"1823","stop_code":"1823","stop_name":"José Prat - Democracia","routes":["071","130"]}},{"type":"Feature","geometry":{"type":"Point","coordinates":[-3.62194,40.39788]},"properties":{"stop_id":"1824","stop_code":"1824","stop_name":"Indalecio Prieto - José Prat","routes":["130","404"]}},{"type":"Feature","geometry":{"type":"Point","coordinates":[-3.62224,40.39719]},"properties":{"stop_id":"1825","stop_code":"1825","stop_name":"Indalecio Prieto - José Prat","routes":["130"]}},{"type":"Feature","geometry":{"type":"Point","coordinates":[-3.62141,40.3998]},"properties":{"stop_id":"1826","stop_code":"1826","stop_name":"Indalecio Prieto - Los Pinillas","routes":["008","071","130","508"]}},{"type":"Feature","geometry":{"type":"Point","coordinates":[-3.62185,40.40014]},"properties":{"stop_id":"1827","stop_code":"1827","stop_name":"Indalecio Prieto - Los Pinillas","routes":["008","071","130","508"]}},{"type":"Feature","geometry":{"type":"Point","coordinates":[-3.62054,40.4019]},"properties":{"stop_id":"1828","stop_code":"1828","stop_name":"Indalecio Prieto - Los Juglares","routes":["008","071","130","508"]}},{"type":"Feature","geometry":{"type":"Point","coordinates":[-3.62114,40.40191]},"properties":{"stop_id":"1829","stop_code":"1829","stop_name":"Valdebernardo","routes":["008","071","130","508"]}},{"type":"Feature","geometry":{"type":"Point","coordinates":[-3.61928,40.40377]},"properties":{"stop_id":"1831","stop_code":"1831","stop_name":"Tren De Arganda","routes":["071","130"]}},{"type":"Feature","geometry":{"type":"Point","coordinates":[-3.61495,40.40579]},"properties":{"stop_id":"1835","stop_code":"1835","stop_name":"Calahorra - Gallo","routes":["100","130"]}},{"type":"Feature","geometry":{"type":"Point","coordinates":[-3.66642,40.46763]},"properties":{"stop_id":"1836","stop_code":"1836","stop_name":"Arturo Soria - Añastro","routes":["029","107","501"]}},{"type":"Feature","geometry":{"type":"Point","coordinates":[-3.66343,40.47331]},"properties":{"stop_id":"1837","stop_code":"1837","stop_name":"San Luis - Almanzora","routes":["107","125"]}},{"type":"Feature","geometry":{"type":"Point","coordinates":[-3.66319,40.47354]},"properties":{"stop_id":"1838","stop_code":"1838","stop_name":"San Luis - Almanzora","routes":["107","125"]}},{"type":"Feature","geometry":{"type":"Point","coordinates":[-3.65899,40.47108]},"properties":{"stop_id":"1839","stop_code":"1839","stop_name":"San Luis - Añastro","routes":["107","125"]}},{"type":"Feature","geometry":{"type":"Point","coordinates":[-3.65887,40.47139]},"properties":{"stop_id":"1840","stop_code":"1840","stop_name":"San Luis - Añastro","routes":["107","125"]}},{"type":"Feature","geometry":{"type":"Point","coordinates":[-3.65449,40.47168]},"properties":{"stop_id":"1841","stop_code":"1841","stop_name":"Colonia Pinar Del Rey","routes":["107","125","172","372"]}},{"type":"Feature","geometry":{"type":"Point","coordinates":[-3.65465,40.47181]},"properties":{"stop_id":"1842","stop_code":"1842","stop_name":"Colonia Pinar Del Rey","routes":["107","125","172","372"]}},{"type":"Feature","geometry":{"type":"Point","coordinates":[-3.65182,40.47239]},"properties":{"stop_id":"1843","stop_code":"1843","stop_name":"San Luis - Solsona","routes":["107","125","172","372"]}},{"type":"Feature","geometry":{"type":"Point","coordinates":[-3.65199,40.47256]},"properties":{"stop_id":"1844","stop_code":"1844","stop_name":"San Luis - Solsona","routes":["107","125","172","372"]}},{"type":"Feature","geometry":{"type":"Point","coordinates":[-3.64972,40.47279]},"properties":{"stop_id":"1845","stop_code":"1845","stop_name":"San Luis - Santos De La Humosa","routes":["107","125","172","372"]}},{"type":"Feature","geometry":{"type":"Point","coordinates":[-3.648,40.4735]},"properties":{"stop_id":"1846","stop_code":"1846","stop_name":"Mar Caspio","routes":["009","072","107","502"]}},{"type":"Feature","geometry":{"type":"Point","coordinates":[-3.64795,40.47369]},"properties":{"stop_id":"1847","stop_code":"1847","stop_name":"Mar Caspio","routes":["009","072","107","502"]}},{"type":"Feature","geometry":{"type":"Point","coordinates":[-3.6452,40.47418]},"properties":{"stop_id":"1848","stop_code":"1848","stop_name":"Mar De Las Antillas - Mar Negro","routes":["009","107"]}},{"type":"Feature","geometry":{"type":"Point","coordinates":[-3.64542,40.47441]},"properties":{"stop_id":"1849","stop_code":"1849","stop_name":"Mar De Las Antillas - Mar Negro","routes":["009","107","502"]}},{"type":"Feature","geometry":{"type":"Point","coordinates":[-3.64677,40.47597]},"properties":{"stop_id":"1850","stop_code":"1850","stop_name":"Mar De Las Antillas - Santa Susana","routes":["107"]}},{"type":"Feature","geometry":{"type":"Point","coordinates":[-3.64621,40.47769]},"properties":{"stop_id":"1851","stop_code":"1851","stop_name":"Parque Santa María","routes":["107","502"]}},{"type":"Feature","geometry":{"type":"Point","coordinates":[-3.64943,40.47882]},"properties":{"stop_id":"1852","stop_code":"1852","stop_name":"Hortaleza","routes":["107","502"]}},{"type":"Feature","geometry":{"type":"Point","coordinates":[-3.64861,40.47685]},"properties":{"stop_id":"1853","stop_code":"1853","stop_name":"Mar De Las Antillas - Abarzuza","routes":["107","502"]}},{"type":"Feature","geometry":{"type":"Point","coordinates":[-3.697,40.45501]},"properties":{"stop_id":"1855","stop_code":"1855","stop_name":"San Amaro","routes":["003"]}},{"type":"Feature","geometry":{"type":"Point","coordinates":[-3.69584,40.4563]},"properties":{"stop_id":"1856","stop_code":"1856","stop_name":"General Cabrera","routes":["003"]}},{"type":"Feature","geometry":{"type":"Point","coordinates":[-3.69769,40.45681]},"properties":{"stop_id":"1857","stop_code":"1857","stop_name":"Infanta Mercedes","routes":["003","126"]}},{"type":"Feature","geometry":{"type":"Point","coordinates":[-3.70223,40.45664]},"properties":{"stop_id":"1858","stop_code":"1858","stop_name":"Bravo Murillo - Lope De Haro","routes":["003","066","124"]}},{"type":"Feature","geometry":{"type":"Point","coordinates":[-3.70301,40.45462]},"properties":{"stop_id":"1859","stop_code":"1859","stop_name":"Estrecho","routes":["003","066","124","523"]}},{"type":"Feature","geometry":{"type":"Point","coordinates":[-3.70247,40.45274]},"properties":{"stop_id":"1860","stop_code":"1860","stop_name":"Estrecho","routes":["003","043"]}},{"type":"Feature","geometry":{"type":"Point","coordinates":[-3.69838,40.4524]},"properties":{"stop_id":"1861","stop_code":"1861","stop_name":"General Perón - Aviador Zorita","routes":["003","043"]}},{"type":"Feature","geometry":{"type":"Point","coordinates":[-3.70289,40.43657]},"properties":{"stop_id":"1862","stop_code":"1862","stop_name":"Glorieta Álvarez De Castro","routes":["003"]}},{"type":"Feature","geometry":{"type":"Point","coordinates":[-3.6957,40.42836]},"properties":{"stop_id":"1865","stop_code":"1865","stop_name":"Alonso Martínez","routes":["003","523"]}},{"type":"Feature","geometry":{"type":"Point","coordinates":[-3.66781,40.50929]},"properties":{"stop_id":"1866","stop_code":"1866","stop_name":"Monte Del Gozo","routes":["176"]}},{"type":"Feature","geometry":{"type":"Point","coordinates":[-3.69764,40.4327]},"properties":{"stop_id":"1868","stop_code":"1868","stop_name":"Plaza Chamberí","routes":["003","523"]}},{"type":"Feature","geometry":{"type":"Point","coordinates":[-3.69842,40.43465]},"properties":{"stop_id":"1869","stop_code":"1869","stop_name":"Iglesia","routes":["003","037","523"]}},{"type":"Feature","geometry":{"type":"Point","coordinates":[-3.69917,40.43634]},"properties":{"stop_id":"1870","stop_code":"1870","stop_name":"Santa Engracia - García De Paredes","routes":["003","037"]}},{"type":"Feature","geometry":{"type":"Point","coordinates":[-3.7137,40.41489]},"properties":{"stop_id":"1875","stop_code":"1875","stop_name":"Palacio Real","routes":["003","148","516"]}},{"type":"Feature","geometry":{"type":"Point","coordinates":[-3.71341,40.41475]},"properties":{"stop_id":"1876","stop_code":"1876","stop_name":"Palacio Real","routes":["003","148","516","603"]}},{"type":"Feature","geometry":{"type":"Point","coordinates":[-3.71395,40.41212]},"properties":{"stop_id":"1877","stop_code":"1877","stop_name":"Las Vistillas","routes":["003","148"]}},{"type":"Feature","geometry":{"type":"Point","coordinates":[-3.71374,40.4121]},"properties":{"stop_id":"1878","stop_code":"1878","stop_name":"Las Vistillas","routes":["003","148","603"]}},{"type":"Feature","geometry":{"type":"Point","coordinates":[-3.71399,40.41001]},"properties":{"stop_id":"1879","stop_code":"1879","stop_name":"San Francisco El Grande","routes":["003","148","516","603"]}},{"type":"Feature","geometry":{"type":"Point","coordinates":[-3.71371,40.41094]},"properties":{"stop_id":"1880","stop_code":"1880","stop_name":"San Francisco El Grande","routes":["003","148","516","603"]}},{"type":"Feature","geometry":{"type":"Point","coordinates":[-3.71337,40.40891]},"properties":{"stop_id":"1881","stop_code":"1881","stop_name":"La Paloma","routes":["003","148","603"]}},{"type":"Feature","geometry":{"type":"Point","coordinates":[-3.71318,40.40905]},"properties":{"stop_id":"1882","stop_code":"1882","stop_name":"La Paloma","routes":["003","060","148","603"]}},{"type":"Feature","geometry":{"type":"Point","coordinates":[-3.71221,40.40733]},"properties":{"stop_id":"1883","stop_code":"1883","stop_name":"Puerta De Toledo","routes":["148","516","603"]}},{"type":"Feature","geometry":{"type":"Point","coordinates":[-3.71212,40.40771]},"properties":{"stop_id":"1884","stop_code":"1884","stop_name":"Puerta De Toledo","routes":["003","060","148","516","603"]}},{"type":"Feature","geometry":{"type":"Point","coordinates":[-3.71009,40.41561]},"properties":{"stop_id":"1886","stop_code":"1886","stop_name":"Plaza De La Villa","routes":["603"]}},{"type":"Feature","geometry":{"type":"Point","coordinates":[-3.70663,40.4163]},"properties":{"stop_id":"1887","stop_code":"1887","stop_name":"Plaza Mayor","routes":["603"]}},{"type":"Feature","geometry":{"type":"Point","coordinates":[-3.70308,40.4468]},"properties":{"stop_id":"1890","stop_code":"1890","stop_name":"Cuatro Caminos","routes":["068","529","870"]}},{"type":"Feature","geometry":{"type":"Point","coordinates":[-3.74791,40.36324]},"properties":{"stop_id":"1891","stop_code":"1891","stop_name":"Maravedí","routes":["155"]}},{"type":"Feature","geometry":{"type":"Point","coordinates":[-3.69261,40.4353]},"properties":{"stop_id":"1893","stop_code":"1893","stop_name":"Museo Sorolla","routes":["005","016","061"]}},{"type":"Feature","geometry":{"type":"Point","coordinates":[-3.69262,40.43508]},"properties":{"stop_id":"1894","stop_code":"1894","stop_name":"Museo Sorolla","routes":["005","016","061"]}},{"type":"Feature","geometry":{"type":"Point","coordinates":[-3.69772,40.43516]},"properties":{"stop_id":"1895","stop_code":"1895","stop_name":"Iglesia - Alonso Cano","routes":["005","016","061"]}},{"type":"Feature","geometry":{"type":"Point","coordinates":[-3.69769,40.43878]},"properties":{"stop_id":"1896","stop_code":"1896","stop_name":"Alonso Cano","routes":["005"]}},{"type":"Feature","geometry":{"type":"Point","coordinates":[-3.69639,40.43867]},"properties":{"stop_id":"1897","stop_code":"1897","stop_name":"Modesto Lafuente - Jose Abascal","routes":["005"]}},{"type":"Feature","geometry":{"type":"Point","coordinates":[-3.69746,40.44153]},"properties":{"stop_id":"1898","stop_code":"1898","stop_name":"Alonso Cano - Ríos Rosas","routes":["005"]}},{"type":"Feature","geometry":{"type":"Point","coordinates":[-3.69613,40.4415]},"properties":{"stop_id":"1899","stop_code":"1899","stop_name":"Modesto Lafuente - Ríos Rosas","routes":["005"]}},{"type":"Feature","geometry":{"type":"Point","coordinates":[-3.69725,40.44427]},"properties":{"stop_id":"1900","stop_code":"1900","stop_name":"Alonso Cano - María De Guzmán","routes":["005"]}},{"type":"Feature","geometry":{"type":"Point","coordinates":[-3.69592,40.44428]},"properties":{"stop_id":"1901","stop_code":"1901","stop_name":"Modesto Lafuente - María De Guzmán","routes":["005"]}},{"type":"Feature","geometry":{"type":"Point","coordinates":[-3.69708,40.44616]},"properties":{"stop_id":"1902","stop_code":"1902","stop_name":"Alonso Cano - Fernández Villaverde","routes":["005"]}},{"type":"Feature","geometry":{"type":"Point","coordinates":[-3.69563,40.44724]},"properties":{"stop_id":"1903","stop_code":"1903","stop_name":"Nuevos Ministerios","routes":["005","149"]}},{"type":"Feature","geometry":{"type":"Point","coordinates":[-3.6968,40.44898]},"properties":{"stop_id":"1904","stop_code":"1904","stop_name":"Basílica","routes":["005","149"]}},{"type":"Feature","geometry":{"type":"Point","coordinates":[-3.69542,40.44981]},"properties":{"stop_id":"1905","stop_code":"1905","stop_name":"Basílica","routes":["005","149"]}},{"type":"Feature","geometry":{"type":"Point","coordinates":[-3.69653,40.45203]},"properties":{"stop_id":"1906","stop_code":"1906","stop_name":"Edgar Neville","routes":["005","149"]}},{"type":"Feature","geometry":{"type":"Point","coordinates":[-3.69521,40.45208]},"properties":{"stop_id":"1907","stop_code":"1907","stop_name":"Orense - General Perón","routes":["005","149"]}},{"type":"Feature","geometry":{"type":"Point","coordinates":[-3.69507,40.45357]},"properties":{"stop_id":"1908","stop_code":"1908","stop_name":"Palacio De Congresos","routes":["005","149"]}},{"type":"Feature","geometry":{"type":"Point","coordinates":[-3.69535,40.45438]},"properties":{"stop_id":"1909","stop_code":"1909","stop_name":"Julián Besteiro - Fortunata Y Jacinta","routes":["005"]}},{"type":"Feature","geometry":{"type":"Point","coordinates":[-3.69519,40.45603]},"properties":{"stop_id":"1910","stop_code":"1910","stop_name":"Julián Besteiro - San Germán","routes":["005"]}},{"type":"Feature","geometry":{"type":"Point","coordinates":[-3.69478,40.45616]},"properties":{"stop_id":"1911","stop_code":"1911","stop_name":"Orense - San Germán","routes":["005","149"]}},{"type":"Feature","geometry":{"type":"Point","coordinates":[-3.69255,40.45623]},"properties":{"stop_id":"1912","stop_code":"1912","stop_name":"Joan Maragall - San Germán","routes":["005","126"]}},{"type":"Feature","geometry":{"type":"Point","coordinates":[-3.69273,40.45643]},"properties":{"stop_id":"1913","stop_code":"1913","stop_name":"Joan Maragall - San Germán","routes":["005","126"]}},{"type":"Feature","geometry":{"type":"Point","coordinates":[-3.68648,40.46826]},"properties":{"stop_id":"1914","stop_code":"1914","stop_name":"Enrique Larreta","routes":["005"]}},{"type":"Feature","geometry":{"type":"Point","coordinates":[-3.68571,40.46992]},"properties":{"stop_id":"1915","stop_code":"1915","stop_name":"Agustín De Foxá","routes":["005"]}},{"type":"Feature","geometry":{"type":"Point","coordinates":[-3.68574,40.47018]},"properties":{"stop_id":"1916","stop_code":"1916","stop_name":"Agustín De Foxá","routes":["005"]}},{"type":"Feature","geometry":{"type":"Point","coordinates":[-3.70369,40.41444]},"properties":{"stop_id":"1918","stop_code":"1918","stop_name":"Benavente","routes":["065","526"]}},{"type":"Feature","geometry":{"type":"Point","coordinates":[-3.70462,40.4125]},"properties":{"stop_id":"1919","stop_code":"1919","stop_name":"Tirso De Molina","routes":["006"]}},{"type":"Feature","geometry":{"type":"Point","coordinates":[-3.69988,40.41288]},"properties":{"stop_id":"1920","stop_code":"1920","stop_name":"Antón Martín","routes":["006","026","032","526"]}},{"type":"Feature","geometry":{"type":"Point","coordinates":[-3.69884,40.41217]},"properties":{"stop_id":"1921","stop_code":"1921","stop_name":"Antón Martín","routes":["006","026","032","526"]}},{"type":"Feature","geometry":{"type":"Point","coordinates":[-3.69681,40.41115]},"properties":{"stop_id":"1922","stop_code":"1922","stop_name":"Desamparados","routes":["006","026","032"]}},{"type":"Feature","geometry":{"type":"Point","coordinates":[-3.69657,40.4112]},"properties":{"stop_id":"1923","stop_code":"1923","stop_name":"Desamparados","routes":["006","026","032"]}},{"type":"Feature","geometry":{"type":"Point","coordinates":[-3.69327,40.40949]},"properties":{"stop_id":"1924","stop_code":"1924","stop_name":"Prado - Atocha","routes":["006","026","032"]}},{"type":"Feature","geometry":{"type":"Point","coordinates":[-3.69313,40.40976]},"properties":{"stop_id":"1925","stop_code":"1925","stop_name":"Prado - Atocha","routes":["006","026","032"]}},{"type":"Feature","geometry":{"type":"Point","coordinates":[-3.69711,40.40366]},"properties":{"stop_id":"1926","stop_code":"1926","stop_name":"Palos De La Frontera","routes":["006","059","085","514"]}},{"type":"Feature","geometry":{"type":"Point","coordinates":[-3.69901,40.40157]},"properties":{"stop_id":"1927","stop_code":"1927","stop_name":"Santa María De La Cabeza","routes":["006","055","059","085","514"]}},{"type":"Feature","geometry":{"type":"Point","coordinates":[-3.69907,40.40026]},"properties":{"stop_id":"1928","stop_code":"1928","stop_name":"Santa María De La Cabeza","routes":["006","059","078","085","148"]}},{"type":"Feature","geometry":{"type":"Point","coordinates":[-3.69876,40.40087]},"properties":{"stop_id":"1929","stop_code":"1929","stop_name":"Santa María De La Cabeza","routes":["006","055","401","514"]}},{"type":"Feature","geometry":{"type":"Point","coordinates":[-3.69541,40.40072]},"properties":{"stop_id":"1930","stop_code":"1930","stop_name":"Ferrocarril","routes":["006","055","514"]}},{"type":"Feature","geometry":{"type":"Point","coordinates":[-3.69812,40.39782]},"properties":{"stop_id":"1931","stop_code":"1931","stop_name":"Jaime El Conquistador - Embajadores","routes":["006","078","148","514"]}},{"type":"Feature","geometry":{"type":"Point","coordinates":[-3.69792,40.3978]},"properties":{"stop_id":"1932","stop_code":"1932","stop_name":"Jaime El Conquistador - Embajadores","routes":["006","078","148","514"]}},{"type":"Feature","geometry":{"type":"Point","coordinates":[-3.69844,40.39581]},"properties":{"stop_id":"1933","stop_code":"1933","stop_name":"Jaime El Conquistador","routes":["006","078","148","514"]}},{"type":"Feature","geometry":{"type":"Point","coordinates":[-3.69818,40.39585]},"properties":{"stop_id":"1934","stop_code":"1934","stop_name":"Jaime El Conquistador","routes":["006","078","148","514"]}},{"type":"Feature","geometry":{"type":"Point","coordinates":[-3.69983,40.38812]},"properties":{"stop_id":"1935","stop_code":"1935","stop_name":"Glorieta De Cádiz","routes":["047","247"]}},{"type":"Feature","geometry":{"type":"Point","coordinates":[-3.70073,40.3873]},"properties":{"stop_id":"1936","stop_code":"1936","stop_name":"Glorieta De Cádiz","routes":["047","247"]}},{"type":"Feature","geometry":{"type":"Point","coordinates":[-3.70304,40.44689]},"properties":{"stop_id":"1940","stop_code":"1940","stop_name":"Cuatro Caminos","routes":["069","530","869"]}},{"type":"Feature","geometry":{"type":"Point","coordinates":[-3.7,40.38336]},"properties":{"stop_id":"1941","stop_code":"1941","stop_name":"Evangelios","routes":["006"]}},{"type":"Feature","geometry":{"type":"Point","coordinates":[-3.70012,40.38322]},"properties":{"stop_id":"1942","stop_code":"1942","stop_name":"Evangelios","routes":["006"]}},{"type":"Feature","geometry":{"type":"Point","coordinates":[-3.70374,40.38359]},"properties":{"stop_id":"1943","stop_code":"1943","stop_name":"Dolores Barranco","routes":["006"]}},{"type":"Feature","geometry":{"type":"Point","coordinates":[-3.70274,40.38335]},"properties":{"stop_id":"1944","stop_code":"1944","stop_name":"Dolores Barranco","routes":["006"]}},{"type":"Feature","geometry":{"type":"Point","coordinates":[-3.70681,40.38334]},"properties":{"stop_id":"1945","stop_code":"1945","stop_name":"Plaza Del Hidrógeno","routes":["006"]}},{"type":"Feature","geometry":{"type":"Point","coordinates":[-3.70808,40.38304]},"properties":{"stop_id":"1946","stop_code":"1946","stop_name":"Plaza Del Hidrógeno","routes":["006"]}},{"type":"Feature","geometry":{"type":"Point","coordinates":[-3.71137,40.38237]},"properties":{"stop_id":"1947","stop_code":"1947","stop_name":"Junta Municipal Usera","routes":["006","060","081","515"]}},{"type":"Feature","geometry":{"type":"Point","coordinates":[-3.71105,40.38194]},"properties":{"stop_id":"1948","stop_code":"1948","stop_name":"Junta Municipal Usera","routes":["006","060","081","515"]}},{"type":"Feature","geometry":{"type":"Point","coordinates":[-3.71148,40.38024]},"properties":{"stop_id":"1949","stop_code":"1949","stop_name":"Rafaela Ybarra - Marina Vega","routes":["006","060","081"]}},{"type":"Feature","geometry":{"type":"Point","coordinates":[-3.71136,40.37989]},"properties":{"stop_id":"1950","stop_code":"1950","stop_name":"Rafaela Ybarra - Marina Vega","routes":["006","060","081"]}},{"type":"Feature","geometry":{"type":"Point","coordinates":[-3.71206,40.37829]},"properties":{"stop_id":"1951","stop_code":"1951","stop_name":"Rafaela Ybarra - Pradolongo","routes":["006","060","081","515"]}},{"type":"Feature","geometry":{"type":"Point","coordinates":[-3.71244,40.37578]},"properties":{"stop_id":"1953","stop_code":"1953","stop_name":"Polideportivo Orcasitas","routes":["006","060","081","515"]}},{"type":"Feature","geometry":{"type":"Point","coordinates":[-3.71243,40.37388]},"properties":{"stop_id":"1955","stop_code":"1955","stop_name":"Rafaela Ybarra - Avenida De Los Poblados","routes":["006","060","078","081"]}},{"type":"Feature","geometry":{"type":"Point","coordinates":[-3.71248,40.37214]},"properties":{"stop_id":"1957","stop_code":"1957","stop_name":"Rafaela Ybarra - Cestona","routes":["006","060","078","081","116","131","515"]}},{"type":"Feature","geometry":{"type":"Point","coordinates":[-3.71246,40.37012]},"properties":{"stop_id":"1958","stop_code":"1958","stop_name":"Unidad","routes":["006","131"]}},{"type":"Feature","geometry":{"type":"Point","coordinates":[-3.71246,40.36866]},"properties":{"stop_id":"1959","stop_code":"1959","stop_name":"Rafaela Ybarra - Alzola","routes":["006","131"]}},{"type":"Feature","geometry":{"type":"Point","coordinates":[-3.71551,40.3685]},"properties":{"stop_id":"1960","stop_code":"1960","stop_name":"Guetaria - Alzola","routes":["060"]}},{"type":"Feature","geometry":{"type":"Point","coordinates":[-3.71547,40.37146]},"properties":{"stop_id":"1961","stop_code":"1961","stop_name":"Guetaria - Leiza","routes":["006","060"]}},{"type":"Feature","geometry":{"type":"Point","coordinates":[-3.71549,40.37308]},"properties":{"stop_id":"1962","stop_code":"1962","stop_name":"Guetaria - Tolosa","routes":["006","060"]}},{"type":"Feature","geometry":{"type":"Point","coordinates":[-3.7133,40.37351]},"properties":{"stop_id":"1963","stop_code":"1963","stop_name":"Avenida De Los Poblados - Rafaela Ybarra","routes":["006","060","116","121","131"]}},{"type":"Feature","geometry":{"type":"Point","coordinates":[-3.6933,40.40072]},"properties":{"stop_id":"1964","stop_code":"1964","stop_name":"Estación De Delicias","routes":["008"]}},{"type":"Feature","geometry":{"type":"Point","coordinates":[-3.68613,40.39919]},"properties":{"stop_id":"1965","stop_code":"1965","stop_name":"Ramírez De Prado - Juan De Mariana","routes":["008"]}},{"type":"Feature","geometry":{"type":"Point","coordinates":[-3.68877,40.39935]},"properties":{"stop_id":"1966","stop_code":"1966","stop_name":"Ramírez De Prado - Vara Del Rey","routes":["008"]}},{"type":"Feature","geometry":{"type":"Point","coordinates":[-3.6833,40.39813]},"properties":{"stop_id":"1967","stop_code":"1967","stop_name":"Méndez Álvaro - Repsol","routes":["008","102","152","511","513"]}},{"type":"Feature","geometry":{"type":"Point","coordinates":[-3.68298,40.39831]},"properties":{"stop_id":"1968","stop_code":"1968","stop_name":"Méndez Álvaro - Repsol","routes":["008","102","152","511","513"]}},{"type":"Feature","geometry":{"type":"Point","coordinates":[-3.68101,40.39602]},"properties":{"stop_id":"1969","stop_code":"1969","stop_name":"Metro Méndez Álvaro","routes":["102","152","511","513"]}},{"type":"Feature","geometry":{"type":"Point","coordinates":[-3.68077,40.39633]},"properties":{"stop_id":"1970","stop_code":"1970","stop_name":"Metro Méndez Álvaro","routes":["008","102","152","511","513"]}},{"type":"Feature","geometry":{"type":"Point","coordinates":[-3.68463,40.39979]},"properties":{"stop_id":"1971","stop_code":"1971","stop_name":"Amanecer En Méndez Álvaro","routes":["008","102","152","511","513"]}},{"type":"Feature","geometry":{"type":"Point","coordinates":[-3.68869,40.40285]},"properties":{"stop_id":"1973","stop_code":"1973","stop_name":"Méndez Álvaro - Áncora","routes":["008","102"]}},{"type":"Feature","geometry":{"type":"Point","coordinates":[-3.69603,40.40289]},"properties":{"stop_id":"1976","stop_code":"1976","stop_name":"Centro Dotacional Arganzuela","routes":["008","019","045","047","086","247"]}},{"type":"Feature","geometry":{"type":"Point","coordinates":[-3.67448,40.40091]},"properties":{"stop_id":"1977","stop_code":"1977","stop_name":"Pacífico","routes":["310"]}},{"type":"Feature","geometry":{"type":"Point","coordinates":[-3.67426,40.40118]},"properties":{"stop_id":"1978","stop_code":"1978","stop_name":"Pacífico","routes":["008","136","310"]}},{"type":"Feature","geometry":{"type":"Point","coordinates":[-3.66823,40.39899]},"properties":{"stop_id":"1979","stop_code":"1979","stop_name":"Puente De Vallecas - Peña Prieta","routes":["008","056","113","141"]}},{"type":"Feature","geometry":{"type":"Point","coordinates":[-3.66712,40.39978]},"properties":{"stop_id":"1980","stop_code":"1980","stop_name":"Peña Prieta","routes":["008","056","113","141"]}},{"type":"Feature","geometry":{"type":"Point","coordinates":[-3.66654,40.40051]},"properties":{"stop_id":"1981","stop_code":"1981","stop_name":"Peña Prieta","routes":["008","056","113","141"]}},{"type":"Feature","geometry":{"type":"Point","coordinates":[-3.66407,40.40263]},"properties":{"stop_id":"1983","stop_code":"1983","stop_name":"Peña Prieta - Pico Almanzor","routes":["008","113"]}},{"type":"Feature","geometry":{"type":"Point","coordinates":[-3.6616,40.40305]},"properties":{"stop_id":"1984","stop_code":"1984","stop_name":"Mercado Doña Carlota","routes":["008","113"]}},{"type":"Feature","geometry":{"type":"Point","coordinates":[-3.57704,40.46103]},"properties":{"stop_id":"1985","stop_code":"1985","stop_name":"Avenida De La Hispanidad - Dique Sur","routes":["101"]}},{"type":"Feature","geometry":{"type":"Point","coordinates":[-3.65943,40.40429]},"properties":{"stop_id":"1986","stop_code":"1986","stop_name":"Sierra Elvira - Sierra Toledana","routes":["008","113"]}},{"type":"Feature","geometry":{"type":"Point","coordinates":[-3.65898,40.40702]},"properties":{"stop_id":"1988","stop_code":"1988","stop_name":"Corregidor Alonso Aguilar","routes":["008","113","143"]}},{"type":"Feature","geometry":{"type":"Point","coordinates":[-3.65145,40.40529]},"properties":{"stop_id":"1989","stop_code":"1989","stop_name":"Plaza Del Encuentro","routes":["008","143"]}},{"type":"Feature","geometry":{"type":"Point","coordinates":[-3.65047,40.40267]},"properties":{"stop_id":"1990","stop_code":"1990","stop_name":"Arroyo Fontarrón - Francisco De Luján","routes":["008"]}},{"type":"Feature","geometry":{"type":"Point","coordinates":[-3.65018,40.40275]},"properties":{"stop_id":"1991","stop_code":"1991","stop_name":"Arroyo Fontarrón - Francisco De Luján","routes":["008","143"]}},{"type":"Feature","geometry":{"type":"Point","coordinates":[-3.64832,40.40076]},"properties":{"stop_id":"1992","stop_code":"1992","stop_name":"Arroyo Fontarrón - Encomienda De Palacios","routes":["008"]}},{"type":"Feature","geometry":{"type":"Point","coordinates":[-3.64831,40.40105]},"properties":{"stop_id":"1993","stop_code":"1993","stop_name":"Arroyo Fontarrón - Encomienda De Palacios","routes":["008","143"]}},{"type":"Feature","geometry":{"type":"Point","coordinates":[-3.64699,40.4004]},"properties":{"stop_id":"1994","stop_code":"1994","stop_name":"Encomienda De Palacios - Arroyo Fontarrón","routes":["008"]}},{"type":"Feature","geometry":{"type":"Point","coordinates":[-3.6429,40.40061]},"properties":{"stop_id":"1995","stop_code":"1995","stop_name":"Encomienda De Palacios - Pico Artilleros","routes":["008","508"]}},{"type":"Feature","geometry":{"type":"Point","coordinates":[-3.64044,40.39907]},"properties":{"stop_id":"1996","stop_code":"1996","stop_name":"Encomienda De Palacios - Tacona","routes":["008","508"]}},{"type":"Feature","geometry":{"type":"Point","coordinates":[-3.63736,40.39802]},"properties":{"stop_id":"1997","stop_code":"1997","stop_name":"Fuente Carrantona - Encomienda De Palacios","routes":["008","020"]}},{"type":"Feature","geometry":{"type":"Point","coordinates":[-3.63743,40.39827]},"properties":{"stop_id":"1998","stop_code":"1998","stop_name":"Fuente Carrantona - Encomienda De Palacios","routes":["008","020"]}},{"type":"Feature","geometry":{"type":"Point","coordinates":[-3.63458,40.39711]},"properties":{"stop_id":"1999","stop_code":"1999","stop_name":"Encomienda De Palacios - Valdebernardo","routes":["008","020"]}},{"type":"Feature","geometry":{"type":"Point","coordinates":[-3.63474,40.39736]},"properties":{"stop_id":"2000","stop_code":"2000","stop_name":"Encomienda De Palacios - Valdebernardo","routes":["008","020"]}},{"type":"Feature","geometry":{"type":"Point","coordinates":[-3.63254,40.39947]},"properties":{"stop_id":"2001","stop_code":"2001","stop_name":"Valdebernardo - Hacienda De Pavones","routes":["008","020"]}},{"type":"Feature","geometry":{"type":"Point","coordinates":[-3.69834,40.4171]},"properties":{"stop_id":"2004","stop_code":"2004","stop_name":"Las Cortes","routes":["053"]}},{"type":"Feature","geometry":{"type":"Point","coordinates":[-3.68348,40.43938]},"properties":{"stop_id":"2006","stop_code":"2006","stop_name":"Pedro De Valdivia","routes":["009"]}},{"type":"Feature","geometry":{"type":"Point","coordinates":[-3.68095,40.44014]},"properties":{"stop_id":"2007","stop_code":"2007","stop_name":"Glorieta López De Hoyos","routes":["009"]}},{"type":"Feature","geometry":{"type":"Point","coordinates":[-3.68134,40.44025]},"properties":{"stop_id":"2008","stop_code":"2008","stop_name":"Glorieta López De Hoyos","routes":["009"]}},{"type":"Feature","geometry":{"type":"Point","coordinates":[-3.67815,40.44158]},"properties":{"stop_id":"2009","stop_code":"2009","stop_name":"López De Hoyos - Príncipe De Vergara","routes":["009","073","502"]}},{"type":"Feature","geometry":{"type":"Point","coordinates":[-3.67567,40.44297]},"properties":{"stop_id":"2011","stop_code":"2011","stop_name":"López De Hoyos - Cartagena","routes":["009","073","502"]}},{"type":"Feature","geometry":{"type":"Point","coordinates":[-3.67409,40.4442]},"properties":{"stop_id":"2013","stop_code":"2013","stop_name":"Prosperidad","routes":["009","073","502"]}},{"type":"Feature","geometry":{"type":"Point","coordinates":[-3.67364,40.44467]},"properties":{"stop_id":"2014","stop_code":"2014","stop_name":"Prosperidad","routes":["009","073","502"]}},{"type":"Feature","geometry":{"type":"Point","coordinates":[-3.67192,40.44556]},"properties":{"stop_id":"2015","stop_code":"2015","stop_name":"López De Hoyos - Cardenal Silíceo","routes":["009","073","502"]}},{"type":"Feature","geometry":{"type":"Point","coordinates":[-3.67163,40.4459]},"properties":{"stop_id":"2016","stop_code":"2016","stop_name":"López De Hoyos - Cardenal Silíceo","routes":["009","073","502"]}},{"type":"Feature","geometry":{"type":"Point","coordinates":[-3.66971,40.44705]},"properties":{"stop_id":"2017","stop_code":"2017","stop_name":"López De Hoyos - Pantoja","routes":["009","073","502"]}},{"type":"Feature","geometry":{"type":"Point","coordinates":[-3.66947,40.44738]},"properties":{"stop_id":"2018","stop_code":"2018","stop_name":"López De Hoyos - Pantoja","routes":["009","073","502"]}},{"type":"Feature","geometry":{"type":"Point","coordinates":[-3.66767,40.44846]},"properties":{"stop_id":"2020","stop_code":"2020","stop_name":"Metro Alfonso XIII","routes":["009","073","502"]}},{"type":"Feature","geometry":{"type":"Point","coordinates":[-3.66731,40.44877]},"properties":{"stop_id":"2021","stop_code":"2021","stop_name":"Metro Alfonso XIII","routes":["009","073","502"]}},{"type":"Feature","geometry":{"type":"Point","coordinates":[-3.66536,40.45225]},"properties":{"stop_id":"2022","stop_code":"2022","stop_name":"Padre Claret - Ramón Y Cajal","routes":["009","072","073","502"]}},{"type":"Feature","geometry":{"type":"Point","coordinates":[-3.66084,40.45683]},"properties":{"stop_id":"2024","stop_code":"2024","stop_name":"López De Hoyos - Clínica San Juan De Dios","routes":["009","053","072","073","502"]}},{"type":"Feature","geometry":{"type":"Point","coordinates":[-3.66114,40.45672]},"properties":{"stop_id":"2025","stop_code":"2025","stop_name":"López De Hoyos - Clínica San Juan De Dios","routes":["009","053","072","073","502"]}},{"type":"Feature","geometry":{"type":"Point","coordinates":[-3.65958,40.45976]},"properties":{"stop_id":"2026","stop_code":"2026","stop_name":"López De Hoyos - Arturo Soria","routes":["009","072","073","502","503"]}},{"type":"Feature","geometry":{"type":"Point","coordinates":[-3.65867,40.46191]},"properties":{"stop_id":"2027","stop_code":"2027","stop_name":"López De Hoyos - Navarro Amandi","routes":["009","072","073"]}},{"type":"Feature","geometry":{"type":"Point","coordinates":[-3.65731,40.46367]},"properties":{"stop_id":"2029","stop_code":"2029","stop_name":"Junta Municipal De Hortaleza","routes":["009","072","502"]}},{"type":"Feature","geometry":{"type":"Point","coordinates":[-3.65768,40.46361]},"properties":{"stop_id":"2030","stop_code":"2030","stop_name":"Junta Municipal De Hortaleza","routes":["009","072","502"]}},{"type":"Feature","geometry":{"type":"Point","coordinates":[-3.65319,40.46791]},"properties":{"stop_id":"2033","stop_code":"2033","stop_name":"López De Hoyos - Gran Vía De Hortaleza","routes":["009","072","502"]}},{"type":"Feature","geometry":{"type":"Point","coordinates":[-3.65374,40.46759]},"properties":{"stop_id":"2034","stop_code":"2034","stop_name":"López De Hoyos - Gran Vía De Hortaleza","routes":["009","072","502"]}},{"type":"Feature","geometry":{"type":"Point","coordinates":[-3.65116,40.47023]},"properties":{"stop_id":"2035","stop_code":"2035","stop_name":"López De Hoyos - Ángel Luis Herrán","routes":["009","072","502"]}},{"type":"Feature","geometry":{"type":"Point","coordinates":[-3.65143,40.47019]},"properties":{"stop_id":"2036","stop_code":"2036","stop_name":"López De Hoyos - Ángel Luis Herrán","routes":["009","072","502"]}},{"type":"Feature","geometry":{"type":"Point","coordinates":[-3.64955,40.47206]},"properties":{"stop_id":"2037","stop_code":"2037","stop_name":"Santos De La Humosa","routes":["009","072","502"]}},{"type":"Feature","geometry":{"type":"Point","coordinates":[-3.64964,40.4722]},"properties":{"stop_id":"2038","stop_code":"2038","stop_name":"Santos De La Humosa","routes":["009","072","502"]}},{"type":"Feature","geometry":{"type":"Point","coordinates":[-3.64751,40.47604]},"properties":{"stop_id":"2039","stop_code":"2039","stop_name":"Mar De Las Antillas - Santa Susana","routes":["009"]}},{"type":"Feature","geometry":{"type":"Point","coordinates":[-3.64684,40.47644]},"properties":{"stop_id":"2040","stop_code":"2040","stop_name":"Santa Susana","routes":["009"]}},{"type":"Feature","geometry":{"type":"Point","coordinates":[-3.64667,40.47794]},"properties":{"stop_id":"2041","stop_code":"2041","stop_name":"Parque Santa María","routes":["009"]}},{"type":"Feature","geometry":{"type":"Point","coordinates":[-3.64795,40.47909]},"properties":{"stop_id":"2042","stop_code":"2042","stop_name":"Santa Adela - Santa Susana","routes":["009"]}},{"type":"Feature","geometry":{"type":"Point","coordinates":[-3.64923,40.47796]},"properties":{"stop_id":"2043","stop_code":"2043","stop_name":"Hortaleza","routes":["009"]}},{"type":"Feature","geometry":{"type":"Point","coordinates":[-3.69035,40.40841]},"properties":{"stop_id":"2044","stop_code":"2044","stop_name":"Ministerio De Agricultura","routes":["026","032","037"]}},{"type":"Feature","geometry":{"type":"Point","coordinates":[-3.68171,40.40693]},"properties":{"stop_id":"2048","stop_code":"2048","stop_name":"Reina Cristina","routes":["010","014","026","032","069","509","530"]}},{"type":"Feature","geometry":{"type":"Point","coordinates":[-3.67803,40.40686]},"properties":{"stop_id":"2050","stop_code":"2050","stop_name":"Mariano De Cavia","routes":["010","145"]}},{"type":"Feature","geometry":{"type":"Point","coordinates":[-3.67801,40.40716]},"properties":{"stop_id":"2051","stop_code":"2051","stop_name":"Mariano De Cavia","routes":["010","014"]}},{"type":"Feature","geometry":{"type":"Point","coordinates":[-3.67562,40.40581]},"properties":{"stop_id":"2052","stop_code":"2052","stop_name":"Cavanilles - Abtao","routes":["010"]}},{"type":"Feature","geometry":{"type":"Point","coordinates":[-3.6746,40.40562]},"properties":{"stop_id":"2053","stop_code":"2053","stop_name":"Cavanilles - Abtao","routes":["010","014"]}},{"type":"Feature","geometry":{"type":"Point","coordinates":[-3.67256,40.40459]},"properties":{"stop_id":"2055","stop_code":"2055","stop_name":"Doctor Esquerdo - Cavanilles","routes":["010","014"]}},{"type":"Feature","geometry":{"type":"Point","coordinates":[-3.69895,40.41821]},"properties":{"stop_id":"2056","stop_code":"2056","stop_name":"Sevilla","routes":["046"]}},{"type":"Feature","geometry":{"type":"Point","coordinates":[-3.67055,40.39919]},"properties":{"stop_id":"2057","stop_code":"2057","stop_name":"Puente De Vallecas","routes":["008","024","054","056","057","141"]}},{"type":"Feature","geometry":{"type":"Point","coordinates":[-3.67009,40.39867]},"properties":{"stop_id":"2058","stop_code":"2058","stop_name":"Puente De Vallecas","routes":["008","010","024","037","054","056","057","136","141","310","510","525"]}},{"type":"Feature","geometry":{"type":"Point","coordinates":[-3.66802,40.39693]},"properties":{"stop_id":"2059","stop_code":"2059","stop_name":"Monte Igueldo","routes":["010","024","111","310"]}},{"type":"Feature","geometry":{"type":"Point","coordinates":[-3.66658,40.39451]},"properties":{"stop_id":"2061","stop_code":"2061","stop_name":"Martínez De La Riva","routes":["024","111","310"]}},{"type":"Feature","geometry":{"type":"Point","coordinates":[-3.65877,40.45463]},"properties":{"stop_id":"2062","stop_code":"2062","stop_name":"José Silva - Agastia","routes":["120"]}},{"type":"Feature","geometry":{"type":"Point","coordinates":[-3.6635,40.39306]},"properties":{"stop_id":"2063","stop_code":"2063","stop_name":"Arroyo Del Olivar - Sierra Carbonera","routes":["010"]}},{"type":"Feature","geometry":{"type":"Point","coordinates":[-3.66105,40.39163]},"properties":{"stop_id":"2064","stop_code":"2064","stop_name":"Arroyo Del Olivar - Carlos Martín Álvarez","routes":["010"]}},{"type":"Feature","geometry":{"type":"Point","coordinates":[-3.6611,40.39183]},"properties":{"stop_id":"2065","stop_code":"2065","stop_name":"Arroyo Del Olivar - Carlos Martín Álvarez","routes":["010"]}},{"type":"Feature","geometry":{"type":"Point","coordinates":[-3.65768,40.39036]},"properties":{"stop_id":"2066","stop_code":"2066","stop_name":"Arroyo Del Olivar - Muñoz Díaz","routes":["010"]}},{"type":"Feature","geometry":{"type":"Point","coordinates":[-3.65755,40.39051]},"properties":{"stop_id":"2067","stop_code":"2067","stop_name":"Arroyo Del Olivar - Muñoz Díaz","routes":["010"]}},{"type":"Feature","geometry":{"type":"Point","coordinates":[-3.65451,40.3886]},"properties":{"stop_id":"2068","stop_code":"2068","stop_name":"Parque De Azorín","routes":["010"]}},{"type":"Feature","geometry":{"type":"Point","coordinates":[-3.65446,40.38882]},"properties":{"stop_id":"2069","stop_code":"2069","stop_name":"Parque De Azorín","routes":["010"]}},{"type":"Feature","geometry":{"type":"Point","coordinates":[-3.65261,40.38679]},"properties":{"stop_id":"2070","stop_code":"2070","stop_name":"Buenos Aires - Palomeras","routes":["010","510"]}},{"type":"Feature","geometry":{"type":"Point","coordinates":[-3.65286,40.38732]},"properties":{"stop_id":"2071","stop_code":"2071","stop_name":"Buenos Aires - Palomeras","routes":["010","136"]}},{"type":"Feature","geometry":{"type":"Point","coordinates":[-3.65041,40.38629]},"properties":{"stop_id":"2072","stop_code":"2072","stop_name":"Pedro Laborde - Palomeras","routes":["010","510"]}},{"type":"Feature","geometry":{"type":"Point","coordinates":[-3.65072,40.38654]},"properties":{"stop_id":"2073","stop_code":"2073","stop_name":"Pedro Laborde - Palomeras","routes":["010"]}},{"type":"Feature","geometry":{"type":"Point","coordinates":[-3.64891,40.38599]},"properties":{"stop_id":"2074","stop_code":"2074","stop_name":"Parque De La Constitución","routes":["010"]}},{"type":"Feature","geometry":{"type":"Point","coordinates":[-3.64756,40.38524]},"properties":{"stop_id":"2075","stop_code":"2075","stop_name":"Pablo Neruda - Avenida De Palomeras","routes":["010","510"]}},{"type":"Feature","geometry":{"type":"Point","coordinates":[-3.6476,40.38544]},"properties":{"stop_id":"2076","stop_code":"2076","stop_name":"Pablo Neruda - Avenida De Palomeras","routes":["010"]}},{"type":"Feature","geometry":{"type":"Point","coordinates":[-3.64605,40.38543]},"properties":{"stop_id":"2077","stop_code":"2077","stop_name":"Extremeños","routes":["010","510"]}},{"type":"Feature","geometry":{"type":"Point","coordinates":[-3.64596,40.38566]},"properties":{"stop_id":"2078","stop_code":"2078","stop_name":"Extremeños","routes":["010"]}},{"type":"Feature","geometry":{"type":"Point","coordinates":[-3.64365,40.3843]},"properties":{"stop_id":"2079","stop_code":"2079","stop_name":"Biblioteca Miguel Hernández","routes":["010"]}},{"type":"Feature","geometry":{"type":"Point","coordinates":[-3.64354,40.38459]},"properties":{"stop_id":"2080","stop_code":"2080","stop_name":"Biblioteca Miguel Hernández","routes":["010"]}},{"type":"Feature","geometry":{"type":"Point","coordinates":[-3.6448,40.38291]},"properties":{"stop_id":"2081","stop_code":"2081","stop_name":"Aragoneses","routes":["010","144"]}},{"type":"Feature","geometry":{"type":"Point","coordinates":[-3.64465,40.38269]},"properties":{"stop_id":"2082","stop_code":"2082","stop_name":"Aragoneses","routes":["010","144","510"]}},{"type":"Feature","geometry":{"type":"Point","coordinates":[-3.64668,40.3824]},"properties":{"stop_id":"2083","stop_code":"2083","stop_name":"Leoneses","routes":["010","144"]}},{"type":"Feature","geometry":{"type":"Point","coordinates":[-3.64589,40.38239]},"properties":{"stop_id":"2084","stop_code":"2084","stop_name":"Leoneses","routes":["010","144"]}},{"type":"Feature","geometry":{"type":"Point","coordinates":[-3.64907,40.38177]},"properties":{"stop_id":"2085","stop_code":"2085","stop_name":"Villalobos","routes":["010","144","310"]}},{"type":"Feature","geometry":{"type":"Point","coordinates":[-3.64894,40.38163]},"properties":{"stop_id":"2086","stop_code":"2086","stop_name":"Villalobos","routes":["010","144","310"]}},{"type":"Feature","geometry":{"type":"Point","coordinates":[-3.65107,40.3813]},"properties":{"stop_id":"2087","stop_code":"2087","stop_name":"Pablo Neruda - Villalobos","routes":["010","310"]}},{"type":"Feature","geometry":{"type":"Point","coordinates":[-3.65133,40.38163]},"properties":{"stop_id":"2088","stop_code":"2088","stop_name":"Pablo Neruda - Villalobos","routes":["010","057","144"]}},{"type":"Feature","geometry":{"type":"Point","coordinates":[-3.66652,40.3941]},"properties":{"stop_id":"2091","stop_code":"2091","stop_name":"Martínez De La Riva","routes":["010","024","111","310"]}},{"type":"Feature","geometry":{"type":"Point","coordinates":[-3.66708,40.38875]},"properties":{"stop_id":"2093","stop_code":"2093","stop_name":"Sierra Molina - Centro De Salud","routes":["024"]}},{"type":"Feature","geometry":{"type":"Point","coordinates":[-3.66539,40.39134]},"properties":{"stop_id":"2094","stop_code":"2094","stop_name":"Martínez De La Riva - Sierra Carbonera","routes":["111","310"]}},{"type":"Feature","geometry":{"type":"Point","coordinates":[-3.65731,40.38644]},"properties":{"stop_id":"2095","stop_code":"2095","stop_name":"Javier De Miguel - San Anselmo","routes":["310","510"]}},{"type":"Feature","geometry":{"type":"Point","coordinates":[-3.65634,40.38569]},"properties":{"stop_id":"2096","stop_code":"2096","stop_name":"Javier De Miguel - San Anselmo","routes":["310"]}},{"type":"Feature","geometry":{"type":"Point","coordinates":[-3.65568,40.38449]},"properties":{"stop_id":"2097","stop_code":"2097","stop_name":"Javier De Miguel - Puerto Velate","routes":["310","510"]}},{"type":"Feature","geometry":{"type":"Point","coordinates":[-3.6554,40.38456]},"properties":{"stop_id":"2098","stop_code":"2098","stop_name":"Javier De Miguel - Puerto Velate","routes":["310"]}},{"type":"Feature","geometry":{"type":"Point","coordinates":[-3.65266,40.38406]},"properties":{"stop_id":"2099","stop_code":"2099","stop_name":"Buenos Aires - Pedro Laborde","routes":["310"]}},{"type":"Feature","geometry":{"type":"Point","coordinates":[-3.65268,40.38426]},"properties":{"stop_id":"2100","stop_code":"2100","stop_name":"Buenos Aires - Pedro Laborde","routes":["310"]}},{"type":"Feature","geometry":{"type":"Point","coordinates":[-3.64963,40.38397]},"properties":{"stop_id":"2101","stop_code":"2101","stop_name":"Lago Calafate","routes":["310"]}},{"type":"Feature","geometry":{"type":"Point","coordinates":[-3.64954,40.38415]},"properties":{"stop_id":"2102","stop_code":"2102","stop_name":"Lago Calafate","routes":["310"]}},{"type":"Feature","geometry":{"type":"Point","coordinates":[-3.64785,40.38259]},"properties":{"stop_id":"2103","stop_code":"2103","stop_name":"Leoneses - Villalobos","routes":["310"]}},{"type":"Feature","geometry":{"type":"Point","coordinates":[-3.64752,40.38254]},"properties":{"stop_id":"2104","stop_code":"2104","stop_name":"Leoneses - Villalobos","routes":["310"]}},{"type":"Feature","geometry":{"type":"Point","coordinates":[-3.6509,40.38112]},"properties":{"stop_id":"2105","stop_code":"2105","stop_name":"Pablo Neruda - Villalobos","routes":["310"]}},{"type":"Feature","geometry":{"type":"Point","coordinates":[-3.65189,40.3793]},"properties":{"stop_id":"2106","stop_code":"2106","stop_name":"Parque De Palomeras","routes":["010","310"]}},{"type":"Feature","geometry":{"type":"Point","coordinates":[-3.65159,40.37933]},"properties":{"stop_id":"2107","stop_code":"2107","stop_name":"Parque De Palomeras","routes":["310"]}},{"type":"Feature","geometry":{"type":"Point","coordinates":[-3.60795,40.45084]},"properties":{"stop_id":"2108","stop_code":"2108","stop_name":"Avenida De Logroño - Canillejas","routes":["101","105","151","165"]}},{"type":"Feature","geometry":{"type":"Point","coordinates":[-3.65397,40.37796]},"properties":{"stop_id":"2109","stop_code":"2109","stop_name":"Parque De Palomeras","routes":["010","057","136"]}},{"type":"Feature","geometry":{"type":"Point","coordinates":[-3.71499,40.43045]},"properties":{"stop_id":"2111","stop_code":"2111","stop_name":"Argüelles","routes":["362"]}},{"type":"Feature","geometry":{"type":"Point","coordinates":[-3.65033,40.37324]},"properties":{"stop_id":"2113","stop_code":"2113","stop_name":"Camino Del Pozo - Luis I","routes":["454"]}},{"type":"Feature","geometry":{"type":"Point","coordinates":[-3.70562,40.41519]},"properties":{"stop_id":"2115","stop_code":"2115","stop_name":"Plaza Santa Cruz - Plaza Mayor","routes":["603"]}},{"type":"Feature","geometry":{"type":"Point","coordinates":[-3.68938,40.45877]},"properties":{"stop_id":"2116","stop_code":"2116","stop_name":"Cuzco","routes":["011","040"]}},{"type":"Feature","geometry":{"type":"Point","coordinates":[-3.64963,40.4468]},"properties":{"stop_id":"2118","stop_code":"2118","stop_name":"Arturo Soria - Condesa De Venadito","routes":["011","503"]}},{"type":"Feature","geometry":{"type":"Point","coordinates":[-3.65119,40.4459]},"properties":{"stop_id":"2119","stop_code":"2119","stop_name":"Condesa De Venadito","routes":["011"]}},{"type":"Feature","geometry":{"type":"Point","coordinates":[-3.65206,40.44373]},"properties":{"stop_id":"2120","stop_code":"2120","stop_name":"Madre Antonia París","routes":["011","503"]}},{"type":"Feature","geometry":{"type":"Point","coordinates":[-3.65394,40.44441]},"properties":{"stop_id":"2121","stop_code":"2121","stop_name":"Condesa De Venadito - Torrelaguna","routes":["011","503"]}},{"type":"Feature","geometry":{"type":"Point","coordinates":[-3.65152,40.44559]},"properties":{"stop_id":"2122","stop_code":"2122","stop_name":"Condesa De Venadito","routes":["011"]}},{"type":"Feature","geometry":{"type":"Point","coordinates":[-3.6517,40.44683]},"properties":{"stop_id":"2123","stop_code":"2123","stop_name":"Hernández De Tejada","routes":["011","114","503"]}},{"type":"Feature","geometry":{"type":"Point","coordinates":[-3.67091,40.40703]},"properties":{"stop_id":"2125","stop_code":"2125","stop_name":"Av. Mediterráneo - Conde De Casal","routes":["032","529"]}},{"type":"Feature","geometry":{"type":"Point","coordinates":[-3.67106,40.40666]},"properties":{"stop_id":"2126","stop_code":"2126","stop_name":"Av. Mediterráneo - Conde De Casal","routes":["014","032","530"]}},{"type":"Feature","geometry":{"type":"Point","coordinates":[-3.67334,40.40725]},"properties":{"stop_id":"2127","stop_code":"2127","stop_name":"Mediterráneo","routes":["032","063","090","145","509"]}},{"type":"Feature","geometry":{"type":"Point","coordinates":[-3.67422,40.40702]},"properties":{"stop_id":"2128","stop_code":"2128","stop_name":"Mediterráneo","routes":["014","032","063","090","509"]}},{"type":"Feature","geometry":{"type":"Point","coordinates":[-3.678,40.40769]},"properties":{"stop_id":"2129","stop_code":"2129","stop_name":"Mariano De Cavia","routes":["032","509","529"]}},{"type":"Feature","geometry":{"type":"Point","coordinates":[-3.67791,40.40731]},"properties":{"stop_id":"2130","stop_code":"2130","stop_name":"Mariano De Cavia","routes":["014","032","063","509","530"]}},{"type":"Feature","geometry":{"type":"Point","coordinates":[-3.6906,40.44683]},"properties":{"stop_id":"2131","stop_code":"2131","stop_name":"Nuevos Ministerios - Centro Comercial","routes":["014"]}},{"type":"Feature","geometry":{"type":"Point","coordinates":[-3.68909,40.44887]},"properties":{"stop_id":"2132","stop_code":"2132","stop_name":"Paseo De La Habana - Hermanos Pinzón","routes":["014"]}},{"type":"Feature","geometry":{"type":"Point","coordinates":[-3.6861,40.45143]},"properties":{"stop_id":"2133","stop_code":"2133","stop_name":"Sagrados Corazones","routes":["014"]}},{"type":"Feature","geometry":{"type":"Point","coordinates":[-3.6845,40.45331]},"properties":{"stop_id":"2134","stop_code":"2134","stop_name":"Paseo De La Habana - Centro Universitario","routes":["014"]}},{"type":"Feature","geometry":{"type":"Point","coordinates":[-3.68506,40.45311]},"properties":{"stop_id":"2135","stop_code":"2135","stop_name":"Paseo De La Habana - Centro Universitario","routes":["014"]}},{"type":"Feature","geometry":{"type":"Point","coordinates":[-3.68234,40.45515]},"properties":{"stop_id":"2136","stop_code":"2136","stop_name":"Paseo De La Habana - Cochabamba","routes":["014"]}},{"type":"Feature","geometry":{"type":"Point","coordinates":[-3.68267,40.4552]},"properties":{"stop_id":"2137","stop_code":"2137","stop_name":"Paseo De La Habana - Cochabamba","routes":["014"]}},{"type":"Feature","geometry":{"type":"Point","coordinates":[-3.68124,40.45743]},"properties":{"stop_id":"2138","stop_code":"2138","stop_name":"Paseo De La Habana - Veracruz","routes":["014"]}},{"type":"Feature","geometry":{"type":"Point","coordinates":[-3.68165,40.45766]},"properties":{"stop_id":"2139","stop_code":"2139","stop_name":"Paseo De La Habana - Veracruz","routes":["014"]}},{"type":"Feature","geometry":{"type":"Point","coordinates":[-3.68117,40.45972]},"properties":{"stop_id":"2140","stop_code":"2140","stop_name":"Paseo De La Habana - Honduras","routes":["014"]}},{"type":"Feature","geometry":{"type":"Point","coordinates":[-3.6816,40.45936]},"properties":{"stop_id":"2141","stop_code":"2141","stop_name":"Paseo De La Habana - Honduras","routes":["014"]}},{"type":"Feature","geometry":{"type":"Point","coordinates":[-3.68023,40.46232]},"properties":{"stop_id":"2142","stop_code":"2142","stop_name":"Paseo De La Habana - Macarena","routes":["014"]}},{"type":"Feature","geometry":{"type":"Point","coordinates":[-3.68039,40.46245]},"properties":{"stop_id":"2143","stop_code":"2143","stop_name":"Paseo De La Habana - Macarena","routes":["014"]}},{"type":"Feature","geometry":{"type":"Point","coordinates":[-3.6796,40.4646]},"properties":{"stop_id":"2144","stop_code":"2144","stop_name":"Paseo De La Habana - Jerez","routes":["014"]}},{"type":"Feature","geometry":{"type":"Point","coordinates":[-3.67976,40.46465]},"properties":{"stop_id":"2145","stop_code":"2145","stop_name":"Paseo De La Habana - Jerez","routes":["014"]}},{"type":"Feature","geometry":{"type":"Point","coordinates":[-3.67912,40.46669]},"properties":{"stop_id":"2146","stop_code":"2146","stop_name":"Paseo De La Habana - Menéndez Pidal","routes":["014"]}},{"type":"Feature","geometry":{"type":"Point","coordinates":[-3.67927,40.46671]},"properties":{"stop_id":"2147","stop_code":"2147","stop_name":"Pº La Habana - M. Pidal - San Luis Guanella","routes":["014"]}},{"type":"Feature","geometry":{"type":"Point","coordinates":[-3.67749,40.46823]},"properties":{"stop_id":"2148","stop_code":"2148","stop_name":"Duque De Pastrana","routes":["014","129"]}},{"type":"Feature","geometry":{"type":"Point","coordinates":[-3.67789,40.46842]},"properties":{"stop_id":"2149","stop_code":"2149","stop_name":"Duque De Pastrana","routes":["014","129","174","833"]}},{"type":"Feature","geometry":{"type":"Point","coordinates":[-3.67609,40.47044]},"properties":{"stop_id":"2150","stop_code":"2150","stop_name":"Marqués De Torroja","routes":["014","129"]}},{"type":"Feature","geometry":{"type":"Point","coordinates":[-3.67638,40.46996]},"properties":{"stop_id":"2151","stop_code":"2151","stop_name":"Marqués De Torroja","routes":["014","129","174"]}},{"type":"Feature","geometry":{"type":"Point","coordinates":[-3.67628,40.42427]},"properties":{"stop_id":"2153","stop_code":"2153","stop_name":"Felipe II","routes":["063"]}},{"type":"Feature","geometry":{"type":"Point","coordinates":[-3.67623,40.42107]},"properties":{"stop_id":"2154","stop_code":"2154","stop_name":"Narváez - O Donnell","routes":["015","026","061","063","068","215"]}},{"type":"Feature","geometry":{"type":"Point","coordinates":[-3.67584,40.42116]},"properties":{"stop_id":"2155","stop_code":"2155","stop_name":"Narváez - O Donnell","routes":["015","026","061","063","069","215"]}},{"type":"Feature","geometry":{"type":"Point","coordinates":[-3.67644,40.41858]},"properties":{"stop_id":"2156","stop_code":"2156","stop_name":"Narváez - Ibiza","routes":["002","015","026","061","063","068","215"]}},{"type":"Feature","geometry":{"type":"Point","coordinates":[-3.67608,40.41864]},"properties":{"stop_id":"2157","stop_code":"2157","stop_name":"Narváez - Ibiza","routes":["002","015","026","061","063","069","215"]}},{"type":"Feature","geometry":{"type":"Point","coordinates":[-3.67565,40.41683]},"properties":{"stop_id":"2158","stop_code":"2158","stop_name":"Sainz De Baranda - Narváez","routes":["002","015","215"]}},{"type":"Feature","geometry":{"type":"Point","coordinates":[-3.67593,40.41708]},"properties":{"stop_id":"2159","stop_code":"2159","stop_name":"Sainz De Baranda - Narváez","routes":["015","215"]}},{"type":"Feature","geometry":{"type":"Point","coordinates":[-3.67297,40.41668]},"properties":{"stop_id":"2160","stop_code":"2160","stop_name":"Sainz De Baranda - Maiquez","routes":["002","015","215","508"]}},{"type":"Feature","geometry":{"type":"Point","coordinates":[-3.67295,40.41692]},"properties":{"stop_id":"2161","stop_code":"2161","stop_name":"Sainz De Baranda - Maiquez","routes":["015","215"]}},{"type":"Feature","geometry":{"type":"Point","coordinates":[-3.66985,40.41645]},"properties":{"stop_id":"2162","stop_code":"2162","stop_name":"Metro Sainz De Baranda","routes":["002","015","215"]}},{"type":"Feature","geometry":{"type":"Point","coordinates":[-3.6701,40.41675]},"properties":{"stop_id":"2163","stop_code":"2163","stop_name":"Metro Sainz De Baranda","routes":["015","215"]}},{"type":"Feature","geometry":{"type":"Point","coordinates":[-3.66766,40.41719]},"properties":{"stop_id":"2164","stop_code":"2164","stop_name":"Marqués De Lozoya","routes":["015","215"]}},{"type":"Feature","geometry":{"type":"Point","coordinates":[-3.66761,40.41742]},"properties":{"stop_id":"2165","stop_code":"2165","stop_name":"Marqués De Lozoya","routes":["015","215"]}},{"type":"Feature","geometry":{"type":"Point","coordinates":[-3.66543,40.41867]},"properties":{"stop_id":"2166","stop_code":"2166","stop_name":"Sainz De Baranda - Parque Roma","routes":["015"]}},{"type":"Feature","geometry":{"type":"Point","coordinates":[-3.66588,40.4187]},"properties":{"stop_id":"2167","stop_code":"2167","stop_name":"Sainz De Baranda - Parque Roma","routes":["015"]}},{"type":"Feature","geometry":{"type":"Point","coordinates":[-3.66217,40.42129]},"properties":{"stop_id":"2168","stop_code":"2168","stop_name":"Torrespaña","routes":["015","028","071","506"]}},{"type":"Feature","geometry":{"type":"Point","coordinates":[-3.6622,40.42152]},"properties":{"stop_id":"2169","stop_code":"2169","stop_name":"Torrespaña","routes":["015","028","071","506"]}},{"type":"Feature","geometry":{"type":"Point","coordinates":[-3.68897,40.41904]},"properties":{"stop_id":"2171","stop_code":"2171","stop_name":"Puerta De Alcalá","routes":["019","502","503","508"]}},{"type":"Feature","geometry":{"type":"Point","coordinates":[-3.68917,40.41639]},"properties":{"stop_id":"2172","stop_code":"2172","stop_name":"Casón Del Buen Retiro","routes":["019"]}},{"type":"Feature","geometry":{"type":"Point","coordinates":[-3.68888,40.41658]},"properties":{"stop_id":"2173","stop_code":"2173","stop_name":"Casón Del Buen Retiro","routes":["019"]}},{"type":"Feature","geometry":{"type":"Point","coordinates":[-3.68904,40.41261]},"properties":{"stop_id":"2174","stop_code":"2174","stop_name":"Alfonso XII - Jardín Botánico","routes":["019"]}},{"type":"Feature","geometry":{"type":"Point","coordinates":[-3.68871,40.41286]},"properties":{"stop_id":"2175","stop_code":"2175","stop_name":"Alfonso XII - Jardín Botánico","routes":["019"]}},{"type":"Feature","geometry":{"type":"Point","coordinates":[-3.6889,40.40917]},"properties":{"stop_id":"2176","stop_code":"2176","stop_name":"Cuesta De Moyano","routes":["019"]}},{"type":"Feature","geometry":{"type":"Point","coordinates":[-3.68857,40.40924]},"properties":{"stop_id":"2177","stop_code":"2177","stop_name":"Cuesta De Moyano","routes":["019"]}},{"type":"Feature","geometry":{"type":"Point","coordinates":[-3.68955,40.40791]},"properties":{"stop_id":"2178","stop_code":"2178","stop_name":"Atocha","routes":["068","509","510","525"]}},{"type":"Feature","geometry":{"type":"Point","coordinates":[-3.71113,40.34631]},"properties":{"stop_id":"2179","stop_code":"2179","stop_name":"Alberto Palacios - Aladierna","routes":["022","079","514"]}},{"type":"Feature","geometry":{"type":"Point","coordinates":[-3.71142,40.34612]},"properties":{"stop_id":"2180","stop_code":"2180","stop_name":"Alberto Palacios - Aladierna","routes":["022","079"]}},{"type":"Feature","geometry":{"type":"Point","coordinates":[-3.71359,40.34423]},"properties":{"stop_id":"2181","stop_code":"2181","stop_name":"Alberto Palacios - Juan Peñalver","routes":["022","079","514"]}},{"type":"Feature","geometry":{"type":"Point","coordinates":[-3.71318,40.34431]},"properties":{"stop_id":"2182","stop_code":"2182","stop_name":"Alberto Palacios - Juan Peñalver","routes":["022","079"]}},{"type":"Feature","geometry":{"type":"Point","coordinates":[-3.71616,40.34337]},"properties":{"stop_id":"2183","stop_code":"2183","stop_name":"Alberto Palacios - Ferroviarios","routes":["022"]}},{"type":"Feature","geometry":{"type":"Point","coordinates":[-3.6655,40.39131]},"properties":{"stop_id":"2184","stop_code":"2184","stop_name":"Martínez De La Riva - Sierra Carbonera","routes":["024","111","310"]}},{"type":"Feature","geometry":{"type":"Point","coordinates":[-3.66638,40.39142]},"properties":{"stop_id":"2185","stop_code":"2185","stop_name":"Párroco Emilio Franco - Martínez La Riva","routes":["024"]}},{"type":"Feature","geometry":{"type":"Point","coordinates":[-3.66897,40.38819]},"properties":{"stop_id":"2189","stop_code":"2189","stop_name":"Manuel Maroto - San Diego","routes":["024"]}},{"type":"Feature","geometry":{"type":"Point","coordinates":[-3.67012,40.38606]},"properties":{"stop_id":"2190","stop_code":"2190","stop_name":"Pintor Sorolla","routes":["024"]}},{"type":"Feature","geometry":{"type":"Point","coordinates":[-3.67062,40.387]},"properties":{"stop_id":"2191","stop_code":"2191","stop_name":"Pintor Sorolla","routes":["024"]}},{"type":"Feature","geometry":{"type":"Point","coordinates":[-3.67264,40.38446]},"properties":{"stop_id":"2192","stop_code":"2192","stop_name":"Mejorana","routes":["024"]}},{"type":"Feature","geometry":{"type":"Point","coordinates":[-3.67187,40.38467]},"properties":{"stop_id":"2193","stop_code":"2193","stop_name":"Mejorana","routes":["024"]}},{"type":"Feature","geometry":{"type":"Point","coordinates":[-3.67235,40.38111]},"properties":{"stop_id":"2194","stop_code":"2194","stop_name":"Lagartera","routes":["024"]}},{"type":"Feature","geometry":{"type":"Point","coordinates":[-3.67007,40.38343]},"properties":{"stop_id":"2195","stop_code":"2195","stop_name":"Conde Rodríguez San Pedro","routes":["024"]}},{"type":"Feature","geometry":{"type":"Point","coordinates":[-3.66862,40.38143]},"properties":{"stop_id":"2196","stop_code":"2196","stop_name":"Entrevías Cercanías","routes":["024"]}},{"type":"Feature","geometry":{"type":"Point","coordinates":[-3.66835,40.38157]},"properties":{"stop_id":"2197","stop_code":"2197","stop_name":"Entrevías Cercanías","routes":["024"]}},{"type":"Feature","geometry":{"type":"Point","coordinates":[-3.6653,40.37885]},"properties":{"stop_id":"2198","stop_code":"2198","stop_name":"Avenida De Entrevías - La Serena","routes":["024"]}},{"type":"Feature","geometry":{"type":"Point","coordinates":[-3.66552,40.37934]},"properties":{"stop_id":"2199","stop_code":"2199","stop_name":"Avenida De Entrevías - La Serena","routes":["024"]}},{"type":"Feature","geometry":{"type":"Point","coordinates":[-3.66289,40.37748]},"properties":{"stop_id":"2200","stop_code":"2200","stop_name":"Avenida De Entrevías - Vedra","routes":["024"]}},{"type":"Feature","geometry":{"type":"Point","coordinates":[-3.66304,40.37779]},"properties":{"stop_id":"2201","stop_code":"2201","stop_name":"Avenida De Entrevías - Vedra","routes":["024"]}},{"type":"Feature","geometry":{"type":"Point","coordinates":[-3.66051,40.3766]},"properties":{"stop_id":"2202","stop_code":"2202","stop_name":"Avenida De Entrevías - Ronda Sur","routes":["024"]}},{"type":"Feature","geometry":{"type":"Point","coordinates":[-3.66047,40.37689]},"properties":{"stop_id":"2203","stop_code":"2203","stop_name":"Avenida De Entrevías - Ronda Sur","routes":["024"]}},{"type":"Feature","geometry":{"type":"Point","coordinates":[-3.65998,40.37501]},"properties":{"stop_id":"2204","stop_code":"2204","stop_name":"Vecinos Del Pozo","routes":["024","102","180"]}},{"type":"Feature","geometry":{"type":"Point","coordinates":[-3.66065,40.37321]},"properties":{"stop_id":"2205","stop_code":"2205","stop_name":"Cabo Machichaco","routes":["024","102","180"]}},{"type":"Feature","geometry":{"type":"Point","coordinates":[-3.65942,40.37141]},"properties":{"stop_id":"2206","stop_code":"2206","stop_name":"El Pozo","routes":["024","102"]}},{"type":"Feature","geometry":{"type":"Point","coordinates":[-3.65895,40.3732]},"properties":{"stop_id":"2207","stop_code":"2207","stop_name":"Avenida De Las Glorietas","routes":["024","102"]}},{"type":"Feature","geometry":{"type":"Point","coordinates":[-3.65963,40.37457]},"properties":{"stop_id":"2208","stop_code":"2208","stop_name":"Cooperativa Eléctrica","routes":["024","102"]}},{"type":"Feature","geometry":{"type":"Point","coordinates":[-3.6609,40.37548]},"properties":{"stop_id":"2209","stop_code":"2209","stop_name":"Ronda Sur - Depósito De Agua","routes":["024","102","103","511"]}},{"type":"Feature","geometry":{"type":"Point","coordinates":[-3.67819,40.40817]},"properties":{"stop_id":"2210","stop_code":"2210","stop_name":"Mariano De Cavia","routes":["026","063","069","152"]}},{"type":"Feature","geometry":{"type":"Point","coordinates":[-3.67866,40.40812]},"properties":{"stop_id":"2211","stop_code":"2211","stop_name":"Mariano De Cavia","routes":["026","068","152"]}},{"type":"Feature","geometry":{"type":"Point","coordinates":[-3.67621,40.41106]},"properties":{"stop_id":"2212","stop_code":"2212","stop_name":"Plaza Niño Jesús","routes":["026","063","069","152"]}},{"type":"Feature","geometry":{"type":"Point","coordinates":[-3.67666,40.41091]},"properties":{"stop_id":"2213","stop_code":"2213","stop_name":"Plaza Niño Jesús","routes":["026","063","068","152"]}},{"type":"Feature","geometry":{"type":"Point","coordinates":[-3.67623,40.41632]},"properties":{"stop_id":"2214","stop_code":"2214","stop_name":"Narváez - Doce De Octubre","routes":["026","061","063","069"]}},{"type":"Feature","geometry":{"type":"Point","coordinates":[-3.6756,40.42407]},"properties":{"stop_id":"2215","stop_code":"2215","stop_name":"Felipe II","routes":["026","061","404","405"]}},{"type":"Feature","geometry":{"type":"Point","coordinates":[-3.67601,40.4238]},"properties":{"stop_id":"2216","stop_code":"2216","stop_name":"Felipe II","routes":["026","061"]}},{"type":"Feature","geometry":{"type":"Point","coordinates":[-3.67546,40.42562]},"properties":{"stop_id":"2217","stop_code":"2217","stop_name":"Conde De Peñalver - Alcalá","routes":["026","061"]}},{"type":"Feature","geometry":{"type":"Point","coordinates":[-3.67585,40.42546]},"properties":{"stop_id":"2218","stop_code":"2218","stop_name":"Conde De Peñalver - Alcalá","routes":["026","061"]}},{"type":"Feature","geometry":{"type":"Point","coordinates":[-3.67531,40.42811]},"properties":{"stop_id":"2219","stop_code":"2219","stop_name":"Conde De Peñalver - Ayala","routes":["026","061","503"]}},{"type":"Feature","geometry":{"type":"Point","coordinates":[-3.67566,40.4278]},"properties":{"stop_id":"2220","stop_code":"2220","stop_name":"Conde De Peñalver - Ayala","routes":["026","061","503"]}},{"type":"Feature","geometry":{"type":"Point","coordinates":[-3.67512,40.43021]},"properties":{"stop_id":"2221","stop_code":"2221","stop_name":"Lista","routes":["026","061","503"]}},{"type":"Feature","geometry":{"type":"Point","coordinates":[-3.67538,40.43041]},"properties":{"stop_id":"2222","stop_code":"2222","stop_name":"Lista","routes":["026","061","503"]}},{"type":"Feature","geometry":{"type":"Point","coordinates":[-3.67478,40.43424]},"properties":{"stop_id":"2223","stop_code":"2223","stop_name":"Diego De León","routes":["026"]}},{"type":"Feature","geometry":{"type":"Point","coordinates":[-3.67516,40.43411]},"properties":{"stop_id":"2224","stop_code":"2224","stop_name":"Diego De León","routes":["056"]}},{"type":"Feature","geometry":{"type":"Point","coordinates":[-3.68016,40.42326]},"properties":{"stop_id":"2225","stop_code":"2225","stop_name":"Príncipe De Vergara - Jorge Juan","routes":["029","052"]}},{"type":"Feature","geometry":{"type":"Point","coordinates":[-3.67978,40.42356]},"properties":{"stop_id":"2226","stop_code":"2226","stop_name":"Príncipe De Vergara - Jorge Juan","routes":["029"]}},{"type":"Feature","geometry":{"type":"Point","coordinates":[-3.68001,40.42542]},"properties":{"stop_id":"2227","stop_code":"2227","stop_name":"Príncipe De Vergara - Goya","routes":["029","052","502"]}},{"type":"Feature","geometry":{"type":"Point","coordinates":[-3.68032,40.42547]},"properties":{"stop_id":"2228","stop_code":"2228","stop_name":"Príncipe De Vergara - Goya","routes":["029","052","502"]}},{"type":"Feature","geometry":{"type":"Point","coordinates":[-3.67974,40.42788]},"properties":{"stop_id":"2229","stop_code":"2229","stop_name":"Príncipe De Vergara - Ayala","routes":["029","052","502"]}},{"type":"Feature","geometry":{"type":"Point","coordinates":[-3.68016,40.42788]},"properties":{"stop_id":"2230","stop_code":"2230","stop_name":"Príncipe De Vergara - Ayala","routes":["029","052","502"]}},{"type":"Feature","geometry":{"type":"Point","coordinates":[-3.6799,40.43085]},"properties":{"stop_id":"2232","stop_code":"2232","stop_name":"Marqués De Salamanca","routes":["029","052","502"]}},{"type":"Feature","geometry":{"type":"Point","coordinates":[-3.67926,40.43423]},"properties":{"stop_id":"2233","stop_code":"2233","stop_name":"Príncipe De Vergara - Diego De León","routes":["029","052","502"]}},{"type":"Feature","geometry":{"type":"Point","coordinates":[-3.67965,40.43405]},"properties":{"stop_id":"2234","stop_code":"2234","stop_name":"Príncipe De Vergara - Diego De León","routes":["029","052","502"]}},{"type":"Feature","geometry":{"type":"Point","coordinates":[-3.67892,40.43794]},"properties":{"stop_id":"2235","stop_code":"2235","stop_name":"Príncipe De Vergara - María De Molina","routes":["502"]}},{"type":"Feature","geometry":{"type":"Point","coordinates":[-3.67931,40.43823]},"properties":{"stop_id":"2236","stop_code":"2236","stop_name":"Príncipe De Vergara - María De Molina","routes":["029","052","502"]}},{"type":"Feature","geometry":{"type":"Point","coordinates":[-3.67915,40.43979]},"properties":{"stop_id":"2238","stop_code":"2238","stop_name":"Príncipe De Vergara - Francisco Silvela","routes":["029","052"]}},{"type":"Feature","geometry":{"type":"Point","coordinates":[-3.67848,40.44199]},"properties":{"stop_id":"2239","stop_code":"2239","stop_name":"Príncipe De Vergara - López De Hoyos","routes":["029","052"]}},{"type":"Feature","geometry":{"type":"Point","coordinates":[-3.67894,40.44195]},"properties":{"stop_id":"2240","stop_code":"2240","stop_name":"Príncipe De Vergara - López De Hoyos","routes":["029","052"]}},{"type":"Feature","geometry":{"type":"Point","coordinates":[-3.67817,40.44452]},"properties":{"stop_id":"2241","stop_code":"2241","stop_name":"Junta Municipal Chamartín","routes":["029","052"]}},{"type":"Feature","geometry":{"type":"Point","coordinates":[-3.67864,40.44474]},"properties":{"stop_id":"2242","stop_code":"2242","stop_name":"Junta Municipal Chamartín","routes":["029","052"]}},{"type":"Feature","geometry":{"type":"Point","coordinates":[-3.67791,40.44691]},"properties":{"stop_id":"2243","stop_code":"2243","stop_name":"Auditorio Nacional","routes":["029","052"]}},{"type":"Feature","geometry":{"type":"Point","coordinates":[-3.67836,40.44698]},"properties":{"stop_id":"2244","stop_code":"2244","stop_name":"Auditorio Nacional","routes":["029","052"]}},{"type":"Feature","geometry":{"type":"Point","coordinates":[-3.71177,40.41137]},"properties":{"stop_id":"2246","stop_code":"2246","stop_name":"San Francisco El Grande - Plaza De Los Carros","routes":["603"]}},{"type":"Feature","geometry":{"type":"Point","coordinates":[-3.70845,40.41387]},"properties":{"stop_id":"2247","stop_code":"2247","stop_name":"Puerta Cerrada","routes":["031","050","065"]}},{"type":"Feature","geometry":{"type":"Point","coordinates":[-3.70799,40.41358]},"properties":{"stop_id":"2248","stop_code":"2248","stop_name":"Puerta Cerrada","routes":["031","050","065"]}},{"type":"Feature","geometry":{"type":"Point","coordinates":[-3.71095,40.41371]},"properties":{"stop_id":"2249","stop_code":"2249","stop_name":"Plaza De La Paja","routes":["031","050","065"]}},{"type":"Feature","geometry":{"type":"Point","coordinates":[-3.71095,40.41364]},"properties":{"stop_id":"2250","stop_code":"2250","stop_name":"Plaza De La Paja","routes":["031","050","065"]}},{"type":"Feature","geometry":{"type":"Point","coordinates":[-3.71613,40.41404]},"properties":{"stop_id":"2251","stop_code":"2251","stop_name":"Cuesta De La Vega","routes":["031","050","065"]}},{"type":"Feature","geometry":{"type":"Point","coordinates":[-3.7161,40.41388]},"properties":{"stop_id":"2252","stop_code":"2252","stop_name":"Cuesta De La Vega","routes":["031","050","065"]}},{"type":"Feature","geometry":{"type":"Point","coordinates":[-3.72012,40.41411]},"properties":{"stop_id":"2253","stop_code":"2253","stop_name":"Puente De Segovia","routes":["031","065"]}},{"type":"Feature","geometry":{"type":"Point","coordinates":[-3.72007,40.41391]},"properties":{"stop_id":"2254","stop_code":"2254","stop_name":"Puente De Segovia","routes":["031","050","065"]}},{"type":"Feature","geometry":{"type":"Point","coordinates":[-3.74232,40.40772]},"properties":{"stop_id":"2255","stop_code":"2255","stop_name":"Higueras","routes":["031","036","039","065","158","519"]}},{"type":"Feature","geometry":{"type":"Point","coordinates":[-3.74262,40.40754]},"properties":{"stop_id":"2256","stop_code":"2256","stop_name":"Higueras","routes":["031","033","036","039","065","519"]}},{"type":"Feature","geometry":{"type":"Point","coordinates":[-3.74502,40.40478]},"properties":{"stop_id":"2258","stop_code":"2258","stop_name":"Lucero","routes":["031","039","158","870"]}},{"type":"Feature","geometry":{"type":"Point","coordinates":[-3.74531,40.40233]},"properties":{"stop_id":"2259","stop_code":"2259","stop_name":"Achicoria","routes":["031","039","158"]}},{"type":"Feature","geometry":{"type":"Point","coordinates":[-3.74518,40.40242]},"properties":{"stop_id":"2260","stop_code":"2260","stop_name":"Achicoria","routes":["031","039","158"]}},{"type":"Feature","geometry":{"type":"Point","coordinates":[-3.69239,40.33556]},"properties":{"stop_id":"2261","stop_code":"2261","stop_name":"Escuela De Logística","routes":["079"]}},{"type":"Feature","geometry":{"type":"Point","coordinates":[-3.7442,40.39904]},"properties":{"stop_id":"2262","stop_code":"2262","stop_name":"Laguna","routes":["031","055","119","158","518","870"]}},{"type":"Feature","geometry":{"type":"Point","coordinates":[-3.75368,40.39559]},"properties":{"stop_id":"2263","stop_code":"2263","stop_name":"Los Yébenes - Centro De Salud","routes":["031"]}},{"type":"Feature","geometry":{"type":"Point","coordinates":[-3.75348,40.39562]},"properties":{"stop_id":"2264","stop_code":"2264","stop_name":"Los Yébenes - Centro De Salud","routes":["031"]}},{"type":"Feature","geometry":{"type":"Point","coordinates":[-3.75218,40.39334]},"properties":{"stop_id":"2265","stop_code":"2265","stop_name":"Los Yébenes","routes":["031"]}},{"type":"Feature","geometry":{"type":"Point","coordinates":[-3.75167,40.39291]},"properties":{"stop_id":"2266","stop_code":"2266","stop_name":"Los Yébenes","routes":["031"]}},{"type":"Feature","geometry":{"type":"Point","coordinates":[-3.69088,40.37834]},"properties":{"stop_id":"2267","stop_code":"2267","stop_name":"San Fermín","routes":["078"]}},{"type":"Feature","geometry":{"type":"Point","coordinates":[-3.75175,40.3897]},"properties":{"stop_id":"2268","stop_code":"2268","stop_name":"Los Yébenes - Illescas","routes":["031"]}},{"type":"Feature","geometry":{"type":"Point","coordinates":[-3.75526,40.39186]},"properties":{"stop_id":"2269","stop_code":"2269","stop_name":"Illescas - Camarena","routes":["031"]}},{"type":"Feature","geometry":{"type":"Point","coordinates":[-3.75531,40.39169]},"properties":{"stop_id":"2270","stop_code":"2270","stop_name":"Illescas - Camarena","routes":["031"]}},{"type":"Feature","geometry":{"type":"Point","coordinates":[-3.75581,40.39009]},"properties":{"stop_id":"2271","stop_code":"2271","stop_name":"Camarena - Puerto Chico","routes":["031"]}},{"type":"Feature","geometry":{"type":"Point","coordinates":[-3.7556,40.39028]},"properties":{"stop_id":"2272","stop_code":"2272","stop_name":"Camarena - Puerto Chico","routes":["031","121","518"]}},{"type":"Feature","geometry":{"type":"Point","coordinates":[-3.75639,40.38791]},"properties":{"stop_id":"2273","stop_code":"2273","stop_name":"Camarena - Sagrada Familia","routes":["031"]}},{"type":"Feature","geometry":{"type":"Point","coordinates":[-3.75645,40.38749]},"properties":{"stop_id":"2274","stop_code":"2274","stop_name":"Camarena - Sagrada Familia","routes":["031","121","518"]}},{"type":"Feature","geometry":{"type":"Point","coordinates":[-3.75803,40.38551]},"properties":{"stop_id":"2275","stop_code":"2275","stop_name":"Camarena - Ocaña","routes":["031"]}},{"type":"Feature","geometry":{"type":"Point","coordinates":[-3.75988,40.38601]},"properties":{"stop_id":"2277","stop_code":"2277","stop_name":"Aluche","routes":["031","526"]}},{"type":"Feature","geometry":{"type":"Point","coordinates":[-3.66781,40.41023]},"properties":{"stop_id":"2279","stop_code":"2279","stop_name":"Estrella Polar","routes":["032"]}},{"type":"Feature","geometry":{"type":"Point","coordinates":[-3.65041,40.406]},"properties":{"stop_id":"2280","stop_code":"2280","stop_name":"Plaza Del Encuentro","routes":["032"]}},{"type":"Feature","geometry":{"type":"Point","coordinates":[-3.65049,40.40613]},"properties":{"stop_id":"2281","stop_code":"2281","stop_name":"Plaza Del Encuentro","routes":["032"]}},{"type":"Feature","geometry":{"type":"Point","coordinates":[-3.64629,40.40759]},"properties":{"stop_id":"2282","stop_code":"2282","stop_name":"Avenida Moratalaz - Vinateros","routes":["032"]}},{"type":"Feature","geometry":{"type":"Point","coordinates":[-3.64638,40.40781]},"properties":{"stop_id":"2283","stop_code":"2283","stop_name":"Avenida Moratalaz - Vinateros","routes":["032"]}},{"type":"Feature","geometry":{"type":"Point","coordinates":[-3.64175,40.40973]},"properties":{"stop_id":"2284","stop_code":"2284","stop_name":"Corregidor Antonio Mena","routes":["032"]}},{"type":"Feature","geometry":{"type":"Point","coordinates":[-3.64281,40.40903]},"properties":{"stop_id":"2286","stop_code":"2286","stop_name":"Colegio Senara","routes":["032"]}},{"type":"Feature","geometry":{"type":"Point","coordinates":[-3.643,40.40919]},"properties":{"stop_id":"2287","stop_code":"2287","stop_name":"Colegio Senara","routes":["032"]}},{"type":"Feature","geometry":{"type":"Point","coordinates":[-3.63787,40.40458]},"properties":{"stop_id":"2288","stop_code":"2288","stop_name":"Luis De Hoyos","routes":["032","508"]}},{"type":"Feature","geometry":{"type":"Point","coordinates":[-3.63767,40.40473]},"properties":{"stop_id":"2289","stop_code":"2289","stop_name":"Luis De Hoyos","routes":["032","508"]}},{"type":"Feature","geometry":{"type":"Point","coordinates":[-3.6349,40.40371]},"properties":{"stop_id":"2290","stop_code":"2290","stop_name":"Luis De Hoyos - Fuente Carrantona","routes":["032"]}},{"type":"Feature","geometry":{"type":"Point","coordinates":[-3.63483,40.40391]},"properties":{"stop_id":"2291","stop_code":"2291","stop_name":"Luis De Hoyos - Fuente Carrantona","routes":["032"]}},{"type":"Feature","geometry":{"type":"Point","coordinates":[-3.6317,40.40315]},"properties":{"stop_id":"2292","stop_code":"2292","stop_name":"Valdebernardo - Luis De Hoyos","routes":["032"]}},{"type":"Feature","geometry":{"type":"Point","coordinates":[-3.63148,40.40303]},"properties":{"stop_id":"2293","stop_code":"2293","stop_name":"Valdebernardo - Luis De Hoyos","routes":["032"]}},{"type":"Feature","geometry":{"type":"Point","coordinates":[-3.63224,40.40028]},"properties":{"stop_id":"2294","stop_code":"2294","stop_name":"Valdebernardo - Pavones","routes":["032"]}},{"type":"Feature","geometry":{"type":"Point","coordinates":[-3.72091,40.42138]},"properties":{"stop_id":"2296","stop_code":"2296","stop_name":"Intercambiador De Príncipe Pío","routes":["041","046","075","520"]}},{"type":"Feature","geometry":{"type":"Point","coordinates":[-3.74657,40.4138]},"properties":{"stop_id":"2298","stop_code":"2298","stop_name":"Albergue Juvenil","routes":["033"]}},{"type":"Feature","geometry":{"type":"Point","coordinates":[-3.76051,40.40961]},"properties":{"stop_id":"2301","stop_code":"2301","stop_name":"Zoo","routes":["033"]}},{"type":"Feature","geometry":{"type":"Point","coordinates":[-3.7527,40.40893]},"properties":{"stop_id":"2303","stop_code":"2303","stop_name":"Parque De Atracciones","routes":["033"]}},{"type":"Feature","geometry":{"type":"Point","coordinates":[-3.67023,40.43445]},"properties":{"stop_id":"2304","stop_code":"2304","stop_name":"Plaza San Cayetano","routes":["001"]}},{"type":"Feature","geometry":{"type":"Point","coordinates":[-3.75359,40.40578]},"properties":{"stop_id":"2305","stop_code":"2305","stop_name":"Villamanín","routes":["033","065"]}},{"type":"Feature","geometry":{"type":"Point","coordinates":[-3.67055,40.43395]},"properties":{"stop_id":"2307","stop_code":"2307","stop_name":"Plaza San Cayetano","routes":["001"]}},{"type":"Feature","geometry":{"type":"Point","coordinates":[-3.69405,40.40702]},"properties":{"stop_id":"2308","stop_code":"2308","stop_name":"Atocha","routes":["036","041","119"]}},{"type":"Feature","geometry":{"type":"Point","coordinates":[-3.69594,40.40656]},"properties":{"stop_id":"2309","stop_code":"2309","stop_name":"Marqués De La Valdavia","routes":["036","041","119"]}},{"type":"Feature","geometry":{"type":"Point","coordinates":[-3.7149,40.40177]},"properties":{"stop_id":"2310","stop_code":"2310","stop_name":"Imperial - Pirámides","routes":["036","062"]}},{"type":"Feature","geometry":{"type":"Point","coordinates":[-3.71516,40.40172]},"properties":{"stop_id":"2311","stop_code":"2311","stop_name":"Imperial - Pirámides","routes":["036","062"]}},{"type":"Feature","geometry":{"type":"Point","coordinates":[-3.71572,40.40412]},"properties":{"stop_id":"2312","stop_code":"2312","stop_name":"Imperial - Pontones","routes":["036","062"]}},{"type":"Feature","geometry":{"type":"Point","coordinates":[-3.71602,40.40411]},"properties":{"stop_id":"2313","stop_code":"2313","stop_name":"Imperial - Pontones","routes":["036","062"]}},{"type":"Feature","geometry":{"type":"Point","coordinates":[-3.72107,40.40882]},"properties":{"stop_id":"2316","stop_code":"2316","stop_name":"Virgen Del Puerto - Ruy González","routes":["036","050","062"]}},{"type":"Feature","geometry":{"type":"Point","coordinates":[-3.7212,40.41111]},"properties":{"stop_id":"2317","stop_code":"2317","stop_name":"Virgen Del Puerto - Fósforo","routes":["036","050","062"]}},{"type":"Feature","geometry":{"type":"Point","coordinates":[-3.72098,40.41294]},"properties":{"stop_id":"2318","stop_code":"2318","stop_name":"Virgen Del Puerto - Segovia","routes":["036","050","062"]}},{"type":"Feature","geometry":{"type":"Point","coordinates":[-3.71957,40.41158]},"properties":{"stop_id":"2320","stop_code":"2320","stop_name":"Juan Duque - Moreno Nieto","routes":["036","050"]}},{"type":"Feature","geometry":{"type":"Point","coordinates":[-3.71963,40.4101]},"properties":{"stop_id":"2321","stop_code":"2321","stop_name":"Juan Duque - Pizarra","routes":["036","050"]}},{"type":"Feature","geometry":{"type":"Point","coordinates":[-3.71994,40.40788]},"properties":{"stop_id":"2322","stop_code":"2322","stop_name":"Melancólicos","routes":["036","050","062"]}},{"type":"Feature","geometry":{"type":"Point","coordinates":[-3.72074,40.40528]},"properties":{"stop_id":"2323","stop_code":"2323","stop_name":"Puente San Isidro - Melancólicos","routes":["036","050","062"]}},{"type":"Feature","geometry":{"type":"Point","coordinates":[-3.77259,40.39371]},"properties":{"stop_id":"2324","stop_code":"2324","stop_name":"Sebastián Álvaro","routes":["036"]}},{"type":"Feature","geometry":{"type":"Point","coordinates":[-3.76699,40.39135]},"properties":{"stop_id":"2325","stop_code":"2325","stop_name":"Empalme","routes":["036","131"]}},{"type":"Feature","geometry":{"type":"Point","coordinates":[-3.65308,40.43234]},"properties":{"stop_id":"2330","stop_code":"2330","stop_name":"Alcalá - Mateo García","routes":["038","505"]}},{"type":"Feature","geometry":{"type":"Point","coordinates":[-3.65291,40.4326]},"properties":{"stop_id":"2331","stop_code":"2331","stop_name":"Alcalá - Mateo García","routes":["038","505"]}},{"type":"Feature","geometry":{"type":"Point","coordinates":[-3.64778,40.43317]},"properties":{"stop_id":"2332","stop_code":"2332","stop_name":"Quintana","routes":["038","113","505"]}},{"type":"Feature","geometry":{"type":"Point","coordinates":[-3.64797,40.43343]},"properties":{"stop_id":"2333","stop_code":"2333","stop_name":"Quintana","routes":["038","113","505"]}},{"type":"Feature","geometry":{"type":"Point","coordinates":[-3.64385,40.43505]},"properties":{"stop_id":"2334","stop_code":"2334","stop_name":"Pueblo Nuevo","routes":["038","109","113","505"]}},{"type":"Feature","geometry":{"type":"Point","coordinates":[-3.64382,40.43534]},"properties":{"stop_id":"2335","stop_code":"2335","stop_name":"Pueblo Nuevo","routes":["038","109","113","505"]}},{"type":"Feature","geometry":{"type":"Point","coordinates":[-3.6401,40.4369]},"properties":{"stop_id":"2336","stop_code":"2336","stop_name":"Alcalá - Arcones Gil","routes":["038","109","113","505"]}},{"type":"Feature","geometry":{"type":"Point","coordinates":[-3.64066,40.43688]},"properties":{"stop_id":"2337","stop_code":"2337","stop_name":"Alcalá - Arcones Gil","routes":["038","109","113","505"]}},{"type":"Feature","geometry":{"type":"Point","coordinates":[-3.62529,40.42267]},"properties":{"stop_id":"2338","stop_code":"2338","stop_name":"Pobladura Del Valle - Arcos De Jalón","routes":["038","048","165","167","506"]}},{"type":"Feature","geometry":{"type":"Point","coordinates":[-3.62539,40.42274]},"properties":{"stop_id":"2339","stop_code":"2339","stop_name":"Pobladura Del Valle - Arcos De Jalón","routes":["038","048","165","167","506"]}},{"type":"Feature","geometry":{"type":"Point","coordinates":[-3.62288,40.4236]},"properties":{"stop_id":"2340","stop_code":"2340","stop_name":"Pobladura Del Valle - San Román Del Valle","routes":["038","048","167","506"]}},{"type":"Feature","geometry":{"type":"Point","coordinates":[-3.62332,40.42362]},"properties":{"stop_id":"2341","stop_code":"2341","stop_name":"Pobladura Del Valle - San Román Del Valle","routes":["038","048","167","506"]}},{"type":"Feature","geometry":{"type":"Point","coordinates":[-3.62053,40.42528]},"properties":{"stop_id":"2342","stop_code":"2342","stop_name":"Amposta - Pobladura Del Valle","routes":["038","048","165","167","506"]}},{"type":"Feature","geometry":{"type":"Point","coordinates":[-3.62094,40.42514]},"properties":{"stop_id":"2343","stop_code":"2343","stop_name":"Amposta - Pobladura Del Valle","routes":["038","048","165","167","506"]}},{"type":"Feature","geometry":{"type":"Point","coordinates":[-3.62235,40.42769]},"properties":{"stop_id":"2344","stop_code":"2344","stop_name":"Simancas","routes":["038"]}},{"type":"Feature","geometry":{"type":"Point","coordinates":[-3.62071,40.42886]},"properties":{"stop_id":"2345","stop_code":"2345","stop_name":"Alberique - Albaida","routes":["038"]}},{"type":"Feature","geometry":{"type":"Point","coordinates":[-3.61642,40.4329]},"properties":{"stop_id":"2348","stop_code":"2348","stop_name":"Hellín - Albaida","routes":["038","153","165"]}},{"type":"Feature","geometry":{"type":"Point","coordinates":[-3.61616,40.43293]},"properties":{"stop_id":"2349","stop_code":"2349","stop_name":"Hellín - Albaida","routes":["038","153","165"]}},{"type":"Feature","geometry":{"type":"Point","coordinates":[-3.6159,40.4302]},"properties":{"stop_id":"2350","stop_code":"2350","stop_name":"Hellín - Alberique","routes":["038","153"]}},{"type":"Feature","geometry":{"type":"Point","coordinates":[-3.61558,40.43005]},"properties":{"stop_id":"2351","stop_code":"2351","stop_name":"Hellín - Alberique","routes":["038","153"]}},{"type":"Feature","geometry":{"type":"Point","coordinates":[-3.61574,40.42794]},"properties":{"stop_id":"2352","stop_code":"2352","stop_name":"Metro San Blas","routes":["048","165","167","506"]}},{"type":"Feature","geometry":{"type":"Point","coordinates":[-3.61549,40.42783]},"properties":{"stop_id":"2353","stop_code":"2353","stop_name":"Metro San Blas","routes":["048","165","167","506"]}},{"type":"Feature","geometry":{"type":"Point","coordinates":[-3.61832,40.42689]},"properties":{"stop_id":"2354","stop_code":"2354","stop_name":"Pobladura Del Valle - Alconera","routes":["048","167","506"]}},{"type":"Feature","geometry":{"type":"Point","coordinates":[-3.70376,40.40538]},"properties":{"stop_id":"2355","stop_code":"2355","stop_name":"Embajadores","routes":["041","060","068","148","363"]}},{"type":"Feature","geometry":{"type":"Point","coordinates":[-3.70384,40.4051]},"properties":{"stop_id":"2356","stop_code":"2356","stop_name":"Embajadores - Ronda De Toledo","routes":["041","060","069","148","363"]}},{"type":"Feature","geometry":{"type":"Point","coordinates":[-3.70764,40.40608]},"properties":{"stop_id":"2357","stop_code":"2357","stop_name":"El Rastro","routes":["041","060","068","148","363","529"]}},{"type":"Feature","geometry":{"type":"Point","coordinates":[-3.70789,40.40583]},"properties":{"stop_id":"2358","stop_code":"2358","stop_name":"El Rastro","routes":["041","060","069","148","363","530"]}},{"type":"Feature","geometry":{"type":"Point","coordinates":[-3.71302,40.40736]},"properties":{"stop_id":"2359","stop_code":"2359","stop_name":"Ronda De Segovia - Puerta De Toledo","routes":["068","529"]}},{"type":"Feature","geometry":{"type":"Point","coordinates":[-3.71258,40.40688]},"properties":{"stop_id":"2360","stop_code":"2360","stop_name":"Puerta De Toledo","routes":["069","530"]}},{"type":"Feature","geometry":{"type":"Point","coordinates":[-3.71492,40.40807]},"properties":{"stop_id":"2361","stop_code":"2361","stop_name":"Ronda De Segovia","routes":["068"]}},{"type":"Feature","geometry":{"type":"Point","coordinates":[-3.7155,40.40813]},"properties":{"stop_id":"2362","stop_code":"2362","stop_name":"Ronda De Segovia","routes":["069"]}},{"type":"Feature","geometry":{"type":"Point","coordinates":[-3.71773,40.41058]},"properties":{"stop_id":"2363","stop_code":"2363","stop_name":"Ronda De Segovia - Imperial","routes":["068","529"]}},{"type":"Feature","geometry":{"type":"Point","coordinates":[-3.71784,40.41029]},"properties":{"stop_id":"2364","stop_code":"2364","stop_name":"Ronda De Segovia - Imperial","routes":["069","530"]}},{"type":"Feature","geometry":{"type":"Point","coordinates":[-3.71706,40.41321]},"properties":{"stop_id":"2365","stop_code":"2365","stop_name":"Cuesta De La Vega","routes":["041","068"]}},{"type":"Feature","geometry":{"type":"Point","coordinates":[-3.71741,40.4134]},"properties":{"stop_id":"2366","stop_code":"2366","stop_name":"Cuesta De La Vega","routes":["041","062","069"]}},{"type":"Feature","geometry":{"type":"Point","coordinates":[-3.72034,40.41486]},"properties":{"stop_id":"2367","stop_code":"2367","stop_name":"Parque De Atenas","routes":["041","062","069","530"]}},{"type":"Feature","geometry":{"type":"Point","coordinates":[-3.66918,40.43371]},"properties":{"stop_id":"2369","stop_code":"2369","stop_name":"Martínez Izquierdo","routes":["043","048","503"]}},{"type":"Feature","geometry":{"type":"Point","coordinates":[-3.66595,40.43506]},"properties":{"stop_id":"2370","stop_code":"2370","stop_name":"Villafranca","routes":["043","048"]}},{"type":"Feature","geometry":{"type":"Point","coordinates":[-3.67228,40.43298]},"properties":{"stop_id":"2371","stop_code":"2371","stop_name":"Azcona - Francisco Silvela","routes":["043","048","503"]}},{"type":"Feature","geometry":{"type":"Point","coordinates":[-3.66946,40.43433]},"properties":{"stop_id":"2372","stop_code":"2372","stop_name":"Azcona","routes":["043","048","503"]}},{"type":"Feature","geometry":{"type":"Point","coordinates":[-3.66601,40.43605]},"properties":{"stop_id":"2373","stop_code":"2373","stop_name":"Villafranca","routes":["043","048","503"]}},{"type":"Feature","geometry":{"type":"Point","coordinates":[-3.66397,40.44134]},"properties":{"stop_id":"2374","stop_code":"2374","stop_name":"Avenida De La Guindalera","routes":["043","074","122"]}},{"type":"Feature","geometry":{"type":"Point","coordinates":[-3.66732,40.44277]},"properties":{"stop_id":"2376","stop_code":"2376","stop_name":"Camilo José Cela","routes":["043"]}},{"type":"Feature","geometry":{"type":"Point","coordinates":[-3.66707,40.44365]},"properties":{"stop_id":"2377","stop_code":"2377","stop_name":"Santa Hortensia","routes":["043","072"]}},{"type":"Feature","geometry":{"type":"Point","coordinates":[-3.66745,40.44455]},"properties":{"stop_id":"2378","stop_code":"2378","stop_name":"Santa Hortensia","routes":["043"]}},{"type":"Feature","geometry":{"type":"Point","coordinates":[-3.66643,40.44626]},"properties":{"stop_id":"2379","stop_code":"2379","stop_name":"Corazón De María - Santa Rita","routes":["043","072"]}},{"type":"Feature","geometry":{"type":"Point","coordinates":[-3.66696,40.44629]},"properties":{"stop_id":"2380","stop_code":"2380","stop_name":"Corazón De María - Santa Rita","routes":["043"]}},{"type":"Feature","geometry":{"type":"Point","coordinates":[-3.66649,40.44891]},"properties":{"stop_id":"2381","stop_code":"2381","stop_name":"Metro Alfonso XIII","routes":["043","072"]}},{"type":"Feature","geometry":{"type":"Point","coordinates":[-3.69312,40.45244]},"properties":{"stop_id":"2383","stop_code":"2383","stop_name":"Palacio De Congresos","routes":["043"]}},{"type":"Feature","geometry":{"type":"Point","coordinates":[-3.6933,40.45218]},"properties":{"stop_id":"2384","stop_code":"2384","stop_name":"Palacio De Congresos","routes":["043"]}},{"type":"Feature","geometry":{"type":"Point","coordinates":[-3.69852,40.45275]},"properties":{"stop_id":"2385","stop_code":"2385","stop_name":"General Perón - Infanta Mercedes","routes":["043"]}},{"type":"Feature","geometry":{"type":"Point","coordinates":[-3.70265,40.45355]},"properties":{"stop_id":"2386","stop_code":"2386","stop_name":"Juan De Olías","routes":["043"]}},{"type":"Feature","geometry":{"type":"Point","coordinates":[-3.67237,40.45871]},"properties":{"stop_id":"2388","stop_code":"2388","stop_name":"Costa Rica","routes":["007","011","040","087"]}},{"type":"Feature","geometry":{"type":"Point","coordinates":[-3.71704,40.43992]},"properties":{"stop_id":"2389","stop_code":"2389","stop_name":"Cristo Rey - San Francisco De Sales","routes":["044","521"]}},{"type":"Feature","geometry":{"type":"Point","coordinates":[-3.71441,40.44121]},"properties":{"stop_id":"2390","stop_code":"2390","stop_name":"San Francisco De Sales","routes":["012","044"]}},{"type":"Feature","geometry":{"type":"Point","coordinates":[-3.71478,40.44146]},"properties":{"stop_id":"2391","stop_code":"2391","stop_name":"San Francisco De Sales","routes":["044"]}},{"type":"Feature","geometry":{"type":"Point","coordinates":[-3.71191,40.44291]},"properties":{"stop_id":"2392","stop_code":"2392","stop_name":"Guzmán El Bueno - San Francisco De Sales","routes":["044","521"]}},{"type":"Feature","geometry":{"type":"Point","coordinates":[-3.7132,40.44247]},"properties":{"stop_id":"2393","stop_code":"2393","stop_name":"Guzmán El Bueno - San Francisco De Sales","routes":["044","521"]}},{"type":"Feature","geometry":{"type":"Point","coordinates":[-3.71029,40.44643]},"properties":{"stop_id":"2394","stop_code":"2394","stop_name":"Ibáñez Ibero","routes":["044","521"]}},{"type":"Feature","geometry":{"type":"Point","coordinates":[-3.71064,40.4463]},"properties":{"stop_id":"2395","stop_code":"2395","stop_name":"Ibáñez Ibero","routes":["044","521"]}},{"type":"Feature","geometry":{"type":"Point","coordinates":[-3.71288,40.45297]},"properties":{"stop_id":"2396","stop_code":"2396","stop_name":"Rubio Y Galí - Pablo Iglesias","routes":["044"]}},{"type":"Feature","geometry":{"type":"Point","coordinates":[-3.71283,40.45275]},"properties":{"stop_id":"2397","stop_code":"2397","stop_name":"Rubio Y Galí - Pablo Iglesias","routes":["044"]}},{"type":"Feature","geometry":{"type":"Point","coordinates":[-3.7143,40.45556]},"properties":{"stop_id":"2398","stop_code":"2398","stop_name":"Rubio Y Galí - Francisco De Diego","routes":["044"]}},{"type":"Feature","geometry":{"type":"Point","coordinates":[-3.7146,40.45546]},"properties":{"stop_id":"2399","stop_code":"2399","stop_name":"Rubio Y Galí - Francisco De Diego","routes":["044"]}},{"type":"Feature","geometry":{"type":"Point","coordinates":[-3.71314,40.45729]},"properties":{"stop_id":"2400","stop_code":"2400","stop_name":"Rubio Y Galí - Francos Rodríguez","routes":["044"]}},{"type":"Feature","geometry":{"type":"Point","coordinates":[-3.71331,40.4573]},"properties":{"stop_id":"2401","stop_code":"2401","stop_name":"Rubio Y Galí - Francos Rodríguez","routes":["044"]}},{"type":"Feature","geometry":{"type":"Point","coordinates":[-3.70739,40.46311]},"properties":{"stop_id":"2402","stop_code":"2402","stop_name":"Ofelia Nieto - Paseo De La Dirección","routes":["044"]}},{"type":"Feature","geometry":{"type":"Point","coordinates":[-3.70762,40.46318]},"properties":{"stop_id":"2403","stop_code":"2403","stop_name":"Ofelia Nieto - Paseo De La Dirección","routes":["044"]}},{"type":"Feature","geometry":{"type":"Point","coordinates":[-3.72713,40.42648]},"properties":{"stop_id":"2405","stop_code":"2405","stop_name":"Avenida De Valladolid - La Bombilla","routes":["046"]}},{"type":"Feature","geometry":{"type":"Point","coordinates":[-3.72729,40.42631]},"properties":{"stop_id":"2406","stop_code":"2406","stop_name":"Avenida De Valladolid - La Bombilla","routes":["046"]}},{"type":"Feature","geometry":{"type":"Point","coordinates":[-3.7293,40.42859]},"properties":{"stop_id":"2407","stop_code":"2407","stop_name":"Avenida De Valladolid - Brigada Tráfico","routes":["046","520"]}},{"type":"Feature","geometry":{"type":"Point","coordinates":[-3.72968,40.42869]},"properties":{"stop_id":"2408","stop_code":"2408","stop_name":"Avenida De Valladolid - Brigada Tráfico","routes":["046","520"]}},{"type":"Feature","geometry":{"type":"Point","coordinates":[-3.7319,40.43159]},"properties":{"stop_id":"2409","stop_code":"2409","stop_name":"Parque De La Bombilla","routes":["046"]}},{"type":"Feature","geometry":{"type":"Point","coordinates":[-3.73191,40.43116]},"properties":{"stop_id":"2410","stop_code":"2410","stop_name":"Parque De La Bombilla","routes":["046"]}},{"type":"Feature","geometry":{"type":"Point","coordinates":[-3.73396,40.4338]},"properties":{"stop_id":"2411","stop_code":"2411","stop_name":"Puente De Los Franceses - Clínica Moncloa","routes":["046","520"]}},{"type":"Feature","geometry":{"type":"Point","coordinates":[-3.73339,40.43287]},"properties":{"stop_id":"2412","stop_code":"2412","stop_name":"Puente De Los Franceses - Clínica Moncloa","routes":["046","520"]}},{"type":"Feature","geometry":{"type":"Point","coordinates":[-3.73148,40.43613]},"properties":{"stop_id":"2413","stop_code":"2413","stop_name":"Martín Fierro - Obispo Trejo","routes":["099"]}},{"type":"Feature","geometry":{"type":"Point","coordinates":[-3.73161,40.43607]},"properties":{"stop_id":"2414","stop_code":"2414","stop_name":"Consejo Superior De Deportes","routes":["046","160","161","520"]}},{"type":"Feature","geometry":{"type":"Point","coordinates":[-3.7319,40.43841]},"properties":{"stop_id":"2415","stop_code":"2415","stop_name":"Juan Herrera","routes":["046","099","520"]}},{"type":"Feature","geometry":{"type":"Point","coordinates":[-3.73147,40.43874]},"properties":{"stop_id":"2416","stop_code":"2416","stop_name":"Juan Herrera","routes":["046","160","161","520","528"]}},{"type":"Feature","geometry":{"type":"Point","coordinates":[-3.72723,40.43955]},"properties":{"stop_id":"2417","stop_code":"2417","stop_name":"Cardenal Cisneros","routes":["046","099"]}},{"type":"Feature","geometry":{"type":"Point","coordinates":[-3.72729,40.43976]},"properties":{"stop_id":"2418","stop_code":"2418","stop_name":"Cardenal Cisneros","routes":["046","160","161"]}},{"type":"Feature","geometry":{"type":"Point","coordinates":[-3.71891,40.43391]},"properties":{"stop_id":"2419","stop_code":"2419","stop_name":"Moncloa","routes":["161","162","528"]}},{"type":"Feature","geometry":{"type":"Point","coordinates":[-3.69333,40.40318]},"properties":{"stop_id":"2421","stop_code":"2421","stop_name":"Metro Palos De La Frontera","routes":["008","047","055","102","247"]}},{"type":"Feature","geometry":{"type":"Point","coordinates":[-3.70306,40.38628]},"properties":{"stop_id":"2423","stop_code":"2423","stop_name":"Marcelo Usera - Olvido","routes":["047","247","515"]}},{"type":"Feature","geometry":{"type":"Point","coordinates":[-3.70549,40.38599]},"properties":{"stop_id":"2424","stop_code":"2424","stop_name":"Usera","routes":["047","247","515","870"]}},{"type":"Feature","geometry":{"type":"Point","coordinates":[-3.70545,40.38585]},"properties":{"stop_id":"2425","stop_code":"2425","stop_name":"Usera","routes":["047","247","515","869"]}},{"type":"Feature","geometry":{"type":"Point","coordinates":[-3.70904,40.38562]},"properties":{"stop_id":"2426","stop_code":"2426","stop_name":"Marcelo Usera - Gabriel Usera","routes":["047","247","515"]}},{"type":"Feature","geometry":{"type":"Point","coordinates":[-3.70851,40.38552]},"properties":{"stop_id":"2427","stop_code":"2427","stop_name":"Marcelo Usera - Gabriel Usera","routes":["047","247","515"]}},{"type":"Feature","geometry":{"type":"Point","coordinates":[-3.71253,40.38532]},"properties":{"stop_id":"2428","stop_code":"2428","stop_name":"Marcelo Usera - Rafaela Ybarra","routes":["047","060","081","247"]}},{"type":"Feature","geometry":{"type":"Point","coordinates":[-3.71229,40.38513]},"properties":{"stop_id":"2429","stop_code":"2429","stop_name":"Marcelo Usera - Rafaela Ybarra","routes":["047","060","081","247"]}},{"type":"Feature","geometry":{"type":"Point","coordinates":[-3.71667,40.38534]},"properties":{"stop_id":"2430","stop_code":"2430","stop_name":"Plaza Elíptica","routes":["047","081","247","870"]}},{"type":"Feature","geometry":{"type":"Point","coordinates":[-3.71567,40.38516]},"properties":{"stop_id":"2431","stop_code":"2431","stop_name":"Plaza Elíptica - Marcelo Usera","routes":["047","247"]}},{"type":"Feature","geometry":{"type":"Point","coordinates":[-3.72206,40.38497]},"properties":{"stop_id":"2434","stop_code":"2434","stop_name":"Abrantes - Oporto","routes":["047","247"]}},{"type":"Feature","geometry":{"type":"Point","coordinates":[-3.72349,40.38428]},"properties":{"stop_id":"2436","stop_code":"2436","stop_name":"Abrantes Portalegre","routes":["047","247"]}},{"type":"Feature","geometry":{"type":"Point","coordinates":[-3.72412,40.38385]},"properties":{"stop_id":"2437","stop_code":"2437","stop_name":"Abrantes Portalegre","routes":["047","108"]}},{"type":"Feature","geometry":{"type":"Point","coordinates":[-3.7257,40.38303]},"properties":{"stop_id":"2438","stop_code":"2438","stop_name":"Abrantes - Pelicano","routes":["047","108"]}},{"type":"Feature","geometry":{"type":"Point","coordinates":[-3.72843,40.38074]},"properties":{"stop_id":"2439","stop_code":"2439","stop_name":"Metro Abrantes","routes":["047","108"]}},{"type":"Feature","geometry":{"type":"Point","coordinates":[-3.72798,40.38084]},"properties":{"stop_id":"2440","stop_code":"2440","stop_name":"Metro Abrantes","routes":["047","108"]}},{"type":"Feature","geometry":{"type":"Point","coordinates":[-3.72998,40.37969]},"properties":{"stop_id":"2441","stop_code":"2441","stop_name":"Abrantes - Carrero Juan Ramón","routes":["047","108"]}},{"type":"Feature","geometry":{"type":"Point","coordinates":[-3.72979,40.37959]},"properties":{"stop_id":"2442","stop_code":"2442","stop_name":"Abrantes - Carrero Juan Ramón","routes":["047","108"]}},{"type":"Feature","geometry":{"type":"Point","coordinates":[-3.73248,40.37761]},"properties":{"stop_id":"2443","stop_code":"2443","stop_name":"Las Meninas","routes":["047","108"]}},{"type":"Feature","geometry":{"type":"Point","coordinates":[-3.73218,40.37758]},"properties":{"stop_id":"2444","stop_code":"2444","stop_name":"Las Meninas","routes":["047","108"]}},{"type":"Feature","geometry":{"type":"Point","coordinates":[-3.73324,40.37675]},"properties":{"stop_id":"2445","stop_code":"2445","stop_name":"Abrantes - Camino Viejo Leganés","routes":["118"]}},{"type":"Feature","geometry":{"type":"Point","coordinates":[-3.73486,40.37639]},"properties":{"stop_id":"2446","stop_code":"2446","stop_name":"Besolla","routes":["047","108","118","516"]}},{"type":"Feature","geometry":{"type":"Point","coordinates":[-3.73476,40.37604]},"properties":{"stop_id":"2447","stop_code":"2447","stop_name":"Besolla","routes":["047","108","118","516"]}},{"type":"Feature","geometry":{"type":"Point","coordinates":[-3.73769,40.37779]},"properties":{"stop_id":"2448","stop_code":"2448","stop_name":"Carcastillo","routes":["047","108","118","516"]}},{"type":"Feature","geometry":{"type":"Point","coordinates":[-3.73772,40.37761]},"properties":{"stop_id":"2449","stop_code":"2449","stop_name":"Carcastillo","routes":["047","108","118","516"]}},{"type":"Feature","geometry":{"type":"Point","coordinates":[-3.7392,40.37596]},"properties":{"stop_id":"2450","stop_code":"2450","stop_name":"Belzunegui","routes":["047","118","516"]}},{"type":"Feature","geometry":{"type":"Point","coordinates":[-3.73903,40.3762]},"properties":{"stop_id":"2451","stop_code":"2451","stop_name":"Belzunegui","routes":["047","118","516"]}},{"type":"Feature","geometry":{"type":"Point","coordinates":[-3.73891,40.37425]},"properties":{"stop_id":"2452","stop_code":"2452","stop_name":"Metro San Francisco","routes":["047","118","516"]}},{"type":"Feature","geometry":{"type":"Point","coordinates":[-3.74157,40.37362]},"properties":{"stop_id":"2453","stop_code":"2453","stop_name":"Avenida De Los Poblados - Secoya","routes":["047","118","121","131","155","516"]}},{"type":"Feature","geometry":{"type":"Point","coordinates":[-3.74217,40.37387]},"properties":{"stop_id":"2454","stop_code":"2454","stop_name":"Plaza De Los Navarros","routes":["047","108","118","516"]}},{"type":"Feature","geometry":{"type":"Point","coordinates":[-3.7394,40.37462]},"properties":{"stop_id":"2455","stop_code":"2455","stop_name":"Albares De La Ribera - Belzunegui","routes":["047","118","516"]}},{"type":"Feature","geometry":{"type":"Point","coordinates":[-3.74511,40.37307]},"properties":{"stop_id":"2456","stop_code":"2456","stop_name":"Antonia Rodríguez Sacristán","routes":["047","108","118","121","131","516"]}},{"type":"Feature","geometry":{"type":"Point","coordinates":[-3.7454,40.37294]},"properties":{"stop_id":"2457","stop_code":"2457","stop_name":"Antonia Rodríguez Sacristán","routes":["047","108","118","121","131"]}},{"type":"Feature","geometry":{"type":"Point","coordinates":[-3.7475,40.37324]},"properties":{"stop_id":"2458","stop_code":"2458","stop_name":"Antonia Rodríguez Sacristán - Centro Salud","routes":["047","121","131"]}},{"type":"Feature","geometry":{"type":"Point","coordinates":[-3.74757,40.37311]},"properties":{"stop_id":"2459","stop_code":"2459","stop_name":"Antonia Rodríguez Sacristán - Centro Salud","routes":["047","121","131"]}},{"type":"Feature","geometry":{"type":"Point","coordinates":[-3.74677,40.37525]},"properties":{"stop_id":"2460","stop_code":"2460","stop_name":"Avenida De Los Poblados - Carabanchel Bajo","routes":["047","121","131"]}},{"type":"Feature","geometry":{"type":"Point","coordinates":[-3.74712,40.37515]},"properties":{"stop_id":"2461","stop_code":"2461","stop_name":"Avenida De Los Poblados - Carabanchel Bajo","routes":["047","121","131"]}},{"type":"Feature","geometry":{"type":"Point","coordinates":[-3.74884,40.37635]},"properties":{"stop_id":"2462","stop_code":"2462","stop_name":"Avenida De Los Poblados - Eugenia Montijo","routes":["047","121","131"]}},{"type":"Feature","geometry":{"type":"Point","coordinates":[-3.74894,40.37617]},"properties":{"stop_id":"2463","stop_code":"2463","stop_name":"Avenida De Los Poblados - Eugenia Montijo","routes":["047","121","131"]}},{"type":"Feature","geometry":{"type":"Point","coordinates":[-3.727,40.38374]},"properties":{"stop_id":"2464","stop_code":"2464","stop_name":"Pelícano - Argüeso","routes":["247"]}},{"type":"Feature","geometry":{"type":"Point","coordinates":[-3.72898,40.38371]},"properties":{"stop_id":"2465","stop_code":"2465","stop_name":"Camino Viejo Leganés - Pelícano","routes":["247"]}},{"type":"Feature","geometry":{"type":"Point","coordinates":[-3.73041,40.38426]},"properties":{"stop_id":"2466","stop_code":"2466","stop_name":"Plaza Tarifa","routes":["247"]}},{"type":"Feature","geometry":{"type":"Point","coordinates":[-3.73361,40.38494]},"properties":{"stop_id":"2467","stop_code":"2467","stop_name":"San José Obrero","routes":["247"]}},{"type":"Feature","geometry":{"type":"Point","coordinates":[-3.73341,40.38357]},"properties":{"stop_id":"2468","stop_code":"2468","stop_name":"Clara Campoamor","routes":["247"]}},{"type":"Feature","geometry":{"type":"Point","coordinates":[-3.73045,40.38389]},"properties":{"stop_id":"2469","stop_code":"2469","stop_name":"Plaza Tarifa","routes":["247"]}},{"type":"Feature","geometry":{"type":"Point","coordinates":[-3.72905,40.38389]},"properties":{"stop_id":"2470","stop_code":"2470","stop_name":"Camino Viejo Leganés - Pelícano","routes":["118","247","516"]}},{"type":"Feature","geometry":{"type":"Point","coordinates":[-3.72727,40.38604]},"properties":{"stop_id":"2471","stop_code":"2471","stop_name":"Avenida De Oporto - Camino Viejo Leganés","routes":["055","081","108","247","517"]}},{"type":"Feature","geometry":{"type":"Point","coordinates":[-3.72328,40.38535]},"properties":{"stop_id":"2472","stop_code":"2472","stop_name":"Opañel","routes":["055","081","247","517","869"]}},{"type":"Feature","geometry":{"type":"Point","coordinates":[-3.67109,40.43274]},"properties":{"stop_id":"2474","stop_code":"2474","stop_name":"Martínez Izquierdo - Francisco Silvela","routes":["503"]}},{"type":"Feature","geometry":{"type":"Point","coordinates":[-3.66247,40.43519]},"properties":{"stop_id":"2475","stop_code":"2475","stop_name":"Puente Calero","routes":["048"]}},{"type":"Feature","geometry":{"type":"Point","coordinates":[-3.66382,40.43656]},"properties":{"stop_id":"2476","stop_code":"2476","stop_name":"Brescia","routes":["048"]}},{"type":"Feature","geometry":{"type":"Point","coordinates":[-3.65658,40.43457]},"properties":{"stop_id":"2477","stop_code":"2477","stop_name":"José Banús","routes":["021","048"]}},{"type":"Feature","geometry":{"type":"Point","coordinates":[-3.65657,40.4349]},"properties":{"stop_id":"2478","stop_code":"2478","stop_name":"José Banús","routes":["021","048"]}},{"type":"Feature","geometry":{"type":"Point","coordinates":[-3.70538,40.44704]},"properties":{"stop_id":"2480","stop_code":"2480","stop_name":"Cuatro Caminos","routes":["091"]}},{"type":"Feature","geometry":{"type":"Point","coordinates":[-3.70508,40.44704]},"properties":{"stop_id":"2481","stop_code":"2481","stop_name":"Cuatro Caminos","routes":["127"]}},{"type":"Feature","geometry":{"type":"Point","coordinates":[-3.70438,40.4473]},"properties":{"stop_id":"2482","stop_code":"2482","stop_name":"Cuatro Caminos","routes":["128"]}},{"type":"Feature","geometry":{"type":"Point","coordinates":[-3.61307,40.42799]},"properties":{"stop_id":"2483","stop_code":"2483","stop_name":"Pobladura Del Valle - Avenida Canillejas","routes":["048","153","167"]}},{"type":"Feature","geometry":{"type":"Point","coordinates":[-3.61261,40.43386]},"properties":{"stop_id":"2484","stop_code":"2484","stop_name":"Avenida De Canillejas - Albaida","routes":["038","153","165"]}},{"type":"Feature","geometry":{"type":"Point","coordinates":[-3.61211,40.43367]},"properties":{"stop_id":"2485","stop_code":"2485","stop_name":"Avenida De Canillejas - Albaida","routes":["048","167"]}},{"type":"Feature","geometry":{"type":"Point","coordinates":[-3.61158,40.43079]},"properties":{"stop_id":"2486","stop_code":"2486","stop_name":"Avenida De Canillejas - Hinojal","routes":["048","167"]}},{"type":"Feature","geometry":{"type":"Point","coordinates":[-3.61121,40.43616]},"properties":{"stop_id":"2489","stop_code":"2489","stop_name":"Etruria - Troya","routes":["048","140","505"]}},{"type":"Feature","geometry":{"type":"Point","coordinates":[-3.61058,40.43761]},"properties":{"stop_id":"2491","stop_code":"2491","stop_name":"Lucano - Fenelón","routes":["048","140","505"]}},{"type":"Feature","geometry":{"type":"Point","coordinates":[-3.64964,40.42733]},"properties":{"stop_id":"2495","stop_code":"2495","stop_name":"Metro La Elipa","routes":["028"]}},{"type":"Feature","geometry":{"type":"Point","coordinates":[-3.72451,40.40185]},"properties":{"stop_id":"2498","stop_code":"2498","stop_name":"Puente San Isidro - San Illán","routes":["050"]}},{"type":"Feature","geometry":{"type":"Point","coordinates":[-3.67385,40.45219]},"properties":{"stop_id":"2503","stop_code":"2503","stop_name":"Ramón Y Cajal - Víctor De La Serna","routes":["052"]}},{"type":"Feature","geometry":{"type":"Point","coordinates":[-3.67165,40.45371]},"properties":{"stop_id":"2504","stop_code":"2504","stop_name":"Víctor De La Serna","routes":["052"]}},{"type":"Feature","geometry":{"type":"Point","coordinates":[-3.67149,40.45595]},"properties":{"stop_id":"2505","stop_code":"2505","stop_name":"Víctor De La Serna - Colombia","routes":["052"]}},{"type":"Feature","geometry":{"type":"Point","coordinates":[-3.67161,40.45898]},"properties":{"stop_id":"2506","stop_code":"2506","stop_name":"Costa Rica","routes":["052"]}},{"type":"Feature","geometry":{"type":"Point","coordinates":[-3.67001,40.46125]},"properties":{"stop_id":"2507","stop_code":"2507","stop_name":"Santa María Magdalena","routes":["052"]}},{"type":"Feature","geometry":{"type":"Point","coordinates":[-3.67046,40.46339]},"properties":{"stop_id":"2508","stop_code":"2508","stop_name":"Santamarca","routes":["052"]}},{"type":"Feature","geometry":{"type":"Point","coordinates":[-3.67376,40.46086]},"properties":{"stop_id":"2509","stop_code":"2509","stop_name":"Torpedero Tucumán","routes":["052"]}},{"type":"Feature","geometry":{"type":"Point","coordinates":[-3.6744,40.45943]},"properties":{"stop_id":"2510","stop_code":"2510","stop_name":"Guatemala","routes":["052"]}},{"type":"Feature","geometry":{"type":"Point","coordinates":[-3.67455,40.45732]},"properties":{"stop_id":"2511","stop_code":"2511","stop_name":"Colombia","routes":["052"]}},{"type":"Feature","geometry":{"type":"Point","coordinates":[-3.67422,40.4551]},"properties":{"stop_id":"2512","stop_code":"2512","stop_name":"Uruguay","routes":["052"]}},{"type":"Feature","geometry":{"type":"Point","coordinates":[-3.67471,40.45245]},"properties":{"stop_id":"2513","stop_code":"2513","stop_name":"Puerto Rico","routes":["052"]}},{"type":"Feature","geometry":{"type":"Point","coordinates":[-3.65371,40.39237]},"properties":{"stop_id":"2514","stop_code":"2514","stop_name":"Pío Felipe - Buenos Aires","routes":["054","143"]}},{"type":"Feature","geometry":{"type":"Point","coordinates":[-3.65436,40.39224]},"properties":{"stop_id":"2515","stop_code":"2515","stop_name":"Buenos Aires","routes":["054","143","510"]}},{"type":"Feature","geometry":{"type":"Point","coordinates":[-3.65213,40.39497]},"properties":{"stop_id":"2516","stop_code":"2516","stop_name":"Pío Felipe - Benjamín Palencia","routes":["054","141","143"]}},{"type":"Feature","geometry":{"type":"Point","coordinates":[-3.65238,40.39525]},"properties":{"stop_id":"2517","stop_code":"2517","stop_name":"Pío Felipe - Benjamín Palencia","routes":["054","141","143","510"]}},{"type":"Feature","geometry":{"type":"Point","coordinates":[-3.64871,40.39456]},"properties":{"stop_id":"2518","stop_code":"2518","stop_name":"Benjamín Palencia - Humanes","routes":["054"]}},{"type":"Feature","geometry":{"type":"Point","coordinates":[-3.64912,40.3948]},"properties":{"stop_id":"2519","stop_code":"2519","stop_name":"Benjamín Palencia - Humanes","routes":["054","510"]}},{"type":"Feature","geometry":{"type":"Point","coordinates":[-3.64424,40.39416]},"properties":{"stop_id":"2520","stop_code":"2520","stop_name":"Malgrat De Mar","routes":["054"]}},{"type":"Feature","geometry":{"type":"Point","coordinates":[-3.64339,40.39401]},"properties":{"stop_id":"2521","stop_code":"2521","stop_name":"Malgrat De Mar","routes":["054","510"]}},{"type":"Feature","geometry":{"type":"Point","coordinates":[-3.64162,40.39261]},"properties":{"stop_id":"2522","stop_code":"2522","stop_name":"Pablo Neruda - Malgrat De Mar","routes":["054","142","144"]}},{"type":"Feature","geometry":{"type":"Point","coordinates":[-3.64107,40.39261]},"properties":{"stop_id":"2523","stop_code":"2523","stop_name":"Pablo Neruda - Malgrat De Mar","routes":["054","142","144","510"]}},{"type":"Feature","geometry":{"type":"Point","coordinates":[-3.64152,40.39142]},"properties":{"stop_id":"2524","stop_code":"2524","stop_name":"Andaluces - Pablo Neruda","routes":["054","144"]}},{"type":"Feature","geometry":{"type":"Point","coordinates":[-3.64127,40.39164]},"properties":{"stop_id":"2525","stop_code":"2525","stop_name":"Andaluces - Pablo Neruda","routes":["054","144"]}},{"type":"Feature","geometry":{"type":"Point","coordinates":[-3.63897,40.39029]},"properties":{"stop_id":"2526","stop_code":"2526","stop_name":"Andaluces - Rafael Alberti","routes":["054","144"]}},{"type":"Feature","geometry":{"type":"Point","coordinates":[-3.63916,40.39065]},"properties":{"stop_id":"2527","stop_code":"2527","stop_name":"Palomeras","routes":["054","144","510"]}},{"type":"Feature","geometry":{"type":"Point","coordinates":[-3.63629,40.39103]},"properties":{"stop_id":"2528","stop_code":"2528","stop_name":"San Claudio - Fernández Hijicos","routes":["054"]}},{"type":"Feature","geometry":{"type":"Point","coordinates":[-3.63628,40.38976]},"properties":{"stop_id":"2530","stop_code":"2530","stop_name":"Andaluces - San Claudio","routes":["054"]}},{"type":"Feature","geometry":{"type":"Point","coordinates":[-3.63969,40.38888]},"properties":{"stop_id":"2532","stop_code":"2532","stop_name":"Rafael Alberti - San Claudio","routes":["054","144"]}},{"type":"Feature","geometry":{"type":"Point","coordinates":[-3.63893,40.38923]},"properties":{"stop_id":"2533","stop_code":"2533","stop_name":"Rafael Alberti - San Claudio","routes":["054","144","510"]}},{"type":"Feature","geometry":{"type":"Point","coordinates":[-3.70234,40.39747]},"properties":{"stop_id":"2535","stop_code":"2535","stop_name":"Santa María De La Cabeza - Puente Praga","routes":["055","060","401","517"]}},{"type":"Feature","geometry":{"type":"Point","coordinates":[-3.70849,40.39177]},"properties":{"stop_id":"2536","stop_code":"2536","stop_name":"Santa María De La Cabeza - Parque Bomberos","routes":["055","060","517"]}},{"type":"Feature","geometry":{"type":"Point","coordinates":[-3.70762,40.39159]},"properties":{"stop_id":"2537","stop_code":"2537","stop_name":"Santa María De La Cabeza - Parque Bomberos","routes":["055","060","517"]}},{"type":"Feature","geometry":{"type":"Point","coordinates":[-3.71254,40.39009]},"properties":{"stop_id":"2538","stop_code":"2538","stop_name":"Puente De Los Capuchinos","routes":["055","060","401","517"]}},{"type":"Feature","geometry":{"type":"Point","coordinates":[-3.71189,40.38971]},"properties":{"stop_id":"2539","stop_code":"2539","stop_name":"Puente De Los Capuchinos","routes":["055","060","401","517"]}},{"type":"Feature","geometry":{"type":"Point","coordinates":[-3.71491,40.38735]},"properties":{"stop_id":"2541","stop_code":"2541","stop_name":"Santa María De La Cabeza - Zújar","routes":["055","060","517"]}},{"type":"Feature","geometry":{"type":"Point","coordinates":[-3.72034,40.40454]},"properties":{"stop_id":"2542","stop_code":"2542","stop_name":"Puente San Isidro - Melancólicos","routes":["050"]}},{"type":"Feature","geometry":{"type":"Point","coordinates":[-3.71692,40.38564]},"properties":{"stop_id":"2543","stop_code":"2543","stop_name":"Plaza Elíptica - Santa María De La Cabeza","routes":["055","517"]}},{"type":"Feature","geometry":{"type":"Point","coordinates":[-3.73412,40.38971]},"properties":{"stop_id":"2547","stop_code":"2547","stop_name":"Oca - Matilde Hernández","routes":["055","516","526"]}},{"type":"Feature","geometry":{"type":"Point","coordinates":[-3.73445,40.3896]},"properties":{"stop_id":"2548","stop_code":"2548","stop_name":"Oca - Matilde Hernández","routes":["055","516","526"]}},{"type":"Feature","geometry":{"type":"Point","coordinates":[-3.73625,40.39075]},"properties":{"stop_id":"2549","stop_code":"2549","stop_name":"Valvanera - Tórtola","routes":["055","516"]}},{"type":"Feature","geometry":{"type":"Point","coordinates":[-3.7363,40.39042]},"properties":{"stop_id":"2550","stop_code":"2550","stop_name":"Valvanera - Tórtola","routes":["055","516"]}},{"type":"Feature","geometry":{"type":"Point","coordinates":[-3.73859,40.3919]},"properties":{"stop_id":"2551","stop_code":"2551","stop_name":"Valvanera - Algodre","routes":["055","516"]}},{"type":"Feature","geometry":{"type":"Point","coordinates":[-3.73818,40.3914]},"properties":{"stop_id":"2552","stop_code":"2552","stop_name":"Valvanera - Algodre","routes":["055","516"]}},{"type":"Feature","geometry":{"type":"Point","coordinates":[-3.74109,40.39334]},"properties":{"stop_id":"2553","stop_code":"2553","stop_name":"Carpetana","routes":["055","119","870"]}},{"type":"Feature","geometry":{"type":"Point","coordinates":[-3.74354,40.39595]},"properties":{"stop_id":"2554","stop_code":"2554","stop_name":"Los Cármenes","routes":["055","119"]}},{"type":"Feature","geometry":{"type":"Point","coordinates":[-3.7438,40.39594]},"properties":{"stop_id":"2555","stop_code":"2555","stop_name":"Los Cármenes","routes":["055","119","158"]}},{"type":"Feature","geometry":{"type":"Point","coordinates":[-3.74688,40.40056]},"properties":{"stop_id":"2556","stop_code":"2556","stop_name":"Concejal Francisco Jiménez - Alhambra","routes":["039","055"]}},{"type":"Feature","geometry":{"type":"Point","coordinates":[-3.74631,40.40048]},"properties":{"stop_id":"2557","stop_code":"2557","stop_name":"Concejal Francisco Jiménez - Alhambra","routes":["039","055"]}},{"type":"Feature","geometry":{"type":"Point","coordinates":[-3.7496,40.40021]},"properties":{"stop_id":"2558","stop_code":"2558","stop_name":"Concejal Francisco Jiménez - Carboneras","routes":["039","055","518"]}},{"type":"Feature","geometry":{"type":"Point","coordinates":[-3.69966,40.41917]},"properties":{"stop_id":"2559","stop_code":"2559","stop_name":"Sevilla","routes":["009","362"]}},{"type":"Feature","geometry":{"type":"Point","coordinates":[-3.64693,40.47561]},"properties":{"stop_id":"2560","stop_code":"2560","stop_name":"Mar De Las Antillas - Santa Susana","routes":["009","107"]}},{"type":"Feature","geometry":{"type":"Point","coordinates":[-3.66039,40.39325]},"properties":{"stop_id":"2561","stop_code":"2561","stop_name":"Avenida De La Albufera - Sierra Del Cadi","routes":["057","510"]}},{"type":"Feature","geometry":{"type":"Point","coordinates":[-3.66023,40.39315]},"properties":{"stop_id":"2562","stop_code":"2562","stop_name":"Avenida De La Albufera - Sierra Del Cadi","routes":["057"]}},{"type":"Feature","geometry":{"type":"Point","coordinates":[-3.66181,40.39157]},"properties":{"stop_id":"2563","stop_code":"2563","stop_name":"Arroyo Del Olivar - Carlos Martín Álvarez","routes":["057","510"]}},{"type":"Feature","geometry":{"type":"Point","coordinates":[-3.66176,40.39146]},"properties":{"stop_id":"2564","stop_code":"2564","stop_name":"Arroyo Del Olivar - Carlos Martín Álvarez","routes":["057"]}},{"type":"Feature","geometry":{"type":"Point","coordinates":[-3.66397,40.38951]},"properties":{"stop_id":"2565","stop_code":"2565","stop_name":"Carlos Martín Álvarez - Javier De Miguel","routes":["057"]}},{"type":"Feature","geometry":{"type":"Point","coordinates":[-3.66406,40.38864]},"properties":{"stop_id":"2566","stop_code":"2566","stop_name":"Carlos Martín Álvarez - Javier De Miguel","routes":["057"]}},{"type":"Feature","geometry":{"type":"Point","coordinates":[-3.66398,40.38614]},"properties":{"stop_id":"2568","stop_code":"2568","stop_name":"Martínez De La Riva - Puerto Bonaigua","routes":["057","144","511"]}},{"type":"Feature","geometry":{"type":"Point","coordinates":[-3.6637,40.38386]},"properties":{"stop_id":"2569","stop_code":"2569","stop_name":"Martínez De La Riva - Candilejas","routes":["057"]}},{"type":"Feature","geometry":{"type":"Point","coordinates":[-3.66341,40.38336]},"properties":{"stop_id":"2570","stop_code":"2570","stop_name":"Martínez De La Riva - Candilejas","routes":["057","144","511"]}},{"type":"Feature","geometry":{"type":"Point","coordinates":[-3.6189,40.46321]},"properties":{"stop_id":"2571","stop_code":"2571","stop_name":"Partenón - Ribera Del Sena","routes":["073"]}},{"type":"Feature","geometry":{"type":"Point","coordinates":[-3.66361,40.38203]},"properties":{"stop_id":"2572","stop_code":"2572","stop_name":"Candilejas - Pablo Neruda","routes":["057","144"]}},{"type":"Feature","geometry":{"type":"Point","coordinates":[-3.61881,40.46345]},"properties":{"stop_id":"2573","stop_code":"2573","stop_name":"Partenón - Ribera Del Sena","routes":["073"]}},{"type":"Feature","geometry":{"type":"Point","coordinates":[-3.66207,40.38032]},"properties":{"stop_id":"2574","stop_code":"2574","stop_name":"Palomeras Bajas - Romeo Y Julieta","routes":["057","144"]}},{"type":"Feature","geometry":{"type":"Point","coordinates":[-3.65967,40.3799]},"properties":{"stop_id":"2575","stop_code":"2575","stop_name":"Palomeras Bajas - Mogambo","routes":["057","144"]}},{"type":"Feature","geometry":{"type":"Point","coordinates":[-3.65814,40.37893]},"properties":{"stop_id":"2576","stop_code":"2576","stop_name":"Palomeras Bajas - Cenicienta","routes":["057","136","144"]}},{"type":"Feature","geometry":{"type":"Point","coordinates":[-3.65271,40.37976]},"properties":{"stop_id":"2577","stop_code":"2577","stop_name":"Buenos Aires - Mogambo","routes":["010","057","511"]}},{"type":"Feature","geometry":{"type":"Point","coordinates":[-3.65311,40.38017]},"properties":{"stop_id":"2578","stop_code":"2578","stop_name":"Buenos Aires - Mogambo","routes":["057"]}},{"type":"Feature","geometry":{"type":"Point","coordinates":[-3.65589,40.37978]},"properties":{"stop_id":"2579","stop_code":"2579","stop_name":"Mogambo - La Violetera","routes":["057","144"]}},{"type":"Feature","geometry":{"type":"Point","coordinates":[-3.65828,40.37979]},"properties":{"stop_id":"2580","stop_code":"2580","stop_name":"Mogambo - Volver A Empezar","routes":["057","144"]}},{"type":"Feature","geometry":{"type":"Point","coordinates":[-3.6514,40.38196]},"properties":{"stop_id":"2581","stop_code":"2581","stop_name":"Pablo Neruda - Villalobos","routes":["057","144"]}},{"type":"Feature","geometry":{"type":"Point","coordinates":[-3.64852,40.3831]},"properties":{"stop_id":"2582","stop_code":"2582","stop_name":"Pablo Neruda - Lago Calafate","routes":["057"]}},{"type":"Feature","geometry":{"type":"Point","coordinates":[-3.64927,40.38301]},"properties":{"stop_id":"2583","stop_code":"2583","stop_name":"Pablo Neruda - Lago Calafate","routes":["057"]}},{"type":"Feature","geometry":{"type":"Point","coordinates":[-3.64657,40.38535]},"properties":{"stop_id":"2584","stop_code":"2584","stop_name":"Pablo Neruda - Avenida De Palomeras","routes":["057"]}},{"type":"Feature","geometry":{"type":"Point","coordinates":[-3.64708,40.38546]},"properties":{"stop_id":"2585","stop_code":"2585","stop_name":"Pablo Neruda - Avenida De Palomeras","routes":["057"]}},{"type":"Feature","geometry":{"type":"Point","coordinates":[-3.64462,40.38793]},"properties":{"stop_id":"2586","stop_code":"2586","stop_name":"Pablo Neruda - Luis Buñuel","routes":["057"]}},{"type":"Feature","geometry":{"type":"Point","coordinates":[-3.64496,40.3881]},"properties":{"stop_id":"2587","stop_code":"2587","stop_name":"Pablo Neruda - Luis Buñuel","routes":["057"]}},{"type":"Feature","geometry":{"type":"Point","coordinates":[-3.70888,40.41089]},"properties":{"stop_id":"2588","stop_code":"2588","stop_name":"Plaza De La Cebada","routes":["060"]}},{"type":"Feature","geometry":{"type":"Point","coordinates":[-3.71143,40.40748]},"properties":{"stop_id":"2589","stop_code":"2589","stop_name":"Toledo - La Paloma","routes":["017","018","023","035","060","362"]}},{"type":"Feature","geometry":{"type":"Point","coordinates":[-3.71217,40.41108]},"properties":{"stop_id":"2590","stop_code":"2590","stop_name":"San Francisco El Grande","routes":["060"]}},{"type":"Feature","geometry":{"type":"Point","coordinates":[-3.70228,40.40441]},"properties":{"stop_id":"2591","stop_code":"2591","stop_name":"Embajadores","routes":["060","148","517"]}},{"type":"Feature","geometry":{"type":"Point","coordinates":[-3.70173,40.40429]},"properties":{"stop_id":"2592","stop_code":"2592","stop_name":"Embajadores - Sebastián Elcano","routes":["060","078","148","517"]}},{"type":"Feature","geometry":{"type":"Point","coordinates":[-3.69993,40.38227]},"properties":{"stop_id":"2593","stop_code":"2593","stop_name":"Cristo De La Victoria - Santuario","routes":["078"]}},{"type":"Feature","geometry":{"type":"Point","coordinates":[-3.67993,40.43497]},"properties":{"stop_id":"2595","stop_code":"2595","stop_name":"Príncipe De Vergara - Diego De León","routes":["061"]}},{"type":"Feature","geometry":{"type":"Point","coordinates":[-3.71626,40.38556]},"properties":{"stop_id":"2596","stop_code":"2596","stop_name":"Plaza Elíptica","routes":["060"]}},{"type":"Feature","geometry":{"type":"Point","coordinates":[-3.67891,40.43463]},"properties":{"stop_id":"2597","stop_code":"2597","stop_name":"Príncipe De Vergara - Diego De León","routes":["061"]}},{"type":"Feature","geometry":{"type":"Point","coordinates":[-3.68407,40.43517]},"properties":{"stop_id":"2598","stop_code":"2598","stop_name":"Diego De León - Velázquez","routes":["061"]}},{"type":"Feature","geometry":{"type":"Point","coordinates":[-3.68388,40.43492]},"properties":{"stop_id":"2599","stop_code":"2599","stop_name":"Diego De León - Velázquez","routes":["061"]}},{"type":"Feature","geometry":{"type":"Point","coordinates":[-3.68604,40.43528]},"properties":{"stop_id":"2600","stop_code":"2600","stop_name":"Serrano - Diego De León","routes":["061"]}},{"type":"Feature","geometry":{"type":"Point","coordinates":[-3.68697,40.43546]},"properties":{"stop_id":"2601","stop_code":"2601","stop_name":"Serrano - Diego De León","routes":["061"]}},{"type":"Feature","geometry":{"type":"Point","coordinates":[-3.68778,40.43575]},"properties":{"stop_id":"2602","stop_code":"2602","stop_name":"General Oráa - Emilio Castelar","routes":["061"]}},{"type":"Feature","geometry":{"type":"Point","coordinates":[-3.64265,40.39646]},"properties":{"stop_id":"2604","stop_code":"2604","stop_name":"Arroyo Fontarrón - Tacona","routes":["063","509"]}},{"type":"Feature","geometry":{"type":"Point","coordinates":[-3.65388,40.40387]},"properties":{"stop_id":"2605","stop_code":"2605","stop_name":"El Bosco - Maruja García Romero","routes":["063","143","509"]}},{"type":"Feature","geometry":{"type":"Point","coordinates":[-3.65145,40.40171]},"properties":{"stop_id":"2606","stop_code":"2606","stop_name":"El Bosco - Pérez De Ayala","routes":["063","143","509"]}},{"type":"Feature","geometry":{"type":"Point","coordinates":[-3.64986,40.40023]},"properties":{"stop_id":"2607","stop_code":"2607","stop_name":"Pérez De Ayala - El Bosco","routes":["063","143"]}},{"type":"Feature","geometry":{"type":"Point","coordinates":[-3.64737,40.39781]},"properties":{"stop_id":"2608","stop_code":"2608","stop_name":"El Bosco - Pío Felipe","routes":["063","509"]}},{"type":"Feature","geometry":{"type":"Point","coordinates":[-3.63881,40.39574]},"properties":{"stop_id":"2610","stop_code":"2610","stop_name":"Fuente Carrantona - Arroyo Fontarrón","routes":["063","509"]}},{"type":"Feature","geometry":{"type":"Point","coordinates":[-3.6491,40.40093]},"properties":{"stop_id":"2611","stop_code":"2611","stop_name":"Mediterráneo - Arroyo Fontarrón","routes":["063","090","145","509"]}},{"type":"Feature","geometry":{"type":"Point","coordinates":[-3.62424,40.39106]},"properties":{"stop_id":"2612","stop_code":"2612","stop_name":"Mediterráneo - Democracia","routes":["063","090","145","509"]}},{"type":"Feature","geometry":{"type":"Point","coordinates":[-3.62415,40.39171]},"properties":{"stop_id":"2613","stop_code":"2613","stop_name":"Mediterráneo - Democracia","routes":["063","090","145","509"]}},{"type":"Feature","geometry":{"type":"Point","coordinates":[-3.60411,40.38238]},"properties":{"stop_id":"2614","stop_code":"2614","stop_name":"Mediterráneo - Virgen De Las Viñas","routes":["063","145","509"]}},{"type":"Feature","geometry":{"type":"Point","coordinates":[-3.6053,40.37992]},"properties":{"stop_id":"2615","stop_code":"2615","stop_name":"Fuentespina","routes":["063","145","509"]}},{"type":"Feature","geometry":{"type":"Point","coordinates":[-3.60753,40.37926]},"properties":{"stop_id":"2616","stop_code":"2616","stop_name":"Avenida Santa Eugenia - Fuentespina","routes":["063","145","509"]}},{"type":"Feature","geometry":{"type":"Point","coordinates":[-3.60946,40.38046]},"properties":{"stop_id":"2617","stop_code":"2617","stop_name":"Avenida Santa Eugenia - Virgen Las Viñas","routes":["063","145","509"]}},{"type":"Feature","geometry":{"type":"Point","coordinates":[-3.61061,40.38232]},"properties":{"stop_id":"2618","stop_code":"2618","stop_name":"Avenida Santa Eugenia - Puentelarra","routes":["063","145","509"]}},{"type":"Feature","geometry":{"type":"Point","coordinates":[-3.60981,40.38568]},"properties":{"stop_id":"2619","stop_code":"2619","stop_name":"Avenida Santa Eugenia 13","routes":["058","063"]}},{"type":"Feature","geometry":{"type":"Point","coordinates":[-3.60912,40.38473]},"properties":{"stop_id":"2620","stop_code":"2620","stop_name":"Castrillo De Aza","routes":["063","509"]}},{"type":"Feature","geometry":{"type":"Point","coordinates":[-3.61093,40.3837]},"properties":{"stop_id":"2621","stop_code":"2621","stop_name":"Avenida Santa Eugenia - Castrillo De Aza","routes":["063","509"]}},{"type":"Feature","geometry":{"type":"Point","coordinates":[-3.6056,40.38465]},"properties":{"stop_id":"2622","stop_code":"2622","stop_name":"Mediterráneo - Puentelarra","routes":["063","145","509"]}},{"type":"Feature","geometry":{"type":"Point","coordinates":[-3.60657,40.38569]},"properties":{"stop_id":"2623","stop_code":"2623","stop_name":"Mediterráneo - Castrillo De Aza (renfe)","routes":["063","145","509"]}},{"type":"Feature","geometry":{"type":"Point","coordinates":[-3.75256,40.40746]},"properties":{"stop_id":"2626","stop_code":"2626","stop_name":"Batán","routes":["065","866"]}},{"type":"Feature","geometry":{"type":"Point","coordinates":[-3.75286,40.4073]},"properties":{"stop_id":"2627","stop_code":"2627","stop_name":"Batán","routes":["033","065"]}},{"type":"Feature","geometry":{"type":"Point","coordinates":[-3.75526,40.40627]},"properties":{"stop_id":"2628","stop_code":"2628","stop_name":"Camino De Campamento - Villagarcía","routes":["055","065","866"]}},{"type":"Feature","geometry":{"type":"Point","coordinates":[-3.75501,40.40627]},"properties":{"stop_id":"2629","stop_code":"2629","stop_name":"Camino De Campamento - Villagarcía","routes":["055","065"]}},{"type":"Feature","geometry":{"type":"Point","coordinates":[-3.7577,40.40534]},"properties":{"stop_id":"2630","stop_code":"2630","stop_name":"Camino De Campamento - Colonia Lourdes","routes":["055","065","866"]}},{"type":"Feature","geometry":{"type":"Point","coordinates":[-3.75752,40.40533]},"properties":{"stop_id":"2631","stop_code":"2631","stop_name":"Camino De Campamento - Colonia Lourdes","routes":["055","065"]}},{"type":"Feature","geometry":{"type":"Point","coordinates":[-3.75987,40.40409]},"properties":{"stop_id":"2632","stop_code":"2632","stop_name":"Camino De Campamento - San Roberto","routes":["055","065","866"]}},{"type":"Feature","geometry":{"type":"Point","coordinates":[-3.7598,40.40403]},"properties":{"stop_id":"2633","stop_code":"2633","stop_name":"Camino De Campamento - San Roberto","routes":["055","065"]}},{"type":"Feature","geometry":{"type":"Point","coordinates":[-3.76061,40.40313]},"properties":{"stop_id":"2635","stop_code":"2635","stop_name":"Casa De Campo","routes":["055","065"]}},{"type":"Feature","geometry":{"type":"Point","coordinates":[-3.76979,40.39928]},"properties":{"stop_id":"2636","stop_code":"2636","stop_name":"Carretera De Boadilla - Mirlo","routes":["065"]}},{"type":"Feature","geometry":{"type":"Point","coordinates":[-3.77316,40.39931]},"properties":{"stop_id":"2637","stop_code":"2637","stop_name":"Carretera De Boadilla - Galicia","routes":["065"]}},{"type":"Feature","geometry":{"type":"Point","coordinates":[-3.77536,40.39932]},"properties":{"stop_id":"2638","stop_code":"2638","stop_name":"Carretera De Boadilla - Centro Cultural","routes":["065"]}},{"type":"Feature","geometry":{"type":"Point","coordinates":[-3.7742,40.39643]},"properties":{"stop_id":"2640","stop_code":"2640","stop_name":"Colonia Jardín","routes":["065"]}},{"type":"Feature","geometry":{"type":"Point","coordinates":[-3.7768,40.39479]},"properties":{"stop_id":"2641","stop_code":"2641","stop_name":"Sanchidrián","routes":["065"]}},{"type":"Feature","geometry":{"type":"Point","coordinates":[-3.77666,40.39471]},"properties":{"stop_id":"2642","stop_code":"2642","stop_name":"Sanchidrián","routes":["065"]}},{"type":"Feature","geometry":{"type":"Point","coordinates":[-3.77992,40.3945]},"properties":{"stop_id":"2643","stop_code":"2643","stop_name":"Gran Capitán","routes":["065"]}},{"type":"Feature","geometry":{"type":"Point","coordinates":[-3.75741,40.36263]},"properties":{"stop_id":"2646","stop_code":"2646","stop_name":"La Peseta","routes":["401"]}},{"type":"Feature","geometry":{"type":"Point","coordinates":[-3.7018,40.45678]},"properties":{"stop_id":"2647","stop_code":"2647","stop_name":"Bravo Murillo - Lope De Haro","routes":["066","124","126"]}},{"type":"Feature","geometry":{"type":"Point","coordinates":[-3.69613,40.46371]},"properties":{"stop_id":"2651","stop_code":"2651","stop_name":"Plaza De La Remonta","routes":["066","124","523"]}},{"type":"Feature","geometry":{"type":"Point","coordinates":[-3.68646,40.47533]},"properties":{"stop_id":"2653","stop_code":"2653","stop_name":"Cuatro Torres","routes":["066","173","174","175","176","178","704"]}},{"type":"Feature","geometry":{"type":"Point","coordinates":[-3.6858,40.47702]},"properties":{"stop_id":"2654","stop_code":"2654","stop_name":"Castellana - Manuel Caldeiro","routes":["066","704"]}},{"type":"Feature","geometry":{"type":"Point","coordinates":[-3.68513,40.47947]},"properties":{"stop_id":"2655","stop_code":"2655","stop_name":"Castellana - Hospital La Paz","routes":["066","704"]}},{"type":"Feature","geometry":{"type":"Point","coordinates":[-3.68414,40.48033]},"properties":{"stop_id":"2656","stop_code":"2656","stop_name":"Viejas - Cocheras Emt","routes":["066","704"]}},{"type":"Feature","geometry":{"type":"Point","coordinates":[-3.68359,40.47994]},"properties":{"stop_id":"2657","stop_code":"2657","stop_name":"Mauricio Legendre - Cocheras Emt","routes":["066","704"]}},{"type":"Feature","geometry":{"type":"Point","coordinates":[-3.6843,40.47674]},"properties":{"stop_id":"2658","stop_code":"2658","stop_name":"Mauricio Legendre - Manuel Caldeiro","routes":["066","704"]}},{"type":"Feature","geometry":{"type":"Point","coordinates":[-3.685,40.47421]},"properties":{"stop_id":"2659","stop_code":"2659","stop_name":"Mauricio Legendre - Estación De Chamartín","routes":["066","704"]}},{"type":"Feature","geometry":{"type":"Point","coordinates":[-3.68634,40.47145]},"properties":{"stop_id":"2660","stop_code":"2660","stop_name":"Mauricio Legendre - José Vasconcelos","routes":["066","704"]}},{"type":"Feature","geometry":{"type":"Point","coordinates":[-3.68696,40.46916]},"properties":{"stop_id":"2661","stop_code":"2661","stop_name":"Mauricio Legendre - Agustín De Foxá","routes":["066","704"]}},{"type":"Feature","geometry":{"type":"Point","coordinates":[-3.68401,40.48561]},"properties":{"stop_id":"2662","stop_code":"2662","stop_name":"Llano Castellano - Francisco Sancha","routes":["066","124","137","704"]}},{"type":"Feature","geometry":{"type":"Point","coordinates":[-3.68459,40.48648]},"properties":{"stop_id":"2663","stop_code":"2663","stop_name":"Llano Castellano - Francisco Sancha","routes":["066","124","137","524","704"]}},{"type":"Feature","geometry":{"type":"Point","coordinates":[-3.68456,40.48703]},"properties":{"stop_id":"2664","stop_code":"2664","stop_name":"Llano Castellano - Manuel Tovar","routes":["066","124","137","524","704"]}},{"type":"Feature","geometry":{"type":"Point","coordinates":[-3.68549,40.48946]},"properties":{"stop_id":"2666","stop_code":"2666","stop_name":"Llano Castellano - Valdegovia","routes":["066","124","137","524","704"]}},{"type":"Feature","geometry":{"type":"Point","coordinates":[-3.68564,40.48924]},"properties":{"stop_id":"2667","stop_code":"2667","stop_name":"Llano Castellano - Valdegovia","routes":["066","124","137","524","704"]}},{"type":"Feature","geometry":{"type":"Point","coordinates":[-3.68591,40.4907]},"properties":{"stop_id":"2668","stop_code":"2668","stop_name":"Llano Castellano - Herrera Oria","routes":["066","124","137","524","704"]}},{"type":"Feature","geometry":{"type":"Point","coordinates":[-3.68616,40.49057]},"properties":{"stop_id":"2669","stop_code":"2669","stop_name":"Llano Castellano - Herrera Oria","routes":["066","124","137","524","704"]}},{"type":"Feature","geometry":{"type":"Point","coordinates":[-3.68671,40.49264]},"properties":{"stop_id":"2670","stop_code":"2670","stop_name":"Nuestra Señora De Valverde - Islas Jarvi","routes":["066","137","524","704"]}},{"type":"Feature","geometry":{"type":"Point","coordinates":[-3.6867,40.4921]},"properties":{"stop_id":"2671","stop_code":"2671","stop_name":"Nuestra Señora De Valverde - Islas Jarvi","routes":["066","137","524","704"]}},{"type":"Feature","geometry":{"type":"Point","coordinates":[-3.68759,40.49521]},"properties":{"stop_id":"2672","stop_code":"2672","stop_name":"Nuestra Señora De Valverde - Sumatra","routes":["066","137","524","704"]}},{"type":"Feature","geometry":{"type":"Point","coordinates":[-3.68778,40.49533]},"properties":{"stop_id":"2673","stop_code":"2673","stop_name":"Nuestra Señora De Valverde - Sumatra","routes":["066","137","524","704"]}},{"type":"Feature","geometry":{"type":"Point","coordinates":[-3.68696,40.49732]},"properties":{"stop_id":"2674","stop_code":"2674","stop_name":"Nuestra Señora Valverde - Manuel Villarta","routes":["066","137","704"]}},{"type":"Feature","geometry":{"type":"Point","coordinates":[-3.68752,40.4966]},"properties":{"stop_id":"2675","stop_code":"2675","stop_name":"Nuestra Señora Valverde - Manuel Villarta","routes":["066","137","524","704"]}},{"type":"Feature","geometry":{"type":"Point","coordinates":[-3.68654,40.49838]},"properties":{"stop_id":"2676","stop_code":"2676","stop_name":"Fuente De La Carra","routes":["066","137","524","704"]}},{"type":"Feature","geometry":{"type":"Point","coordinates":[-3.68668,40.4986]},"properties":{"stop_id":"2677","stop_code":"2677","stop_name":"Fuente De La Carra","routes":["066","137","524","704"]}},{"type":"Feature","geometry":{"type":"Point","coordinates":[-3.68899,40.49797]},"properties":{"stop_id":"2678","stop_code":"2678","stop_name":"Afueras A Valverde","routes":["066","137","524","704"]}},{"type":"Feature","geometry":{"type":"Point","coordinates":[-3.68917,40.49747]},"properties":{"stop_id":"2679","stop_code":"2679","stop_name":"Afueras A Valverde","routes":["066","137","524","704"]}},{"type":"Feature","geometry":{"type":"Point","coordinates":[-3.68989,40.49793]},"properties":{"stop_id":"2680","stop_code":"2680","stop_name":"Aldonza Lorenzo","routes":["066","137"]}},{"type":"Feature","geometry":{"type":"Point","coordinates":[-3.69012,40.49842]},"properties":{"stop_id":"2681","stop_code":"2681","stop_name":"Aldonza Lorenzo","routes":["066","137"]}},{"type":"Feature","geometry":{"type":"Point","coordinates":[-3.69035,40.50073]},"properties":{"stop_id":"2682","stop_code":"2682","stop_name":"Plaza Tres Olivos","routes":["066","137"]}},{"type":"Feature","geometry":{"type":"Point","coordinates":[-3.69058,40.50047]},"properties":{"stop_id":"2683","stop_code":"2683","stop_name":"Plaza Tres Olivos","routes":["066","137"]}},{"type":"Feature","geometry":{"type":"Point","coordinates":[-3.69291,40.50059]},"properties":{"stop_id":"2684","stop_code":"2684","stop_name":"Campo De Calatrava","routes":["066","137"]}},{"type":"Feature","geometry":{"type":"Point","coordinates":[-3.69265,40.50046]},"properties":{"stop_id":"2685","stop_code":"2685","stop_name":"Campo De Calatrava","routes":["066","137"]}},{"type":"Feature","geometry":{"type":"Point","coordinates":[-3.69295,40.49708]},"properties":{"stop_id":"2686","stop_code":"2686","stop_name":"Anastasia López - Braille","routes":["066","137"]}},{"type":"Feature","geometry":{"type":"Point","coordinates":[-3.69264,40.49714]},"properties":{"stop_id":"2687","stop_code":"2687","stop_name":"Anastasia López - Braille","routes":["066","137"]}},{"type":"Feature","geometry":{"type":"Point","coordinates":[-3.69319,40.49596]},"properties":{"stop_id":"2688","stop_code":"2688","stop_name":"Braille - Molins De Rey","routes":["066","137"]}},{"type":"Feature","geometry":{"type":"Point","coordinates":[-3.69333,40.49573]},"properties":{"stop_id":"2689","stop_code":"2689","stop_name":"Fuencarral","routes":["066","137"]}},{"type":"Feature","geometry":{"type":"Point","coordinates":[-3.69612,40.49579]},"properties":{"stop_id":"2690","stop_code":"2690","stop_name":"Braille - Caldas De Estrach","routes":["066","137"]}},{"type":"Feature","geometry":{"type":"Point","coordinates":[-3.6966,40.4967]},"properties":{"stop_id":"2691","stop_code":"2691","stop_name":"Fuencarral","routes":["137"]}},{"type":"Feature","geometry":{"type":"Point","coordinates":[-3.69892,40.44649]},"properties":{"stop_id":"2693","stop_code":"2693","stop_name":"Fernández Villaverde - Ponzano","routes":["068","149","529"]}},{"type":"Feature","geometry":{"type":"Point","coordinates":[-3.69822,40.44675]},"properties":{"stop_id":"2694","stop_code":"2694","stop_name":"Fernández Villaverde - Aviador Zorita","routes":["069","149","530"]}},{"type":"Feature","geometry":{"type":"Point","coordinates":[-3.69626,40.44636]},"properties":{"stop_id":"2695","stop_code":"2695","stop_name":"Fernández Villaverde - Alonso Cano","routes":["068"]}},{"type":"Feature","geometry":{"type":"Point","coordinates":[-3.69237,40.44617]},"properties":{"stop_id":"2696","stop_code":"2696","stop_name":"Nuevos Ministerios","routes":["068","529","870","881"]}},{"type":"Feature","geometry":{"type":"Point","coordinates":[-3.69216,40.44646]},"properties":{"stop_id":"2697","stop_code":"2697","stop_name":"Nuevos Ministerios","routes":["069","530","869"]}},{"type":"Feature","geometry":{"type":"Point","coordinates":[-3.68326,40.44281]},"properties":{"stop_id":"2698","stop_code":"2698","stop_name":"Joaquín Costa - Velázquez","routes":["068","529"]}},{"type":"Feature","geometry":{"type":"Point","coordinates":[-3.67939,40.4391]},"properties":{"stop_id":"2700","stop_code":"2700","stop_name":"Francisco Silvela - Príncipe De Vergara","routes":["068","529"]}},{"type":"Feature","geometry":{"type":"Point","coordinates":[-3.67957,40.43978]},"properties":{"stop_id":"2701","stop_code":"2701","stop_name":"Francisco Silvela - Príncipe De Vergara","routes":["069","530"]}},{"type":"Feature","geometry":{"type":"Point","coordinates":[-3.66856,40.4237]},"properties":{"stop_id":"2702","stop_code":"2702","stop_name":"Casa De La Moneda","routes":["069"]}},{"type":"Feature","geometry":{"type":"Point","coordinates":[-3.67558,40.42333]},"properties":{"stop_id":"2703","stop_code":"2703","stop_name":"Jorge Juan - Felipe II","routes":["069"]}},{"type":"Feature","geometry":{"type":"Point","coordinates":[-3.71756,40.44015]},"properties":{"stop_id":"2704","stop_code":"2704","stop_name":"Hospital Clínico","routes":["068","529"]}},{"type":"Feature","geometry":{"type":"Point","coordinates":[-3.71814,40.44075]},"properties":{"stop_id":"2705","stop_code":"2705","stop_name":"Hospital Clínico","routes":["069","530"]}},{"type":"Feature","geometry":{"type":"Point","coordinates":[-3.7192,40.44309]},"properties":{"stop_id":"2706","stop_code":"2706","stop_name":"Isaac Peral - Julián Romea","routes":["068"]}},{"type":"Feature","geometry":{"type":"Point","coordinates":[-3.71933,40.44296]},"properties":{"stop_id":"2707","stop_code":"2707","stop_name":"Isaac Peral - Julián Romea","routes":["069"]}},{"type":"Feature","geometry":{"type":"Point","coordinates":[-3.71982,40.44549]},"properties":{"stop_id":"2709","stop_code":"2709","stop_name":"Marqués De Comillas","routes":["069"]}},{"type":"Feature","geometry":{"type":"Point","coordinates":[-3.71874,40.44617]},"properties":{"stop_id":"2710","stop_code":"2710","stop_name":"Vicente Aleixandre","routes":["068","529"]}},{"type":"Feature","geometry":{"type":"Point","coordinates":[-3.69839,40.41745]},"properties":{"stop_id":"2711","stop_code":"2711","stop_name":"Sol - Sevilla","routes":["015","020"]}},{"type":"Feature","geometry":{"type":"Point","coordinates":[-3.7138,40.44663]},"properties":{"stop_id":"2712","stop_code":"2712","stop_name":"Beatriz De Bobadilla","routes":["069","091"]}},{"type":"Feature","geometry":{"type":"Point","coordinates":[-3.71698,40.44838]},"properties":{"stop_id":"2713","stop_code":"2713","stop_name":"Juan XXIII","routes":["069"]}},{"type":"Feature","geometry":{"type":"Point","coordinates":[-3.65771,40.41549]},"properties":{"stop_id":"2714","stop_code":"2714","stop_name":"Félix Rodríguez De La Fuente","routes":["071"]}},{"type":"Feature","geometry":{"type":"Point","coordinates":[-3.65755,40.41517]},"properties":{"stop_id":"2715","stop_code":"2715","stop_name":"Félix Rodríguez De La Fuente","routes":["071"]}},{"type":"Feature","geometry":{"type":"Point","coordinates":[-3.65677,40.41323]},"properties":{"stop_id":"2716","stop_code":"2716","stop_name":"García Tapia - Diego Valderrábano","routes":["071"]}},{"type":"Feature","geometry":{"type":"Point","coordinates":[-3.65702,40.41347]},"properties":{"stop_id":"2717","stop_code":"2717","stop_name":"García Tapia - Diego Valderrábano","routes":["071"]}},{"type":"Feature","geometry":{"type":"Point","coordinates":[-3.65362,40.41223]},"properties":{"stop_id":"2718","stop_code":"2718","stop_name":"García Tapia - Media Legua","routes":["071"]}},{"type":"Feature","geometry":{"type":"Point","coordinates":[-3.65349,40.4124]},"properties":{"stop_id":"2719","stop_code":"2719","stop_name":"García Tapia - Media Legua","routes":["071"]}},{"type":"Feature","geometry":{"type":"Point","coordinates":[-3.65245,40.41072]},"properties":{"stop_id":"2720","stop_code":"2720","stop_name":"Arroyo Belincoso - Vinateros","routes":["071"]}},{"type":"Feature","geometry":{"type":"Point","coordinates":[-3.65222,40.41082]},"properties":{"stop_id":"2721","stop_code":"2721","stop_name":"Arroyo Belincoso - Vinateros","routes":["071"]}},{"type":"Feature","geometry":{"type":"Point","coordinates":[-3.64807,40.40899]},"properties":{"stop_id":"2722","stop_code":"2722","stop_name":"Vinateros - Marroquina","routes":["071"]}},{"type":"Feature","geometry":{"type":"Point","coordinates":[-3.6471,40.40884]},"properties":{"stop_id":"2723","stop_code":"2723","stop_name":"Vinateros - Marroquina","routes":["071"]}},{"type":"Feature","geometry":{"type":"Point","coordinates":[-3.645,40.40731]},"properties":{"stop_id":"2724","stop_code":"2724","stop_name":"Avenida Moratalaz - Vinateros","routes":["071"]}},{"type":"Feature","geometry":{"type":"Point","coordinates":[-3.64519,40.40771]},"properties":{"stop_id":"2725","stop_code":"2725","stop_name":"Avenida Moratalaz - Vinateros","routes":["071"]}},{"type":"Feature","geometry":{"type":"Point","coordinates":[-3.65026,40.40966]},"properties":{"stop_id":"2726","stop_code":"2726","stop_name":"Vinateros - Señor De La Elipa","routes":["071"]}},{"type":"Feature","geometry":{"type":"Point","coordinates":[-3.65014,40.40989]},"properties":{"stop_id":"2727","stop_code":"2727","stop_name":"Vinateros - Señor De La Elipa","routes":["071"]}},{"type":"Feature","geometry":{"type":"Point","coordinates":[-3.63697,40.40124]},"properties":{"stop_id":"2728","stop_code":"2728","stop_name":"Fuente Carrantona - Hacienda De Pavones","routes":["071"]}},{"type":"Feature","geometry":{"type":"Point","coordinates":[-3.63687,40.40134]},"properties":{"stop_id":"2729","stop_code":"2729","stop_name":"Fuente Carrantona - Hacienda De Pavones","routes":["071"]}},{"type":"Feature","geometry":{"type":"Point","coordinates":[-3.63343,40.40007]},"properties":{"stop_id":"2730","stop_code":"2730","stop_name":"Centro De Especialidades De Moratalaz","routes":["020","030","032","071"]}},{"type":"Feature","geometry":{"type":"Point","coordinates":[-3.63355,40.40035]},"properties":{"stop_id":"2731","stop_code":"2731","stop_name":"Centro De Especialidades De Moratalaz","routes":["020","030","032","071"]}},{"type":"Feature","geometry":{"type":"Point","coordinates":[-3.67166,40.4404]},"properties":{"stop_id":"2732","stop_code":"2732","stop_name":"Corazón De María - Padre Xifré","routes":["072"]}},{"type":"Feature","geometry":{"type":"Point","coordinates":[-3.66886,40.44205]},"properties":{"stop_id":"2733","stop_code":"2733","stop_name":"Corazón De María - Cardenal Siliceo","routes":["072"]}},{"type":"Feature","geometry":{"type":"Point","coordinates":[-3.64487,40.47354]},"properties":{"stop_id":"2734","stop_code":"2734","stop_name":"Mar Caspio - Mar Negro","routes":["072","502"]}},{"type":"Feature","geometry":{"type":"Point","coordinates":[-3.6432,40.47323]},"properties":{"stop_id":"2735","stop_code":"2735","stop_name":"Mar Caspio - Liberación","routes":["072"]}},{"type":"Feature","geometry":{"type":"Point","coordinates":[-3.63932,40.47247]},"properties":{"stop_id":"2736","stop_code":"2736","stop_name":"Glorieta Charala","routes":["072","087","502"]}},{"type":"Feature","geometry":{"type":"Point","coordinates":[-3.63944,40.47266]},"properties":{"stop_id":"2737","stop_code":"2737","stop_name":"Glorieta Charala","routes":["087"]}},{"type":"Feature","geometry":{"type":"Point","coordinates":[-3.6375,40.47238]},"properties":{"stop_id":"2738","stop_code":"2738","stop_name":"Bucaramanga - Centro Comercial","routes":["072","087"]}},{"type":"Feature","geometry":{"type":"Point","coordinates":[-3.63759,40.47249]},"properties":{"stop_id":"2739","stop_code":"2739","stop_name":"Bucaramanga - Centro Comercial","routes":["087"]}},{"type":"Feature","geometry":{"type":"Point","coordinates":[-3.63512,40.47339]},"properties":{"stop_id":"2740","stop_code":"2740","stop_name":"Zipaquirá","routes":["072"]}},{"type":"Feature","geometry":{"type":"Point","coordinates":[-3.63344,40.47236]},"properties":{"stop_id":"2741","stop_code":"2741","stop_name":"Hortaleza","routes":["072"]}},{"type":"Feature","geometry":{"type":"Point","coordinates":[-3.63667,40.47422]},"properties":{"stop_id":"2742","stop_code":"2742","stop_name":"Manizales","routes":["072","087","502"]}},{"type":"Feature","geometry":{"type":"Point","coordinates":[-3.63699,40.47353]},"properties":{"stop_id":"2743","stop_code":"2743","stop_name":"Manizales","routes":["087"]}},{"type":"Feature","geometry":{"type":"Point","coordinates":[-3.63899,40.4751]},"properties":{"stop_id":"2744","stop_code":"2744","stop_name":"San Lorenzo","routes":["072","087","502"]}},{"type":"Feature","geometry":{"type":"Point","coordinates":[-3.63884,40.47476]},"properties":{"stop_id":"2745","stop_code":"2745","stop_name":"San Lorenzo","routes":["087"]}},{"type":"Feature","geometry":{"type":"Point","coordinates":[-3.72359,40.43278]},"properties":{"stop_id":"2746","stop_code":"2746","stop_name":"Ferraz - Paseo De Moret","routes":["062"]}},{"type":"Feature","geometry":{"type":"Point","coordinates":[-3.64155,40.47444]},"properties":{"stop_id":"2747","stop_code":"2747","stop_name":"Mar Amarillo","routes":["072"]}},{"type":"Feature","geometry":{"type":"Point","coordinates":[-3.64457,40.47395]},"properties":{"stop_id":"2748","stop_code":"2748","stop_name":"Mar De Las Antillas - Mar Negro","routes":["072"]}},{"type":"Feature","geometry":{"type":"Point","coordinates":[-3.66796,40.44699]},"properties":{"stop_id":"2749","stop_code":"2749","stop_name":"Clara Del Rey - Ramos Carrión","routes":["072"]}},{"type":"Feature","geometry":{"type":"Point","coordinates":[-3.66852,40.44479]},"properties":{"stop_id":"2750","stop_code":"2750","stop_name":"Clara Del Rey - Santa Hortensia","routes":["072"]}},{"type":"Feature","geometry":{"type":"Point","coordinates":[-3.67014,40.44268]},"properties":{"stop_id":"2751","stop_code":"2751","stop_name":"Clara Del Rey - Cardenal Silíceo","routes":["072"]}},{"type":"Feature","geometry":{"type":"Point","coordinates":[-3.67261,40.44092]},"properties":{"stop_id":"2752","stop_code":"2752","stop_name":"Clara Del Rey - Padre Xifré","routes":["072"]}},{"type":"Feature","geometry":{"type":"Point","coordinates":[-3.71857,40.42762]},"properties":{"stop_id":"2753","stop_code":"2753","stop_name":"Ferraz - Quintana","routes":["062","074"]}},{"type":"Feature","geometry":{"type":"Point","coordinates":[-3.65715,40.46322]},"properties":{"stop_id":"2756","stop_code":"2756","stop_name":"Junta Municipal De Hortaleza","routes":["073","503"]}},{"type":"Feature","geometry":{"type":"Point","coordinates":[-3.65372,40.46355]},"properties":{"stop_id":"2757","stop_code":"2757","stop_name":"Carretera De Canillas - Carril Del Conde","routes":["073","503"]}},{"type":"Feature","geometry":{"type":"Point","coordinates":[-3.65337,40.46376]},"properties":{"stop_id":"2758","stop_code":"2758","stop_name":"Carretera De Canillas - Carril Del Conde","routes":["073","503"]}},{"type":"Feature","geometry":{"type":"Point","coordinates":[-3.65083,40.46291]},"properties":{"stop_id":"2759","stop_code":"2759","stop_name":"Carretera De Canillas - Benita Ávila","routes":["073","503"]}},{"type":"Feature","geometry":{"type":"Point","coordinates":[-3.65107,40.46312]},"properties":{"stop_id":"2760","stop_code":"2760","stop_name":"Carretera De Canillas - Benita Ávila","routes":["073","503"]}},{"type":"Feature","geometry":{"type":"Point","coordinates":[-3.64771,40.46314]},"properties":{"stop_id":"2761","stop_code":"2761","stop_name":"Carretera De Canillas - Gomeznarro","routes":["073","503"]}},{"type":"Feature","geometry":{"type":"Point","coordinates":[-3.64759,40.46329]},"properties":{"stop_id":"2762","stop_code":"2762","stop_name":"Carretera De Canillas - Gomeznarro","routes":["073","503"]}},{"type":"Feature","geometry":{"type":"Point","coordinates":[-3.64499,40.46383]},"properties":{"stop_id":"2763","stop_code":"2763","stop_name":"Carretera De Canillas - Utrillas","routes":["073","503"]}},{"type":"Feature","geometry":{"type":"Point","coordinates":[-3.64585,40.46374]},"properties":{"stop_id":"2764","stop_code":"2764","stop_name":"Carretera De Canillas - Utrillas","routes":["073","503"]}},{"type":"Feature","geometry":{"type":"Point","coordinates":[-3.64158,40.46484]},"properties":{"stop_id":"2765","stop_code":"2765","stop_name":"Carretera De Canillas - Torquemada","routes":["073","503"]}},{"type":"Feature","geometry":{"type":"Point","coordinates":[-3.6417,40.46506]},"properties":{"stop_id":"2766","stop_code":"2766","stop_name":"Carretera De Canillas - Torquemada","routes":["073","503"]}},{"type":"Feature","geometry":{"type":"Point","coordinates":[-3.63758,40.46515]},"properties":{"stop_id":"2767","stop_code":"2767","stop_name":"Emigrantes - Carretera De Canillas","routes":["073","503"]}},{"type":"Feature","geometry":{"type":"Point","coordinates":[-3.63631,40.46534]},"properties":{"stop_id":"2768","stop_code":"2768","stop_name":"Emigrantes - Carretera De Canillas","routes":["073","503"]}},{"type":"Feature","geometry":{"type":"Point","coordinates":[-3.6291,40.46259]},"properties":{"stop_id":"2769","stop_code":"2769","stop_name":"Plaza Andrés Jaúregui","routes":["073"]}},{"type":"Feature","geometry":{"type":"Point","coordinates":[-3.62874,40.46274]},"properties":{"stop_id":"2770","stop_code":"2770","stop_name":"Plaza Andrés Jaúregui","routes":["073","503"]}},{"type":"Feature","geometry":{"type":"Point","coordinates":[-3.62569,40.46256]},"properties":{"stop_id":"2771","stop_code":"2771","stop_name":"Silvano - Haendel","routes":["073","503"]}},{"type":"Feature","geometry":{"type":"Point","coordinates":[-3.62574,40.46274]},"properties":{"stop_id":"2772","stop_code":"2772","stop_name":"Silvano - Haendel","routes":["073","503"]}},{"type":"Feature","geometry":{"type":"Point","coordinates":[-3.71573,40.42646]},"properties":{"stop_id":"2777","stop_code":"2777","stop_name":"Evaristo San Miguel","routes":["074"]}},{"type":"Feature","geometry":{"type":"Point","coordinates":[-3.66638,40.43235]},"properties":{"stop_id":"2778","stop_code":"2778","stop_name":"Avenida De Los Toreros","routes":["074"]}},{"type":"Feature","geometry":{"type":"Point","coordinates":[-3.66702,40.43245]},"properties":{"stop_id":"2779","stop_code":"2779","stop_name":"Avenida De Los Toreros","routes":["074"]}},{"type":"Feature","geometry":{"type":"Point","coordinates":[-3.71993,40.42904]},"properties":{"stop_id":"2785","stop_code":"2785","stop_name":"Marqués De Urquijo - Teleférico","routes":["062","074"]}},{"type":"Feature","geometry":{"type":"Point","coordinates":[-3.72181,40.43094]},"properties":{"stop_id":"2786","stop_code":"2786","stop_name":"Ferraz - Romero Robledo","routes":["062","074"]}},{"type":"Feature","geometry":{"type":"Point","coordinates":[-3.6825,40.47151]},"properties":{"stop_id":"2788","stop_code":"2788","stop_name":"Chamartín","routes":["005"]}},{"type":"Feature","geometry":{"type":"Point","coordinates":[-3.69413,40.394]},"properties":{"stop_id":"2793","stop_code":"2793","stop_name":"Beata","routes":["076"]}},{"type":"Feature","geometry":{"type":"Point","coordinates":[-3.6962,40.37142]},"properties":{"stop_id":"2794","stop_code":"2794","stop_name":"Avenida Poblados - Eduardo Barreiros","routes":["076","515"]}},{"type":"Feature","geometry":{"type":"Point","coordinates":[-3.70239,40.35921]},"properties":{"stop_id":"2795","stop_code":"2795","stop_name":"Eduardo Barreiros - Psa","routes":["076"]}},{"type":"Feature","geometry":{"type":"Point","coordinates":[-3.70228,40.35916]},"properties":{"stop_id":"2796","stop_code":"2796","stop_name":"Eduardo Barreiros - Psa","routes":["076"]}},{"type":"Feature","geometry":{"type":"Point","coordinates":[-3.69731,40.36679]},"properties":{"stop_id":"2797","stop_code":"2797","stop_name":"Eduardo Barreiros - Salvador Martínez","routes":["076","116"]}},{"type":"Feature","geometry":{"type":"Point","coordinates":[-3.69715,40.36676]},"properties":{"stop_id":"2798","stop_code":"2798","stop_name":"Eduardo Barreiros - Salvador Martínez","routes":["076"]}},{"type":"Feature","geometry":{"type":"Point","coordinates":[-3.69833,40.36542]},"properties":{"stop_id":"2799","stop_code":"2799","stop_name":"Eduardo Barreiros - Centro De Salud","routes":["076","116"]}},{"type":"Feature","geometry":{"type":"Point","coordinates":[-3.69653,40.36819]},"properties":{"stop_id":"2801","stop_code":"2801","stop_name":"Eduardo Barreiros - Avenida De Los Rosales","routes":["076","078"]}},{"type":"Feature","geometry":{"type":"Point","coordinates":[-3.69636,40.36823]},"properties":{"stop_id":"2802","stop_code":"2802","stop_name":"Eduardo Barreiros - Avenida De Los Rosales","routes":["076","078"]}},{"type":"Feature","geometry":{"type":"Point","coordinates":[-3.70028,40.36253]},"properties":{"stop_id":"2803","stop_code":"2803","stop_name":"Eduardo Barreiros - Corte De Faraón","routes":["076","116"]}},{"type":"Feature","geometry":{"type":"Point","coordinates":[-3.70016,40.36245]},"properties":{"stop_id":"2804","stop_code":"2804","stop_name":"Eduardo Barreiros - Corte De Faraón","routes":["076"]}},{"type":"Feature","geometry":{"type":"Point","coordinates":[-3.70526,40.35394]},"properties":{"stop_id":"2807","stop_code":"2807","stop_name":"Parque De Ingenieros","routes":["076"]}},{"type":"Feature","geometry":{"type":"Point","coordinates":[-3.70507,40.35392]},"properties":{"stop_id":"2808","stop_code":"2808","stop_name":"Parque De Ingenieros","routes":["076"]}},{"type":"Feature","geometry":{"type":"Point","coordinates":[-3.74803,40.36457]},"properties":{"stop_id":"2809","stop_code":"2809","stop_name":"Euro - Maravedí","routes":["155"]}},{"type":"Feature","geometry":{"type":"Point","coordinates":[-3.70984,40.34955]},"properties":{"stop_id":"2810","stop_code":"2810","stop_name":"Junta Municipal Villaverde","routes":["076"]}},{"type":"Feature","geometry":{"type":"Point","coordinates":[-3.70966,40.34933]},"properties":{"stop_id":"2811","stop_code":"2811","stop_name":"Junta Municipal Villaverde","routes":["076","514"]}},{"type":"Feature","geometry":{"type":"Point","coordinates":[-3.71323,40.34937]},"properties":{"stop_id":"2812","stop_code":"2812","stop_name":"Villalonso - Puebla De Sanabria","routes":["076"]}},{"type":"Feature","geometry":{"type":"Point","coordinates":[-3.71298,40.34913]},"properties":{"stop_id":"2813","stop_code":"2813","stop_name":"Villalonso - Puebla De Sanabria","routes":["076","514"]}},{"type":"Feature","geometry":{"type":"Point","coordinates":[-3.71578,40.34922]},"properties":{"stop_id":"2814","stop_code":"2814","stop_name":"Plata Y Castañar","routes":["076"]}},{"type":"Feature","geometry":{"type":"Point","coordinates":[-3.71596,40.34903]},"properties":{"stop_id":"2815","stop_code":"2815","stop_name":"Plata Y Castañar","routes":["076"]}},{"type":"Feature","geometry":{"type":"Point","coordinates":[-3.71753,40.35151]},"properties":{"stop_id":"2816","stop_code":"2816","stop_name":"Villaverde Alto","routes":["076"]}},{"type":"Feature","geometry":{"type":"Point","coordinates":[-3.6997,40.40124]},"properties":{"stop_id":"2818","stop_code":"2818","stop_name":"Embajadores - Santa María De La Cabeza","routes":["060","078","148","517"]}},{"type":"Feature","geometry":{"type":"Point","coordinates":[-3.70011,40.40217]},"properties":{"stop_id":"2819","stop_code":"2819","stop_name":"Embajadores - Santa María De La Cabeza","routes":["060","078","148","517"]}},{"type":"Feature","geometry":{"type":"Point","coordinates":[-3.70355,40.38053]},"properties":{"stop_id":"2820","stop_code":"2820","stop_name":"Cristo De La Victoria - Ferroviarios","routes":["078"]}},{"type":"Feature","geometry":{"type":"Point","coordinates":[-3.70328,40.38053]},"properties":{"stop_id":"2821","stop_code":"2821","stop_name":"Cristo De La Victoria - Ferroviarios","routes":["078"]}},{"type":"Feature","geometry":{"type":"Point","coordinates":[-3.70621,40.37937]},"properties":{"stop_id":"2822","stop_code":"2822","stop_name":"Cristo De La Victoria - Jaspe","routes":["078"]}},{"type":"Feature","geometry":{"type":"Point","coordinates":[-3.70615,40.37924]},"properties":{"stop_id":"2823","stop_code":"2823","stop_name":"Cristo De La Victoria - Jaspe","routes":["078"]}},{"type":"Feature","geometry":{"type":"Point","coordinates":[-3.71199,40.3699]},"properties":{"stop_id":"2824","stop_code":"2824","stop_name":"Unidad","routes":["078","081","116","515"]}},{"type":"Feature","geometry":{"type":"Point","coordinates":[-3.71199,40.37]},"properties":{"stop_id":"2825","stop_code":"2825","stop_name":"Unidad","routes":["078","081","116"]}},{"type":"Feature","geometry":{"type":"Point","coordinates":[-3.70553,40.36938]},"properties":{"stop_id":"2828","stop_code":"2828","stop_name":"Plaza De La Asociación","routes":["078","081","116","515"]}},{"type":"Feature","geometry":{"type":"Point","coordinates":[-3.70594,40.36975]},"properties":{"stop_id":"2829","stop_code":"2829","stop_name":"Plaza De La Asociación","routes":["078","081","116"]}},{"type":"Feature","geometry":{"type":"Point","coordinates":[-3.7036,40.36919]},"properties":{"stop_id":"2830","stop_code":"2830","stop_name":"Campotejar - Gran Avenida","routes":["078","116","515"]}},{"type":"Feature","geometry":{"type":"Point","coordinates":[-3.70334,40.36946]},"properties":{"stop_id":"2831","stop_code":"2831","stop_name":"Campotejar - Nivar","routes":["078","116"]}},{"type":"Feature","geometry":{"type":"Point","coordinates":[-3.70391,40.36787]},"properties":{"stop_id":"2832","stop_code":"2832","stop_name":"Orcasitas","routes":["078","116","515"]}},{"type":"Feature","geometry":{"type":"Point","coordinates":[-3.70372,40.36741]},"properties":{"stop_id":"2833","stop_code":"2833","stop_name":"Orcasitas","routes":["078","116"]}},{"type":"Feature","geometry":{"type":"Point","coordinates":[-3.70145,40.36815]},"properties":{"stop_id":"2835","stop_code":"2835","stop_name":"Plaza Del Pueblo","routes":["078","116"]}},{"type":"Feature","geometry":{"type":"Point","coordinates":[-3.69779,40.3671]},"properties":{"stop_id":"2836","stop_code":"2836","stop_name":"Eduardo Barreiros - Salvador Martínez","routes":["078","116"]}},{"type":"Feature","geometry":{"type":"Point","coordinates":[-3.7019,40.36699]},"properties":{"stop_id":"2838","stop_code":"2838","stop_name":"Avenida Orcasur - Fernando Ortiz","routes":["078","116"]}},{"type":"Feature","geometry":{"type":"Point","coordinates":[-3.69202,40.36836]},"properties":{"stop_id":"2839","stop_code":"2839","stop_name":"Glorieta San Martín De La Vega","routes":["023","078","123","512"]}},{"type":"Feature","geometry":{"type":"Point","coordinates":[-3.69835,40.36772]},"properties":{"stop_id":"2840","stop_code":"2840","stop_name":"Moreja","routes":["078","116"]}},{"type":"Feature","geometry":{"type":"Point","coordinates":[-3.6996,40.36978]},"properties":{"stop_id":"2841","stop_code":"2841","stop_name":"Avenida Orcasur - Graena","routes":["078","116"]}},{"type":"Feature","geometry":{"type":"Point","coordinates":[-3.71222,40.37274]},"properties":{"stop_id":"2842","stop_code":"2842","stop_name":"Rafaela Ybarra - Cestona","routes":["078","081","116","131"]}},{"type":"Feature","geometry":{"type":"Point","coordinates":[-3.69303,40.3418]},"properties":{"stop_id":"2843","stop_code":"2843","stop_name":"Metro San Cristóbal","routes":["079"]}},{"type":"Feature","geometry":{"type":"Point","coordinates":[-3.69262,40.34142]},"properties":{"stop_id":"2844","stop_code":"2844","stop_name":"Metro San Cristóbal","routes":["079"]}},{"type":"Feature","geometry":{"type":"Point","coordinates":[-3.69447,40.33624]},"properties":{"stop_id":"2845","stop_code":"2845","stop_name":"Avenida De Andalucía - Resina","routes":["079"]}},{"type":"Feature","geometry":{"type":"Point","coordinates":[-3.694,40.3361]},"properties":{"stop_id":"2846","stop_code":"2846","stop_name":"Avenida De Andalucía - Resina","routes":["079"]}},{"type":"Feature","geometry":{"type":"Point","coordinates":[-3.70045,40.3361]},"properties":{"stop_id":"2847","stop_code":"2847","stop_name":"Resina - San Eustaquio","routes":["079"]}},{"type":"Feature","geometry":{"type":"Point","coordinates":[-3.69903,40.33598]},"properties":{"stop_id":"2848","stop_code":"2848","stop_name":"Villaverde Alto","routes":["079","514"]}},{"type":"Feature","geometry":{"type":"Point","coordinates":[-3.70209,40.33778]},"properties":{"stop_id":"2849","stop_code":"2849","stop_name":"San Cesareo - San Eustaquio","routes":["079"]}},{"type":"Feature","geometry":{"type":"Point","coordinates":[-3.70607,40.33777]},"properties":{"stop_id":"2850","stop_code":"2850","stop_name":"San Cesareo - San Erasmo","routes":["079"]}},{"type":"Feature","geometry":{"type":"Point","coordinates":[-3.70745,40.34218]},"properties":{"stop_id":"2852","stop_code":"2852","stop_name":"Domimgo Párraga - Real De Pinto","routes":["079","514"]}},{"type":"Feature","geometry":{"type":"Point","coordinates":[-3.70653,40.33935]},"properties":{"stop_id":"2855","stop_code":"2855","stop_name":"San Norberto - Parque Bomberos","routes":["079"]}},{"type":"Feature","geometry":{"type":"Point","coordinates":[-3.71401,40.34327]},"properties":{"stop_id":"2856","stop_code":"2856","stop_name":"Astillero","routes":["079","514"]}},{"type":"Feature","geometry":{"type":"Point","coordinates":[-3.71425,40.34284]},"properties":{"stop_id":"2857","stop_code":"2857","stop_name":"Astillero","routes":["079","514"]}},{"type":"Feature","geometry":{"type":"Point","coordinates":[-3.70583,40.33963]},"properties":{"stop_id":"2858","stop_code":"2858","stop_name":"San Norberto - Parque Bomberos","routes":["079"]}},{"type":"Feature","geometry":{"type":"Point","coordinates":[-3.70183,40.33921]},"properties":{"stop_id":"2859","stop_code":"2859","stop_name":"San Eustaquio - San Norberto","routes":["079"]}},{"type":"Feature","geometry":{"type":"Point","coordinates":[-3.69296,40.33394]},"properties":{"stop_id":"2860","stop_code":"2860","stop_name":"Avenida De Andalucía - Marconi","routes":["079"]}},{"type":"Feature","geometry":{"type":"Point","coordinates":[-3.74474,40.36532]},"properties":{"stop_id":"2861","stop_code":"2861","stop_name":"Euro - Duro","routes":["155"]}},{"type":"Feature","geometry":{"type":"Point","coordinates":[-3.69249,40.33775]},"properties":{"stop_id":"2862","stop_code":"2862","stop_name":"Cuartel De San Cristóbal","routes":["079"]}},{"type":"Feature","geometry":{"type":"Point","coordinates":[-3.74289,40.36688]},"properties":{"stop_id":"2863","stop_code":"2863","stop_name":"Euro - Peso Hispano","routes":["155"]}},{"type":"Feature","geometry":{"type":"Point","coordinates":[-3.7064,40.50346]},"properties":{"stop_id":"2864","stop_code":"2864","stop_name":"Monasterio Silos - Monasterio Huelgas","routes":["134","170","178","523"]}},{"type":"Feature","geometry":{"type":"Point","coordinates":[-3.70454,40.37082]},"properties":{"stop_id":"2868","stop_code":"2868","stop_name":"Avenida De Los Poblados - Expropiación","routes":["081"]}},{"type":"Feature","geometry":{"type":"Point","coordinates":[-3.7049,40.37067]},"properties":{"stop_id":"2869","stop_code":"2869","stop_name":"Avenida De Los Poblados - Expropiación","routes":["081"]}},{"type":"Feature","geometry":{"type":"Point","coordinates":[-3.70257,40.37375]},"properties":{"stop_id":"2870","stop_code":"2870","stop_name":"Tolosa Latour - Acceso 12 Octubre","routes":["081","121"]}},{"type":"Feature","geometry":{"type":"Point","coordinates":[-3.69918,40.37519]},"properties":{"stop_id":"2871","stop_code":"2871","stop_name":"Hospital 12 De Octubre","routes":["081","121"]}},{"type":"Feature","geometry":{"type":"Point","coordinates":[-3.69658,40.37567]},"properties":{"stop_id":"2872","stop_code":"2872","stop_name":"Hospital 12 Octubre","routes":["081","121"]}},{"type":"Feature","geometry":{"type":"Point","coordinates":[-3.69708,40.37107]},"properties":{"stop_id":"2873","stop_code":"2873","stop_name":"Avenida Poblados - Eduardo Barreiros","routes":["081","121"]}},{"type":"Feature","geometry":{"type":"Point","coordinates":[-3.69924,40.37114]},"properties":{"stop_id":"2874","stop_code":"2874","stop_name":"Avenida De Los Poblados - Avenida Orcasur","routes":["081","121","515"]}},{"type":"Feature","geometry":{"type":"Point","coordinates":[-3.70271,40.37126]},"properties":{"stop_id":"2875","stop_code":"2875","stop_name":"Avenida De Los Poblados - Tolosa Latour","routes":["081","121","515"]}},{"type":"Feature","geometry":{"type":"Point","coordinates":[-3.64185,40.42693]},"properties":{"stop_id":"2876","stop_code":"2876","stop_name":"Ezequiel Solana - Pedro Antonio Alarcón","routes":["109"]}},{"type":"Feature","geometry":{"type":"Point","coordinates":[-3.74149,40.36842]},"properties":{"stop_id":"2877","stop_code":"2877","stop_name":"Euro - Aguacate","routes":["155"]}},{"type":"Feature","geometry":{"type":"Point","coordinates":[-3.66167,40.46099]},"properties":{"stop_id":"2878","stop_code":"2878","stop_name":"Emilio Rubín","routes":["087"]}},{"type":"Feature","geometry":{"type":"Point","coordinates":[-3.65956,40.46282]},"properties":{"stop_id":"2879","stop_code":"2879","stop_name":"Montearagón","routes":["087"]}},{"type":"Feature","geometry":{"type":"Point","coordinates":[-3.65518,40.46672]},"properties":{"stop_id":"2880","stop_code":"2880","stop_name":"Luis Rosales","routes":["087"]}},{"type":"Feature","geometry":{"type":"Point","coordinates":[-3.6553,40.46692]},"properties":{"stop_id":"2881","stop_code":"2881","stop_name":"Luis Rosales","routes":["087"]}},{"type":"Feature","geometry":{"type":"Point","coordinates":[-3.65139,40.46714]},"properties":{"stop_id":"2882","stop_code":"2882","stop_name":"Gran Vía De Hortaleza - Haro","routes":["087"]}},{"type":"Feature","geometry":{"type":"Point","coordinates":[-3.65152,40.4674]},"properties":{"stop_id":"2883","stop_code":"2883","stop_name":"Gran Vía De Hortaleza - Haro","routes":["087"]}},{"type":"Feature","geometry":{"type":"Point","coordinates":[-3.64769,40.46801]},"properties":{"stop_id":"2884","stop_code":"2884","stop_name":"Pinar Del Rey","routes":["087"]}},{"type":"Feature","geometry":{"type":"Point","coordinates":[-3.64802,40.46824]},"properties":{"stop_id":"2885","stop_code":"2885","stop_name":"Pinar Del Rey","routes":["087"]}},{"type":"Feature","geometry":{"type":"Point","coordinates":[-3.64333,40.46916]},"properties":{"stop_id":"2886","stop_code":"2886","stop_name":"Sandro Pertini","routes":["087"]}},{"type":"Feature","geometry":{"type":"Point","coordinates":[-3.6434,40.46947]},"properties":{"stop_id":"2887","stop_code":"2887","stop_name":"Gran Vía Hortaleza - Sandro Pertini","routes":["087"]}},{"type":"Feature","geometry":{"type":"Point","coordinates":[-3.63861,40.47024]},"properties":{"stop_id":"2888","stop_code":"2888","stop_name":"Mar Adriático","routes":["087"]}},{"type":"Feature","geometry":{"type":"Point","coordinates":[-3.63882,40.47018]},"properties":{"stop_id":"2889","stop_code":"2889","stop_name":"Mar De Cristal","routes":["087"]}},{"type":"Feature","geometry":{"type":"Point","coordinates":[-3.63627,40.47772]},"properties":{"stop_id":"2890","stop_code":"2890","stop_name":"Gregorio Sánchez Herráez","routes":["087","502"]}},{"type":"Feature","geometry":{"type":"Point","coordinates":[-3.63677,40.47779]},"properties":{"stop_id":"2891","stop_code":"2891","stop_name":"Gregorio Sánchez Herráez","routes":["087","502"]}},{"type":"Feature","geometry":{"type":"Point","coordinates":[-3.64823,40.47235]},"properties":{"stop_id":"2892","stop_code":"2892","stop_name":"Santos De La Humosa","routes":["120","125","172","372"]}},{"type":"Feature","geometry":{"type":"Point","coordinates":[-3.63118,40.48016]},"properties":{"stop_id":"2894","stop_code":"2894","stop_name":"Maruja Mallo - Montoro","routes":["087"]}},{"type":"Feature","geometry":{"type":"Point","coordinates":[-3.73973,40.36991]},"properties":{"stop_id":"2895","stop_code":"2895","stop_name":"Euro - Óbolo","routes":["155"]}},{"type":"Feature","geometry":{"type":"Point","coordinates":[-3.6286,40.47698]},"properties":{"stop_id":"2896","stop_code":"2896","stop_name":"Las Cárcavas","routes":["087"]}},{"type":"Feature","geometry":{"type":"Point","coordinates":[-3.62818,40.47942]},"properties":{"stop_id":"2897","stop_code":"2897","stop_name":"Grama","routes":["087"]}},{"type":"Feature","geometry":{"type":"Point","coordinates":[-3.63318,40.48236]},"properties":{"stop_id":"2899","stop_code":"2899","stop_name":"Murias De Paredes","routes":["087"]}},{"type":"Feature","geometry":{"type":"Point","coordinates":[-3.63415,40.484]},"properties":{"stop_id":"2900","stop_code":"2900","stop_name":"Moreruela","routes":["087"]}},{"type":"Feature","geometry":{"type":"Point","coordinates":[-3.63599,40.48343]},"properties":{"stop_id":"2901","stop_code":"2901","stop_name":"Mombuey","routes":["087"]}},{"type":"Feature","geometry":{"type":"Point","coordinates":[-3.66128,40.46422]},"properties":{"stop_id":"2903","stop_code":"2903","stop_name":"Emeterio Castaños","routes":["087"]}},{"type":"Feature","geometry":{"type":"Point","coordinates":[-3.66301,40.46268]},"properties":{"stop_id":"2904","stop_code":"2904","stop_name":"Arturo Soria - Emeterio Castaños","routes":["087"]}},{"type":"Feature","geometry":{"type":"Point","coordinates":[-3.69108,40.38774]},"properties":{"stop_id":"2905","stop_code":"2905","stop_name":"Bronce","routes":["062","148","156","180","453"]}},{"type":"Feature","geometry":{"type":"Point","coordinates":[-3.6909,40.38798]},"properties":{"stop_id":"2906","stop_code":"2906","stop_name":"Bronce","routes":["062","148","156","180","453"]}},{"type":"Feature","geometry":{"type":"Point","coordinates":[-3.69004,40.38648]},"properties":{"stop_id":"2907","stop_code":"2907","stop_name":"Nudo Sur","routes":["062","180","453"]}},{"type":"Feature","geometry":{"type":"Point","coordinates":[-3.68992,40.38671]},"properties":{"stop_id":"2908","stop_code":"2908","stop_name":"Nudo Sur","routes":["062","180","453"]}},{"type":"Feature","geometry":{"type":"Point","coordinates":[-3.67485,40.36778]},"properties":{"stop_id":"2909","stop_code":"2909","stop_name":"Santa Catalina","routes":["180","453"]}},{"type":"Feature","geometry":{"type":"Point","coordinates":[-3.67473,40.36816]},"properties":{"stop_id":"2910","stop_code":"2910","stop_name":"Santa Catalina","routes":["180","453"]}},{"type":"Feature","geometry":{"type":"Point","coordinates":[-3.61568,40.48213]},"properties":{"stop_id":"2911","stop_code":"2911","stop_name":"Valdebebas Cercanías","routes":["709","831"]}},{"type":"Feature","geometry":{"type":"Point","coordinates":[-3.61594,40.48251]},"properties":{"stop_id":"2912","stop_code":"2912","stop_name":"Valdebebas Cercanías","routes":["831"]}},{"type":"Feature","geometry":{"type":"Point","coordinates":[-3.69426,40.39091]},"properties":{"stop_id":"2916","stop_code":"2916","stop_name":"Legazpi","routes":["062","148","156","180","453","513"]}},{"type":"Feature","geometry":{"type":"Point","coordinates":[-3.67964,40.3948]},"properties":{"stop_id":"2917","stop_code":"2917","stop_name":"Estación Sur","routes":["102","148","152","511"]}},{"type":"Feature","geometry":{"type":"Point","coordinates":[-3.67882,40.3946]},"properties":{"stop_id":"2918","stop_code":"2918","stop_name":"Méndez Álvaro","routes":["102","152"]}},{"type":"Feature","geometry":{"type":"Point","coordinates":[-3.67817,40.3935]},"properties":{"stop_id":"2920","stop_code":"2920","stop_name":"Méndez Álvaro - Estación Sur","routes":["102","148","152","511"]}},{"type":"Feature","geometry":{"type":"Point","coordinates":[-3.67769,40.39353]},"properties":{"stop_id":"2921","stop_code":"2921","stop_name":"Méndez Álvaro - Terminal","routes":["152","511"]}},{"type":"Feature","geometry":{"type":"Point","coordinates":[-3.67486,40.39149]},"properties":{"stop_id":"2922","stop_code":"2922","stop_name":"Avenida De Entrevías - Méndez Álvaro","routes":["102","511"]}},{"type":"Feature","geometry":{"type":"Point","coordinates":[-3.67478,40.3916]},"properties":{"stop_id":"2923","stop_code":"2923","stop_name":"Avenida De Entrevías - Méndez Álvaro","routes":["102","511"]}},{"type":"Feature","geometry":{"type":"Point","coordinates":[-3.67191,40.38852]},"properties":{"stop_id":"2924","stop_code":"2924","stop_name":"Avenida De Entrevías - Convenio","routes":["102","511"]}},{"type":"Feature","geometry":{"type":"Point","coordinates":[-3.67174,40.38855]},"properties":{"stop_id":"2925","stop_code":"2925","stop_name":"Avenida De Entrevías - Convenio","routes":["102","511"]}},{"type":"Feature","geometry":{"type":"Point","coordinates":[-3.67101,40.38559]},"properties":{"stop_id":"2926","stop_code":"2926","stop_name":"Avenida De Entrevías - Mejorana","routes":["102","511"]}},{"type":"Feature","geometry":{"type":"Point","coordinates":[-3.67077,40.38551]},"properties":{"stop_id":"2927","stop_code":"2927","stop_name":"Avenida De Entrevías - Mejorana","routes":["102","511"]}},{"type":"Feature","geometry":{"type":"Point","coordinates":[-3.6711,40.38459]},"properties":{"stop_id":"2928","stop_code":"2928","stop_name":"Cardeñosa - Avenida De Entrevías","routes":["102","511"]}},{"type":"Feature","geometry":{"type":"Point","coordinates":[-3.67278,40.38226]},"properties":{"stop_id":"2929","stop_code":"2929","stop_name":"Cardeñosa - Lagartera","routes":["102","511"]}},{"type":"Feature","geometry":{"type":"Point","coordinates":[-3.67589,40.37998]},"properties":{"stop_id":"2930","stop_code":"2930","stop_name":"Ruidera - Bohonal","routes":["102","111"]}},{"type":"Feature","geometry":{"type":"Point","coordinates":[-3.67387,40.37841]},"properties":{"stop_id":"2931","stop_code":"2931","stop_name":"Ronda Sur - Santa Rafaela","routes":["102","111"]}},{"type":"Feature","geometry":{"type":"Point","coordinates":[-3.67301,40.37789]},"properties":{"stop_id":"2932","stop_code":"2932","stop_name":"Ronda Sur - Santa Rafaela","routes":["102","111"]}},{"type":"Feature","geometry":{"type":"Point","coordinates":[-3.66887,40.37678]},"properties":{"stop_id":"2933","stop_code":"2933","stop_name":"Serena - Campiña","routes":["102"]}},{"type":"Feature","geometry":{"type":"Point","coordinates":[-3.66233,40.37398]},"properties":{"stop_id":"2934","stop_code":"2934","stop_name":"Ronda Sur - Avenida De Las Glorietas","routes":["102","103","511"]}},{"type":"Feature","geometry":{"type":"Point","coordinates":[-3.73833,40.37191]},"properties":{"stop_id":"2935","stop_code":"2935","stop_name":"Euro - Enrique De Oro","routes":["155"]}},{"type":"Feature","geometry":{"type":"Point","coordinates":[-3.66598,40.37526]},"properties":{"stop_id":"2936","stop_code":"2936","stop_name":"Barros - Villuercas","routes":["102"]}},{"type":"Feature","geometry":{"type":"Point","coordinates":[-3.6694,40.37427]},"properties":{"stop_id":"2937","stop_code":"2937","stop_name":"Entrevías","routes":["102","111"]}},{"type":"Feature","geometry":{"type":"Point","coordinates":[-3.67123,40.37431]},"properties":{"stop_id":"2938","stop_code":"2938","stop_name":"Ronda Sur - Montánchez","routes":["102","111"]}},{"type":"Feature","geometry":{"type":"Point","coordinates":[-3.66979,40.3759]},"properties":{"stop_id":"2939","stop_code":"2939","stop_name":"Ronda Sur - Serena","routes":["102","111"]}},{"type":"Feature","geometry":{"type":"Point","coordinates":[-3.6758,40.37954]},"properties":{"stop_id":"2940","stop_code":"2940","stop_name":"Ruidera - Bohonal","routes":["102","111"]}},{"type":"Feature","geometry":{"type":"Point","coordinates":[-3.67223,40.38177]},"properties":{"stop_id":"2941","stop_code":"2941","stop_name":"Sierra Contraviesa - Lagartera","routes":["102","511"]}},{"type":"Feature","geometry":{"type":"Point","coordinates":[-3.67116,40.38349]},"properties":{"stop_id":"2942","stop_code":"2942","stop_name":"Sierra Contraviesa","routes":["102","511"]}},{"type":"Feature","geometry":{"type":"Point","coordinates":[-3.65796,40.38683]},"properties":{"stop_id":"2943","stop_code":"2943","stop_name":"Javier De Miguel - Costabona","routes":["310"]}},{"type":"Feature","geometry":{"type":"Point","coordinates":[-3.63529,40.4388]},"properties":{"stop_id":"2944","stop_code":"2944","stop_name":"Alcalá - General Aranaz","routes":["077","104"]}},{"type":"Feature","geometry":{"type":"Point","coordinates":[-3.63033,40.43993]},"properties":{"stop_id":"2945","stop_code":"2945","stop_name":"Alcalá - Alfonso Gómez","routes":["077","104","505"]}},{"type":"Feature","geometry":{"type":"Point","coordinates":[-3.63084,40.43999]},"properties":{"stop_id":"2946","stop_code":"2946","stop_name":"Alcalá - Alfonso Gómez","routes":["077","104","505"]}},{"type":"Feature","geometry":{"type":"Point","coordinates":[-3.62809,40.44054]},"properties":{"stop_id":"2947","stop_code":"2947","stop_name":"Suanzes","routes":["077","104","505"]}},{"type":"Feature","geometry":{"type":"Point","coordinates":[-3.62783,40.44082]},"properties":{"stop_id":"2948","stop_code":"2948","stop_name":"Suanzes","routes":["077","104","505"]}},{"type":"Feature","geometry":{"type":"Point","coordinates":[-3.62401,40.44166]},"properties":{"stop_id":"2949","stop_code":"2949","stop_name":"Alcalá - 25 De Septiembre","routes":["077","104","505"]}},{"type":"Feature","geometry":{"type":"Point","coordinates":[-3.62409,40.44184]},"properties":{"stop_id":"2950","stop_code":"2950","stop_name":"Alcalá - 25 De Septiembre","routes":["077","104"]}},{"type":"Feature","geometry":{"type":"Point","coordinates":[-3.61621,40.44393]},"properties":{"stop_id":"2951","stop_code":"2951","stop_name":"Alcalá - Avenida Canillejas","routes":["077","105","140","153","505"]}},{"type":"Feature","geometry":{"type":"Point","coordinates":[-3.61665,40.44402]},"properties":{"stop_id":"2952","stop_code":"2952","stop_name":"Alcalá - Avenida Canillejas","routes":["077","105","505"]}},{"type":"Feature","geometry":{"type":"Point","coordinates":[-3.61409,40.44541]},"properties":{"stop_id":"2953","stop_code":"2953","stop_name":"Alcalá - San Mariano","routes":["077","105","140","153","165","505"]}},{"type":"Feature","geometry":{"type":"Point","coordinates":[-3.61418,40.44559]},"properties":{"stop_id":"2954","stop_code":"2954","stop_name":"Alcalá - San Mariano","routes":["077","105","140","153","165","505"]}},{"type":"Feature","geometry":{"type":"Point","coordinates":[-3.6114,40.44713]},"properties":{"stop_id":"2955","stop_code":"2955","stop_name":"Alcalá - Esfinge","routes":["077","140","505"]}},{"type":"Feature","geometry":{"type":"Point","coordinates":[-3.60818,40.44906]},"properties":{"stop_id":"2956","stop_code":"2956","stop_name":"Canillejas","routes":["077","505"]}},{"type":"Feature","geometry":{"type":"Point","coordinates":[-3.74167,40.36856]},"properties":{"stop_id":"2960","stop_code":"2960","stop_name":"Euro - Aguacate","routes":["155"]}},{"type":"Feature","geometry":{"type":"Point","coordinates":[-3.7431,40.36697]},"properties":{"stop_id":"2961","stop_code":"2961","stop_name":"Euro - Peso Hispano","routes":["155"]}},{"type":"Feature","geometry":{"type":"Point","coordinates":[-3.7449,40.36545]},"properties":{"stop_id":"2962","stop_code":"2962","stop_name":"Euro - Duro","routes":["155"]}},{"type":"Feature","geometry":{"type":"Point","coordinates":[-3.74843,40.36294]},"properties":{"stop_id":"2964","stop_code":"2964","stop_name":"La Peseta - Maravedí","routes":["035","118","155","401","516"]}},{"type":"Feature","geometry":{"type":"Point","coordinates":[-3.75135,40.36232]},"properties":{"stop_id":"2965","stop_code":"2965","stop_name":"La Peseta - Corona","routes":["035","118","155","516"]}},{"type":"Feature","geometry":{"type":"Point","coordinates":[-3.71945,40.38608]},"properties":{"stop_id":"2966","stop_code":"2966","stop_name":"La Vía - Plaza Elíptica","routes":["055","081","517"]}},{"type":"Feature","geometry":{"type":"Point","coordinates":[-3.70278,40.42902]},"properties":{"stop_id":"2967","stop_code":"2967","stop_name":"Bilbao","routes":["021","147","363"]}},{"type":"Feature","geometry":{"type":"Point","coordinates":[-3.70239,40.50325]},"properties":{"stop_id":"2968","stop_code":"2968","stop_name":"Monasterio Silos - Monasterio Montesclaros","routes":["134","170","178","523"]}},{"type":"Feature","geometry":{"type":"Point","coordinates":[-3.58119,40.45113]},"properties":{"stop_id":"2969","stop_code":"2969","stop_name":"Barrio Aeropuerto","routes":["112","114","504"]}},{"type":"Feature","geometry":{"type":"Point","coordinates":[-3.69877,40.50345]},"properties":{"stop_id":"2970","stop_code":"2970","stop_name":"Monasterio Silos - Avenida Montecarmelo","routes":["134","170","178","523"]}},{"type":"Feature","geometry":{"type":"Point","coordinates":[-3.58185,40.45897]},"properties":{"stop_id":"2971","stop_code":"2971","stop_name":"Galeón - Bergantín","routes":["114","504"]}},{"type":"Feature","geometry":{"type":"Point","coordinates":[-3.58313,40.45934]},"properties":{"stop_id":"2972","stop_code":"2972","stop_name":"Plaza De La Goleta","routes":["114","504"]}},{"type":"Feature","geometry":{"type":"Point","coordinates":[-3.58592,40.45736]},"properties":{"stop_id":"2973","stop_code":"2973","stop_name":"Avenida De Cantabria - Bergantín","routes":["114","504"]}},{"type":"Feature","geometry":{"type":"Point","coordinates":[-3.58768,40.45649]},"properties":{"stop_id":"2974","stop_code":"2974","stop_name":"Avenida De Cantabria - Centro De Salud","routes":["112","114","115","151","504"]}},{"type":"Feature","geometry":{"type":"Point","coordinates":[-3.61443,40.44818]},"properties":{"stop_id":"2975","stop_code":"2975","stop_name":"Gutiérrez Canales","routes":["105","153"]}},{"type":"Feature","geometry":{"type":"Point","coordinates":[-3.61441,40.44835]},"properties":{"stop_id":"2976","stop_code":"2976","stop_name":"Gutiérrez Canales","routes":["105","153"]}},{"type":"Feature","geometry":{"type":"Point","coordinates":[-3.63687,40.43837]},"properties":{"stop_id":"2977","stop_code":"2977","stop_name":"Ciudad Lineal - Alcalá","routes":["077","104","505"]}},{"type":"Feature","geometry":{"type":"Point","coordinates":[-3.59889,40.45465]},"properties":{"stop_id":"2978","stop_code":"2978","stop_name":"Parque Del Capricho","routes":["101","105","151"]}},{"type":"Feature","geometry":{"type":"Point","coordinates":[-3.59483,40.45539]},"properties":{"stop_id":"2980","stop_code":"2980","stop_name":"Alameda De Osuna - Rambla","routes":["101","105","151"]}},{"type":"Feature","geometry":{"type":"Point","coordinates":[-3.59549,40.45538]},"properties":{"stop_id":"2981","stop_code":"2981","stop_name":"Alameda De Osuna - Rambla","routes":["105"]}},{"type":"Feature","geometry":{"type":"Point","coordinates":[-3.59209,40.45628]},"properties":{"stop_id":"2982","stop_code":"2982","stop_name":"Alameda De Osuna - Carabela","routes":["101","105","151"]}},{"type":"Feature","geometry":{"type":"Point","coordinates":[-3.59266,40.4561]},"properties":{"stop_id":"2983","stop_code":"2983","stop_name":"Alameda De Osuna - Carabela","routes":["105"]}},{"type":"Feature","geometry":{"type":"Point","coordinates":[-3.58916,40.45847]},"properties":{"stop_id":"2984","stop_code":"2984","stop_name":"Alameda De Osuna","routes":["105"]}},{"type":"Feature","geometry":{"type":"Point","coordinates":[-3.58992,40.45806]},"properties":{"stop_id":"2985","stop_code":"2985","stop_name":"Alameda De Osuna","routes":["105"]}},{"type":"Feature","geometry":{"type":"Point","coordinates":[-3.58554,40.47295]},"properties":{"stop_id":"2986","stop_code":"2986","stop_name":"Nuestra Señora De Loreto","routes":["105"]}},{"type":"Feature","geometry":{"type":"Point","coordinates":[-3.58852,40.47229]},"properties":{"stop_id":"2987","stop_code":"2987","stop_name":"Timón - Alcañiz","routes":["105"]}},{"type":"Feature","geometry":{"type":"Point","coordinates":[-3.58862,40.4721]},"properties":{"stop_id":"2988","stop_code":"2988","stop_name":"Timón - Alcañiz","routes":["105"]}},{"type":"Feature","geometry":{"type":"Point","coordinates":[-3.59406,40.47237]},"properties":{"stop_id":"2990","stop_code":"2990","stop_name":"Ciclón","routes":["105"]}},{"type":"Feature","geometry":{"type":"Point","coordinates":[-3.59681,40.4734]},"properties":{"stop_id":"2991","stop_code":"2991","stop_name":"Barajas","routes":["105"]}},{"type":"Feature","geometry":{"type":"Point","coordinates":[-3.59444,40.47192]},"properties":{"stop_id":"2992","stop_code":"2992","stop_name":"Huracán","routes":["105"]}},{"type":"Feature","geometry":{"type":"Point","coordinates":[-3.68241,40.50142]},"properties":{"stop_id":"2994","stop_code":"2994","stop_name":"Fuencarral Cercanías","routes":["455"]}},{"type":"Feature","geometry":{"type":"Point","coordinates":[-3.63921,40.42479]},"properties":{"stop_id":"2996","stop_code":"2996","stop_name":"Fernando Gabriel","routes":["109"]}},{"type":"Feature","geometry":{"type":"Point","coordinates":[-3.63902,40.42464]},"properties":{"stop_id":"2997","stop_code":"2997","stop_name":"Fernando Gabriel","routes":["109"]}},{"type":"Feature","geometry":{"type":"Point","coordinates":[-3.64074,40.4255]},"properties":{"stop_id":"2999","stop_code":"2999","stop_name":"Ezequiel Solana - Arriaga","routes":["109"]}},{"type":"Feature","geometry":{"type":"Point","coordinates":[-3.64089,40.42544]},"properties":{"stop_id":"3000","stop_code":"3000","stop_name":"Ezequiel Solana - Arriaga","routes":["109"]}},{"type":"Feature","geometry":{"type":"Point","coordinates":[-3.6425,40.42748]},"properties":{"stop_id":"3002","stop_code":"3002","stop_name":"Ezequiel Solana - Gonzalo De Berceo","routes":["109"]}},{"type":"Feature","geometry":{"type":"Point","coordinates":[-3.64351,40.42905]},"properties":{"stop_id":"3003","stop_code":"3003","stop_name":"Francisco Villaespesa - Ezequiel Solana","routes":["109"]}},{"type":"Feature","geometry":{"type":"Point","coordinates":[-3.64369,40.42898]},"properties":{"stop_id":"3004","stop_code":"3004","stop_name":"Francisco Villaespesa - Ezequiel Solana","routes":["109"]}},{"type":"Feature","geometry":{"type":"Point","coordinates":[-3.64194,40.43237]},"properties":{"stop_id":"3005","stop_code":"3005","stop_name":"Emilio Ferrari - Vital Aza","routes":["109"]}},{"type":"Feature","geometry":{"type":"Point","coordinates":[-3.63355,40.43328]},"properties":{"stop_id":"3006","stop_code":"3006","stop_name":"Ascao - Julián Camarillo","routes":["105"]}},{"type":"Feature","geometry":{"type":"Point","coordinates":[-3.63397,40.43328]},"properties":{"stop_id":"3007","stop_code":"3007","stop_name":"Ascao - Julián Camarillo","routes":["105"]}},{"type":"Feature","geometry":{"type":"Point","coordinates":[-3.63164,40.43398]},"properties":{"stop_id":"3008","stop_code":"3008","stop_name":"Julián Camarillo - Albarracín","routes":["105"]}},{"type":"Feature","geometry":{"type":"Point","coordinates":[-3.63099,40.43424]},"properties":{"stop_id":"3009","stop_code":"3009","stop_name":"Julián Camarillo - Albarracín","routes":["105"]}},{"type":"Feature","geometry":{"type":"Point","coordinates":[-3.62897,40.43444]},"properties":{"stop_id":"3010","stop_code":"3010","stop_name":"Julián Camarillo - Santa Leonor","routes":["105"]}},{"type":"Feature","geometry":{"type":"Point","coordinates":[-3.62906,40.43458]},"properties":{"stop_id":"3011","stop_code":"3011","stop_name":"Julián Camarillo - Santa Leonor","routes":["105"]}},{"type":"Feature","geometry":{"type":"Point","coordinates":[-3.62363,40.43614]},"properties":{"stop_id":"3012","stop_code":"3012","stop_name":"Julián Camarillo - Miguel Yuste","routes":["105"]}},{"type":"Feature","geometry":{"type":"Point","coordinates":[-3.62366,40.43626]},"properties":{"stop_id":"3013","stop_code":"3013","stop_name":"Julián Camarillo - Miguel Yuste","routes":["105"]}},{"type":"Feature","geometry":{"type":"Point","coordinates":[-3.62226,40.43437]},"properties":{"stop_id":"3015","stop_code":"3015","stop_name":"Emilio Muñoz - Miguel Yuste","routes":["505"]}},{"type":"Feature","geometry":{"type":"Point","coordinates":[-3.61837,40.4337]},"properties":{"stop_id":"3016","stop_code":"3016","stop_name":"Arcentales - San Romualdo","routes":["153","505"]}},{"type":"Feature","geometry":{"type":"Point","coordinates":[-3.6187,40.43397]},"properties":{"stop_id":"3017","stop_code":"3017","stop_name":"Arcentales - San Romualdo","routes":["153","505"]}},{"type":"Feature","geometry":{"type":"Point","coordinates":[-3.61381,40.43409]},"properties":{"stop_id":"3018","stop_code":"3018","stop_name":"Arcentales - Avenida De Canillejas","routes":["153","505"]}},{"type":"Feature","geometry":{"type":"Point","coordinates":[-3.61351,40.43444]},"properties":{"stop_id":"3019","stop_code":"3019","stop_name":"Arcentales - Avenida De Canillejas","routes":["153","505"]}},{"type":"Feature","geometry":{"type":"Point","coordinates":[-3.63501,40.48175]},"properties":{"stop_id":"3020","stop_code":"3020","stop_name":"San Andrés De Rabanedo","routes":["087"]}},{"type":"Feature","geometry":{"type":"Point","coordinates":[-3.61143,40.43176]},"properties":{"stop_id":"3021","stop_code":"3021","stop_name":"Avenida De Canillejas - Hinojal","routes":["048","167"]}},{"type":"Feature","geometry":{"type":"Point","coordinates":[-3.63412,40.48029]},"properties":{"stop_id":"3022","stop_code":"3022","stop_name":"Camino Viejo De Burgos","routes":["087"]}},{"type":"Feature","geometry":{"type":"Point","coordinates":[-3.61105,40.43012]},"properties":{"stop_id":"3023","stop_code":"3023","stop_name":"Avenida Canillejas - Julia García Boután","routes":["048","167"]}},{"type":"Feature","geometry":{"type":"Point","coordinates":[-3.63654,40.40077]},"properties":{"stop_id":"3026","stop_code":"3026","stop_name":"Fuente Carrantona - Hacienda De Pavones","routes":["142","144","508"]}},{"type":"Feature","geometry":{"type":"Point","coordinates":[-3.587,40.45642]},"properties":{"stop_id":"3028","stop_code":"3028","stop_name":"Avenida De Cantabria - Centro De Salud","routes":["112","115","151"]}},{"type":"Feature","geometry":{"type":"Point","coordinates":[-3.63523,40.40021]},"properties":{"stop_id":"3030","stop_code":"3030","stop_name":"Pavones","routes":["142"]}},{"type":"Feature","geometry":{"type":"Point","coordinates":[-3.63547,40.40025]},"properties":{"stop_id":"3031","stop_code":"3031","stop_name":"Pavones","routes":["140"]}},{"type":"Feature","geometry":{"type":"Point","coordinates":[-3.72521,40.39282]},"properties":{"stop_id":"3032","stop_code":"3032","stop_name":"Urgel","routes":["034","035","118","119","526"]}},{"type":"Feature","geometry":{"type":"Point","coordinates":[-3.72795,40.38592]},"properties":{"stop_id":"3033","stop_code":"3033","stop_name":"Avenida De Oporto - Camino Viejo Leganés","routes":["118","516"]}},{"type":"Feature","geometry":{"type":"Point","coordinates":[-3.72775,40.386]},"properties":{"stop_id":"3034","stop_code":"3034","stop_name":"Avenida De Oporto - Camino Viejo Leganés","routes":["118","516"]}},{"type":"Feature","geometry":{"type":"Point","coordinates":[-3.63533,40.40012]},"properties":{"stop_id":"3035","stop_code":"3035","stop_name":"Pavones","routes":["144"]}},{"type":"Feature","geometry":{"type":"Point","coordinates":[-3.73044,40.38227]},"properties":{"stop_id":"3036","stop_code":"3036","stop_name":"Camino Viejo Leganés - Falcinelo","routes":["118","516"]}},{"type":"Feature","geometry":{"type":"Point","coordinates":[-3.73045,40.38205]},"properties":{"stop_id":"3037","stop_code":"3037","stop_name":"Camino Viejo Leganés - Falcinelo","routes":["118","516"]}},{"type":"Feature","geometry":{"type":"Point","coordinates":[-3.73156,40.38091]},"properties":{"stop_id":"3038","stop_code":"3038","stop_name":"Camino Viejo Leganés - Carrero Juan Ramón","routes":["118"]}},{"type":"Feature","geometry":{"type":"Point","coordinates":[-3.7317,40.38048]},"properties":{"stop_id":"3039","stop_code":"3039","stop_name":"Camino Viejo Leganés - Carrero Juan Ramón","routes":["118"]}},{"type":"Feature","geometry":{"type":"Point","coordinates":[-3.73317,40.37872]},"properties":{"stop_id":"3040","stop_code":"3040","stop_name":"Camino Viejo Leganés - Carcastillo","routes":["118","516"]}},{"type":"Feature","geometry":{"type":"Point","coordinates":[-3.73313,40.37855]},"properties":{"stop_id":"3041","stop_code":"3041","stop_name":"Camino Viejo Leganés - Carcastillo","routes":["118","516"]}},{"type":"Feature","geometry":{"type":"Point","coordinates":[-3.63546,40.39982]},"properties":{"stop_id":"3042","stop_code":"3042","stop_name":"Pavones","routes":["032"]}},{"type":"Feature","geometry":{"type":"Point","coordinates":[-3.74045,40.37937]},"properties":{"stop_id":"3043","stop_code":"3043","stop_name":"María Odiaga - Padre Amigo","routes":["108"]}},{"type":"Feature","geometry":{"type":"Point","coordinates":[-3.74186,40.37888]},"properties":{"stop_id":"3044","stop_code":"3044","stop_name":"María Odiaga - Witerico","routes":["108"]}},{"type":"Feature","geometry":{"type":"Point","coordinates":[-3.7432,40.37749]},"properties":{"stop_id":"3045","stop_code":"3045","stop_name":"María Odiaga - Piedrahíta","routes":["108"]}},{"type":"Feature","geometry":{"type":"Point","coordinates":[-3.71794,40.43394]},"properties":{"stop_id":"3047","stop_code":"3047","stop_name":"Moncloa","routes":["082"]}},{"type":"Feature","geometry":{"type":"Point","coordinates":[-3.74758,40.37194]},"properties":{"stop_id":"3048","stop_code":"3048","stop_name":"Aguacate - Centro De Salud","routes":["108","118","516"]}},{"type":"Feature","geometry":{"type":"Point","coordinates":[-3.74433,40.36958]},"properties":{"stop_id":"3050","stop_code":"3050","stop_name":"Aguacate - Secoya","routes":["108","118","516"]}},{"type":"Feature","geometry":{"type":"Point","coordinates":[-3.74495,40.37003]},"properties":{"stop_id":"3051","stop_code":"3051","stop_name":"Aguacate - Secoya","routes":["108","118","516"]}},{"type":"Feature","geometry":{"type":"Point","coordinates":[-3.74459,40.37542]},"properties":{"stop_id":"3054","stop_code":"3054","stop_name":"María Odiaga - Paseo De Los Castellanos","routes":["108"]}},{"type":"Feature","geometry":{"type":"Point","coordinates":[-3.74516,40.37612]},"properties":{"stop_id":"3055","stop_code":"3055","stop_name":"Alba De Tormes - Federico Grases","routes":["108"]}},{"type":"Feature","geometry":{"type":"Point","coordinates":[-3.74401,40.37752]},"properties":{"stop_id":"3056","stop_code":"3056","stop_name":"Alba De Tormes - Época","routes":["108"]}},{"type":"Feature","geometry":{"type":"Point","coordinates":[-3.7429,40.37867]},"properties":{"stop_id":"3057","stop_code":"3057","stop_name":"Alba De Tormes - Witerico","routes":["108"]}},{"type":"Feature","geometry":{"type":"Point","coordinates":[-3.78046,40.44709]},"properties":{"stop_id":"3059","stop_code":"3059","stop_name":"Avenida Del Talgo - Frente Residencia","routes":["161"]}},{"type":"Feature","geometry":{"type":"Point","coordinates":[-3.72695,40.38845]},"properties":{"stop_id":"3060","stop_code":"3060","stop_name":"Camino Viejo Leganés - Valle De Oro","routes":["118"]}},{"type":"Feature","geometry":{"type":"Point","coordinates":[-3.72527,40.39054]},"properties":{"stop_id":"3061","stop_code":"3061","stop_name":"Camino Viejo Leganés - Alejandro Sánchez","routes":["118"]}},{"type":"Feature","geometry":{"type":"Point","coordinates":[-3.72365,40.39308]},"properties":{"stop_id":"3062","stop_code":"3062","stop_name":"General Ricardos - Camino Viejo Leganés","routes":["118"]}},{"type":"Feature","geometry":{"type":"Point","coordinates":[-3.65816,40.4274]},"properties":{"stop_id":"3063","stop_code":"3063","stop_name":"Ricardo Ortiz - San Marcelo","routes":["110","210"]}},{"type":"Feature","geometry":{"type":"Point","coordinates":[-3.65792,40.42729]},"properties":{"stop_id":"3064","stop_code":"3064","stop_name":"Ricardo Ortiz - San Marcelo","routes":["110","210"]}},{"type":"Feature","geometry":{"type":"Point","coordinates":[-3.65792,40.42527]},"properties":{"stop_id":"3065","stop_code":"3065","stop_name":"Ricardo Ortiz - San Emilio","routes":["110","210"]}},{"type":"Feature","geometry":{"type":"Point","coordinates":[-3.65788,40.42599]},"properties":{"stop_id":"3066","stop_code":"3066","stop_name":"Ricardo Ortiz - San Emilio","routes":["110","210"]}},{"type":"Feature","geometry":{"type":"Point","coordinates":[-3.65736,40.42368]},"properties":{"stop_id":"3067","stop_code":"3067","stop_name":"Ricardo Ortiz - San Secundino","routes":["110","210"]}},{"type":"Feature","geometry":{"type":"Point","coordinates":[-3.65728,40.42386]},"properties":{"stop_id":"3068","stop_code":"3068","stop_name":"Ricardo Ortiz - San Secundino","routes":["110","210"]}},{"type":"Feature","geometry":{"type":"Point","coordinates":[-3.6499,40.42651]},"properties":{"stop_id":"3069","stop_code":"3069","stop_name":"Santa Felicidad - Iglesia","routes":["110","113","210"]}},{"type":"Feature","geometry":{"type":"Point","coordinates":[-3.64923,40.42637]},"properties":{"stop_id":"3070","stop_code":"3070","stop_name":"Santa Felicidad - Iglesia","routes":["110","113","210"]}},{"type":"Feature","geometry":{"type":"Point","coordinates":[-3.6508,40.42429]},"properties":{"stop_id":"3071","stop_code":"3071","stop_name":"Santa Felicidad","routes":["110","113","210"]}},{"type":"Feature","geometry":{"type":"Point","coordinates":[-3.65059,40.42428]},"properties":{"stop_id":"3072","stop_code":"3072","stop_name":"Santa Felicidad","routes":["110","113","210"]}},{"type":"Feature","geometry":{"type":"Point","coordinates":[-3.65185,40.42221]},"properties":{"stop_id":"3073","stop_code":"3073","stop_name":"Blas De Otero - Santa Genoveva","routes":["110","113","210"]}},{"type":"Feature","geometry":{"type":"Point","coordinates":[-3.65164,40.42232]},"properties":{"stop_id":"3074","stop_code":"3074","stop_name":"Blas De Otero - Santa Genoveva","routes":["110","113","210"]}},{"type":"Feature","geometry":{"type":"Point","coordinates":[-3.71295,40.37096]},"properties":{"stop_id":"3075","stop_code":"3075","stop_name":"Leiza - Rafaela Ybarra","routes":["060"]}},{"type":"Feature","geometry":{"type":"Point","coordinates":[-3.6522,40.41943]},"properties":{"stop_id":"3076","stop_code":"3076","stop_name":"Santa Irene","routes":["110","113","210"]}},{"type":"Feature","geometry":{"type":"Point","coordinates":[-3.65006,40.41849]},"properties":{"stop_id":"3077","stop_code":"3077","stop_name":"Santa Irene - Trece Rosas","routes":["110","113","210"]}},{"type":"Feature","geometry":{"type":"Point","coordinates":[-3.65006,40.41873]},"properties":{"stop_id":"3078","stop_code":"3078","stop_name":"La Elipa","routes":["110","113","210"]}},{"type":"Feature","geometry":{"type":"Point","coordinates":[-3.64732,40.41792]},"properties":{"stop_id":"3079","stop_code":"3079","stop_name":"Cementerio La Almudena - Parada 1","routes":["110"]}},{"type":"Feature","geometry":{"type":"Point","coordinates":[-3.64746,40.41806]},"properties":{"stop_id":"3080","stop_code":"3080","stop_name":"Cementerio La Almudena - Parada 12","routes":["110"]}},{"type":"Feature","geometry":{"type":"Point","coordinates":[-3.64488,40.41735]},"properties":{"stop_id":"3081","stop_code":"3081","stop_name":"Cementerio La Almudena - Parada 2","routes":["110"]}},{"type":"Feature","geometry":{"type":"Point","coordinates":[-3.64143,40.41686]},"properties":{"stop_id":"3082","stop_code":"3082","stop_name":"Cementerio La Almudena - Parada 3","routes":["110"]}},{"type":"Feature","geometry":{"type":"Point","coordinates":[-3.64144,40.41732]},"properties":{"stop_id":"3083","stop_code":"3083","stop_name":"Cementerio La Almudena - Parada 7","routes":["110"]}},{"type":"Feature","geometry":{"type":"Point","coordinates":[-3.63783,40.41747]},"properties":{"stop_id":"3084","stop_code":"3084","stop_name":"Cementerio La Almudena - Parada 4","routes":["110"]}},{"type":"Feature","geometry":{"type":"Point","coordinates":[-3.63809,40.41755]},"properties":{"stop_id":"3085","stop_code":"3085","stop_name":"Cementerio La Almudena - Parada 6","routes":["110"]}},{"type":"Feature","geometry":{"type":"Point","coordinates":[-3.63556,40.41778]},"properties":{"stop_id":"3086","stop_code":"3086","stop_name":"Cementerio La Almudena","routes":["110"]}},{"type":"Feature","geometry":{"type":"Point","coordinates":[-3.64219,40.41911]},"properties":{"stop_id":"3087","stop_code":"3087","stop_name":"Cementerio La Almudena - Parada 8","routes":["110"]}},{"type":"Feature","geometry":{"type":"Point","coordinates":[-3.64077,40.42019]},"properties":{"stop_id":"3088","stop_code":"3088","stop_name":"Cementerio La Almudena - Parada 9","routes":["110"]}},{"type":"Feature","geometry":{"type":"Point","coordinates":[-3.64136,40.42409]},"properties":{"stop_id":"3089","stop_code":"3089","stop_name":"Cementerio La Almudena - Parada 10","routes":["110"]}},{"type":"Feature","geometry":{"type":"Point","coordinates":[-3.64672,40.42294]},"properties":{"stop_id":"3090","stop_code":"3090","stop_name":"Cementerio La Almudena - Parada 11","routes":["110"]}},{"type":"Feature","geometry":{"type":"Point","coordinates":[-3.65275,40.42034]},"properties":{"stop_id":"3091","stop_code":"3091","stop_name":"Blas De Otero - Santa Irene","routes":["110","113","210"]}},{"type":"Feature","geometry":{"type":"Point","coordinates":[-3.65736,40.43122]},"properties":{"stop_id":"3092","stop_code":"3092","stop_name":"El Carmen","routes":["110","210"]}},{"type":"Feature","geometry":{"type":"Point","coordinates":[-3.65759,40.4302]},"properties":{"stop_id":"3093","stop_code":"3093","stop_name":"Avenida De Daroca - Ricardo Ortiz","routes":["110","210"]}},{"type":"Feature","geometry":{"type":"Point","coordinates":[-3.67325,40.3817]},"properties":{"stop_id":"3096","stop_code":"3096","stop_name":"Ruidera - Lagartera","routes":["111"]}},{"type":"Feature","geometry":{"type":"Point","coordinates":[-3.6731,40.3816]},"properties":{"stop_id":"3097","stop_code":"3097","stop_name":"Ruidera - Lagartera","routes":["111"]}},{"type":"Feature","geometry":{"type":"Point","coordinates":[-3.67006,40.37574]},"properties":{"stop_id":"3099","stop_code":"3099","stop_name":"Ronda Sur - Serena","routes":["111"]}},{"type":"Feature","geometry":{"type":"Point","coordinates":[-3.67142,40.37385]},"properties":{"stop_id":"3100","stop_code":"3100","stop_name":"Ronda Sur - Montánchez","routes":["111"]}},{"type":"Feature","geometry":{"type":"Point","coordinates":[-3.65532,40.41106]},"properties":{"stop_id":"3101","stop_code":"3101","stop_name":"Vinateros - Media Legua","routes":["113"]}},{"type":"Feature","geometry":{"type":"Point","coordinates":[-3.65512,40.411]},"properties":{"stop_id":"3102","stop_code":"3102","stop_name":"Vinateros - Media Legua","routes":["113"]}},{"type":"Feature","geometry":{"type":"Point","coordinates":[-3.65366,40.41257]},"properties":{"stop_id":"3103","stop_code":"3103","stop_name":"García Tapia - Media Legua","routes":["113"]}},{"type":"Feature","geometry":{"type":"Point","coordinates":[-3.65381,40.41266]},"properties":{"stop_id":"3104","stop_code":"3104","stop_name":"García Tapia - Media Legua","routes":["113"]}},{"type":"Feature","geometry":{"type":"Point","coordinates":[-3.64874,40.43019]},"properties":{"stop_id":"3105","stop_code":"3105","stop_name":"Hermanos Machado - Carlos Hernández","routes":["113"]}},{"type":"Feature","geometry":{"type":"Point","coordinates":[-3.64804,40.4304]},"properties":{"stop_id":"3107","stop_code":"3107","stop_name":"José María Pereda - Carlos Hernández","routes":["113"]}},{"type":"Feature","geometry":{"type":"Point","coordinates":[-3.64769,40.4485]},"properties":{"stop_id":"3108","stop_code":"3108","stop_name":"Josefa Valcárcel - General Aranaz","routes":["114"]}},{"type":"Feature","geometry":{"type":"Point","coordinates":[-3.63786,40.44835]},"properties":{"stop_id":"3110","stop_code":"3110","stop_name":"Josefa Valcárcel - Juan Rizi","routes":["114"]}},{"type":"Feature","geometry":{"type":"Point","coordinates":[-3.63581,40.4472]},"properties":{"stop_id":"3111","stop_code":"3111","stop_name":"Juan Ignacio Luca De Tena - Alegría Oria","routes":["114","146","504"]}},{"type":"Feature","geometry":{"type":"Point","coordinates":[-3.63582,40.44732]},"properties":{"stop_id":"3112","stop_code":"3112","stop_name":"Juan Ignacio Luca De Tena - Alegría Oria","routes":["114","146","504"]}},{"type":"Feature","geometry":{"type":"Point","coordinates":[-3.632,40.44779]},"properties":{"stop_id":"3113","stop_code":"3113","stop_name":"Juan Ignacio Luca De Tena - Juana I","routes":["114","146","504"]}},{"type":"Feature","geometry":{"type":"Point","coordinates":[-3.63259,40.44781]},"properties":{"stop_id":"3114","stop_code":"3114","stop_name":"Juan Ignacio Luca De Tena - Juana I","routes":["114","146","504"]}},{"type":"Feature","geometry":{"type":"Point","coordinates":[-3.63008,40.44804]},"properties":{"stop_id":"3115","stop_code":"3115","stop_name":"Juan Ignacio Luca De Tena - Botánico","routes":["114","146","504"]}},{"type":"Feature","geometry":{"type":"Point","coordinates":[-3.63008,40.44788]},"properties":{"stop_id":"3116","stop_code":"3116","stop_name":"Juan Ignacio Luca De Tena - Botánico","routes":["114","146","504"]}},{"type":"Feature","geometry":{"type":"Point","coordinates":[-3.62239,40.44774]},"properties":{"stop_id":"3119","stop_code":"3119","stop_name":"Marquesado De Santa Marta","routes":["114","504"]}},{"type":"Feature","geometry":{"type":"Point","coordinates":[-3.61366,40.4504]},"properties":{"stop_id":"3120","stop_code":"3120","stop_name":"Isis","routes":["115"]}},{"type":"Feature","geometry":{"type":"Point","coordinates":[-3.58636,40.45551]},"properties":{"stop_id":"3121","stop_code":"3121","stop_name":"Galeón - Carabela","routes":["101","114","166"]}},{"type":"Feature","geometry":{"type":"Point","coordinates":[-3.58232,40.45855]},"properties":{"stop_id":"3122","stop_code":"3122","stop_name":"Galeón - Bergantín","routes":["114"]}},{"type":"Feature","geometry":{"type":"Point","coordinates":[-3.77607,40.38187]},"properties":{"stop_id":"3124","stop_code":"3124","stop_name":"Blas Cabrera - Avenida De Las Águilas","routes":["017"]}},{"type":"Feature","geometry":{"type":"Point","coordinates":[-3.65184,40.44912]},"properties":{"stop_id":"3125","stop_code":"3125","stop_name":"Nuestra Señora De América","routes":["114","122","504"]}},{"type":"Feature","geometry":{"type":"Point","coordinates":[-3.70282,40.40455]},"properties":{"stop_id":"3126","stop_code":"3126","stop_name":"Embajadores","routes":["078","116","118"]}},{"type":"Feature","geometry":{"type":"Point","coordinates":[-3.71555,40.39701]},"properties":{"stop_id":"3127","stop_code":"3127","stop_name":"Marqués De Vadillo","routes":["116","832"]}},{"type":"Feature","geometry":{"type":"Point","coordinates":[-3.71535,40.39691]},"properties":{"stop_id":"3128","stop_code":"3128","stop_name":"Marqués De Vadillo","routes":["116","832"]}},{"type":"Feature","geometry":{"type":"Point","coordinates":[-3.71556,40.39502]},"properties":{"stop_id":"3129","stop_code":"3129","stop_name":"Antonio De Leyva - Jacinto Verdaguer","routes":["116"]}},{"type":"Feature","geometry":{"type":"Point","coordinates":[-3.78209,40.44688]},"properties":{"stop_id":"3130","stop_code":"3130","stop_name":"Avenida Del Talgo - Residencia","routes":["161"]}},{"type":"Feature","geometry":{"type":"Point","coordinates":[-3.71551,40.39169]},"properties":{"stop_id":"3131","stop_code":"3131","stop_name":"Antonio De Leyva - Miguel Soriano","routes":["116"]}},{"type":"Feature","geometry":{"type":"Point","coordinates":[-3.71544,40.39135]},"properties":{"stop_id":"3132","stop_code":"3132","stop_name":"Antonio De Leyva - Miguel Soriano","routes":["116"]}},{"type":"Feature","geometry":{"type":"Point","coordinates":[-3.78307,40.44715]},"properties":{"stop_id":"3133","stop_code":"3133","stop_name":"Avenida Del Talgo Nº 220","routes":["161"]}},{"type":"Feature","geometry":{"type":"Point","coordinates":[-3.71621,40.38902]},"properties":{"stop_id":"3134","stop_code":"3134","stop_name":"Antonio De Leyva - Alejandro Sánchez","routes":["116"]}},{"type":"Feature","geometry":{"type":"Point","coordinates":[-3.71741,40.38609]},"properties":{"stop_id":"3135","stop_code":"3135","stop_name":"Plaza Elíptica","routes":["055","060","116","517"]}},{"type":"Feature","geometry":{"type":"Point","coordinates":[-3.71716,40.38604]},"properties":{"stop_id":"3136","stop_code":"3136","stop_name":"Plaza Elíptica","routes":["116"]}},{"type":"Feature","geometry":{"type":"Point","coordinates":[-3.71848,40.37379]},"properties":{"stop_id":"3139","stop_code":"3139","stop_name":"Avenida De Los Poblados - Carretera Toledo","routes":["116","121","131"]}},{"type":"Feature","geometry":{"type":"Point","coordinates":[-3.71889,40.37397]},"properties":{"stop_id":"3140","stop_code":"3140","stop_name":"Avenida De Los Poblados - Carretera Toledo","routes":["116","121","131"]}},{"type":"Feature","geometry":{"type":"Point","coordinates":[-3.71586,40.37379]},"properties":{"stop_id":"3141","stop_code":"3141","stop_name":"Avenida De Los Poblados - Guetaria","routes":["116","121","131"]}},{"type":"Feature","geometry":{"type":"Point","coordinates":[-3.71588,40.37396]},"properties":{"stop_id":"3142","stop_code":"3142","stop_name":"Avenida De Los Poblados - Guetaria","routes":["116","121","131"]}},{"type":"Feature","geometry":{"type":"Point","coordinates":[-3.69791,40.36099]},"properties":{"stop_id":"3144","stop_code":"3144","stop_name":"Manojo De Rosas - Corte De Faraón","routes":["116"]}},{"type":"Feature","geometry":{"type":"Point","coordinates":[-3.69777,40.36109]},"properties":{"stop_id":"3145","stop_code":"3145","stop_name":"Manojo De Rosas - Corte De Faraón","routes":["116"]}},{"type":"Feature","geometry":{"type":"Point","coordinates":[-3.697,40.35688]},"properties":{"stop_id":"3147","stop_code":"3147","stop_name":"Manojo De Rosas - Bohemios","routes":["116"]}},{"type":"Feature","geometry":{"type":"Point","coordinates":[-3.69721,40.3588]},"properties":{"stop_id":"3148","stop_code":"3148","stop_name":"Parque Katiuska","routes":["116"]}},{"type":"Feature","geometry":{"type":"Point","coordinates":[-3.77179,40.37789]},"properties":{"stop_id":"3149","stop_code":"3149","stop_name":"Blas Cabrera - Rafael Finat","routes":["138"]}},{"type":"Feature","geometry":{"type":"Point","coordinates":[-3.78028,40.378]},"properties":{"stop_id":"3150","stop_code":"3150","stop_name":"Cuacos De Yuste","routes":["138","519"]}},{"type":"Feature","geometry":{"type":"Point","coordinates":[-3.71504,40.37094]},"properties":{"stop_id":"3152","stop_code":"3152","stop_name":"Guetaria - Leiza","routes":["060"]}},{"type":"Feature","geometry":{"type":"Point","coordinates":[-3.71572,40.36905]},"properties":{"stop_id":"3154","stop_code":"3154","stop_name":"Guetaria - Alzola","routes":["060"]}},{"type":"Feature","geometry":{"type":"Point","coordinates":[-3.72701,40.39224]},"properties":{"stop_id":"3156","stop_code":"3156","stop_name":"Blasa Pérez - General Ricardos","routes":["119"]}},{"type":"Feature","geometry":{"type":"Point","coordinates":[-3.72703,40.39205]},"properties":{"stop_id":"3157","stop_code":"3157","stop_name":"Blasa Pérez - General Ricardos","routes":["119"]}},{"type":"Feature","geometry":{"type":"Point","coordinates":[-3.72889,40.39363]},"properties":{"stop_id":"3158","stop_code":"3158","stop_name":"El Tercio","routes":["119"]}},{"type":"Feature","geometry":{"type":"Point","coordinates":[-3.73183,40.3937]},"properties":{"stop_id":"3160","stop_code":"3160","stop_name":"Ervigio","routes":["119"]}},{"type":"Feature","geometry":{"type":"Point","coordinates":[-3.73607,40.39374]},"properties":{"stop_id":"3163","stop_code":"3163","stop_name":"Zaida - Centro Social","routes":["119"]}},{"type":"Feature","geometry":{"type":"Point","coordinates":[-3.73903,40.39282]},"properties":{"stop_id":"3165","stop_code":"3165","stop_name":"Arroyo De Las Pavas","routes":["119"]}},{"type":"Feature","geometry":{"type":"Point","coordinates":[-3.73927,40.39269]},"properties":{"stop_id":"3166","stop_code":"3166","stop_name":"Arroyo De Las Pavas","routes":["119"]}},{"type":"Feature","geometry":{"type":"Point","coordinates":[-3.74303,40.40088]},"properties":{"stop_id":"3167","stop_code":"3167","stop_name":"Concejal Francisco Jiménez - Alhambra","routes":["119"]}},{"type":"Feature","geometry":{"type":"Point","coordinates":[-3.74274,40.4011]},"properties":{"stop_id":"3168","stop_code":"3168","stop_name":"Concejal Francisco Jiménez - Alhambra","routes":["119"]}},{"type":"Feature","geometry":{"type":"Point","coordinates":[-3.73886,40.40144]},"properties":{"stop_id":"3169","stop_code":"3169","stop_name":"Concejal Francisco Jiménez - Viñegra","routes":["119"]}},{"type":"Feature","geometry":{"type":"Point","coordinates":[-3.7398,40.4015]},"properties":{"stop_id":"3170","stop_code":"3170","stop_name":"Concejal Francisco Jiménez - Viñegra","routes":["119"]}},{"type":"Feature","geometry":{"type":"Point","coordinates":[-3.71494,40.36663]},"properties":{"stop_id":"3171","stop_code":"3171","stop_name":"Guetaria - Ordicia","routes":["060"]}},{"type":"Feature","geometry":{"type":"Point","coordinates":[-3.70567,40.3717]},"properties":{"stop_id":"3172","stop_code":"3172","stop_name":"Avenida De Los Poblados - Expropiación","routes":["121","515"]}},{"type":"Feature","geometry":{"type":"Point","coordinates":[-3.70562,40.37148]},"properties":{"stop_id":"3173","stop_code":"3173","stop_name":"Avenida De Los Poblados - Expropiación","routes":["121"]}},{"type":"Feature","geometry":{"type":"Point","coordinates":[-3.71013,40.37292]},"properties":{"stop_id":"3174","stop_code":"3174","stop_name":"Avenida De Los Poblados - Pradolongo","routes":["121"]}},{"type":"Feature","geometry":{"type":"Point","coordinates":[-3.71015,40.3727]},"properties":{"stop_id":"3175","stop_code":"3175","stop_name":"Avenida De Los Poblados - Pradolongo","routes":["121"]}},{"type":"Feature","geometry":{"type":"Point","coordinates":[-3.71309,40.37365]},"properties":{"stop_id":"3176","stop_code":"3176","stop_name":"Avenida De Los Poblados - Rafaela Ybarra","routes":["116","121","131"]}},{"type":"Feature","geometry":{"type":"Point","coordinates":[-3.72217,40.37378]},"properties":{"stop_id":"3177","stop_code":"3177","stop_name":"Tanatorio Sur","routes":["116","121","131","155"]}},{"type":"Feature","geometry":{"type":"Point","coordinates":[-3.7222,40.37355]},"properties":{"stop_id":"3178","stop_code":"3178","stop_name":"Tanatorio Sur","routes":["116","121","131","155"]}},{"type":"Feature","geometry":{"type":"Point","coordinates":[-3.72715,40.37345]},"properties":{"stop_id":"3179","stop_code":"3179","stop_name":"Avenida De Los Poblados - Cocheras Emt","routes":["116","121","131","155"]}},{"type":"Feature","geometry":{"type":"Point","coordinates":[-3.72656,40.37329]},"properties":{"stop_id":"3180","stop_code":"3180","stop_name":"Avenida De Los Poblados - Cocheras Emt","routes":["116","121","131","155"]}},{"type":"Feature","geometry":{"type":"Point","coordinates":[-3.7327,40.37352]},"properties":{"stop_id":"3181","stop_code":"3181","stop_name":"Avenida De Los Poblados - Vía Lusitana","routes":["116","121","131","155"]}},{"type":"Feature","geometry":{"type":"Point","coordinates":[-3.73542,40.37399]},"properties":{"stop_id":"3182","stop_code":"3182","stop_name":"Avenida De Los Poblados - Abrantes","routes":["121","131","155"]}},{"type":"Feature","geometry":{"type":"Point","coordinates":[-3.7354,40.37374]},"properties":{"stop_id":"3183","stop_code":"3183","stop_name":"Avenida De Los Poblados - Abrantes","routes":["121","131","155"]}},{"type":"Feature","geometry":{"type":"Point","coordinates":[-3.73825,40.37395]},"properties":{"stop_id":"3184","stop_code":"3184","stop_name":"Metro San Francisco","routes":["121","131","155"]}},{"type":"Feature","geometry":{"type":"Point","coordinates":[-3.73827,40.37376]},"properties":{"stop_id":"3185","stop_code":"3185","stop_name":"Metro San Francisco","routes":["121","131","155"]}},{"type":"Feature","geometry":{"type":"Point","coordinates":[-3.74113,40.37324]},"properties":{"stop_id":"3186","stop_code":"3186","stop_name":"Avenida De Los Poblados - Secoya","routes":["121","131"]}},{"type":"Feature","geometry":{"type":"Point","coordinates":[-3.75076,40.3765]},"properties":{"stop_id":"3187","stop_code":"3187","stop_name":"Plaza Del Parterre","routes":["121","131","139"]}},{"type":"Feature","geometry":{"type":"Point","coordinates":[-3.68619,40.35974]},"properties":{"stop_id":"3188","stop_code":"3188","stop_name":"Consenso - Generosidad","routes":["023"]}},{"type":"Feature","geometry":{"type":"Point","coordinates":[-3.71284,40.36664]},"properties":{"stop_id":"3189","stop_code":"3189","stop_name":"Rafaela Ybarra - Centro Comercial","routes":["060"]}},{"type":"Feature","geometry":{"type":"Point","coordinates":[-3.76813,40.39517]},"properties":{"stop_id":"3190","stop_code":"3190","stop_name":"Campamento","routes":["121"]}},{"type":"Feature","geometry":{"type":"Point","coordinates":[-3.76261,40.3941]},"properties":{"stop_id":"3191","stop_code":"3191","stop_name":"Illescas 34","routes":["025","121"]}},{"type":"Feature","geometry":{"type":"Point","coordinates":[-3.69264,40.38025]},"properties":{"stop_id":"3192","stop_code":"3192","stop_name":"González Feito - Antonio López","routes":["023","123"]}},{"type":"Feature","geometry":{"type":"Point","coordinates":[-3.68996,40.36186]},"properties":{"stop_id":"3193","stop_code":"3193","stop_name":"Orovilla - Centro Comercial","routes":["123"]}},{"type":"Feature","geometry":{"type":"Point","coordinates":[-3.68971,40.36224]},"properties":{"stop_id":"3194","stop_code":"3194","stop_name":"Orovilla - Centro Comercial","routes":["123"]}},{"type":"Feature","geometry":{"type":"Point","coordinates":[-3.68992,40.36051]},"properties":{"stop_id":"3195","stop_code":"3195","stop_name":"Orovilla - Generosidad","routes":["123","513"]}},{"type":"Feature","geometry":{"type":"Point","coordinates":[-3.68958,40.36033]},"properties":{"stop_id":"3196","stop_code":"3196","stop_name":"Orovilla - Generosidad","routes":["123","513"]}},{"type":"Feature","geometry":{"type":"Point","coordinates":[-3.68894,40.35887]},"properties":{"stop_id":"3197","stop_code":"3197","stop_name":"Orovilla - Felicidad","routes":["023","123"]}},{"type":"Feature","geometry":{"type":"Point","coordinates":[-3.68534,40.35824]},"properties":{"stop_id":"3198","stop_code":"3198","stop_name":"Unanimidad - Alianza","routes":["123"]}},{"type":"Feature","geometry":{"type":"Point","coordinates":[-3.68593,40.35782]},"properties":{"stop_id":"3199","stop_code":"3199","stop_name":"Unanimidad - Alianza","routes":["023","123"]}},{"type":"Feature","geometry":{"type":"Point","coordinates":[-3.68943,40.358]},"properties":{"stop_id":"3200","stop_code":"3200","stop_name":"Orovilla - Dulzura","routes":["023","123","513"]}},{"type":"Feature","geometry":{"type":"Point","coordinates":[-3.69449,40.39076]},"properties":{"stop_id":"3201","stop_code":"3201","stop_name":"Legazpi - Paseo Del Molino","routes":["062","148","513"]}},{"type":"Feature","geometry":{"type":"Point","coordinates":[-3.67765,40.3476]},"properties":{"stop_id":"3203","stop_code":"3203","stop_name":"Berrocal - Bario","routes":["085","123","512"]}},{"type":"Feature","geometry":{"type":"Point","coordinates":[-3.68773,40.38578]},"properties":{"stop_id":"3204","stop_code":"3204","stop_name":"Puerto Serrano","routes":["062"]}},{"type":"Feature","geometry":{"type":"Point","coordinates":[-3.67648,40.3437]},"properties":{"stop_id":"3205","stop_code":"3205","stop_name":"Berrocal - Silvinita","routes":["085","123","512"]}},{"type":"Feature","geometry":{"type":"Point","coordinates":[-3.68596,40.3864]},"properties":{"stop_id":"3206","stop_code":"3206","stop_name":"Los Puertos","routes":["062"]}},{"type":"Feature","geometry":{"type":"Point","coordinates":[-3.68614,40.38566]},"properties":{"stop_id":"3207","stop_code":"3207","stop_name":"Puerto De La Cruz Verde","routes":["062"]}},{"type":"Feature","geometry":{"type":"Point","coordinates":[-3.76719,40.39144]},"properties":{"stop_id":"3208","stop_code":"3208","stop_name":"Empalme","routes":["096","131"]}},{"type":"Feature","geometry":{"type":"Point","coordinates":[-3.76289,40.38646]},"properties":{"stop_id":"3209","stop_code":"3209","stop_name":"Avenida De Los Poblados - Aluche","routes":["096","131"]}},{"type":"Feature","geometry":{"type":"Point","coordinates":[-3.76226,40.38623]},"properties":{"stop_id":"3210","stop_code":"3210","stop_name":"Avenida De Los Poblados - Aluche","routes":["131"]}},{"type":"Feature","geometry":{"type":"Point","coordinates":[-3.76577,40.3889]},"properties":{"stop_id":"3211","stop_code":"3211","stop_name":"Avenida De Los Poblados - Guareña","routes":["131"]}},{"type":"Feature","geometry":{"type":"Point","coordinates":[-3.76562,40.38904]},"properties":{"stop_id":"3212","stop_code":"3212","stop_name":"Avenida De Los Poblados - Guareña","routes":["131"]}},{"type":"Feature","geometry":{"type":"Point","coordinates":[-3.71225,40.36966]},"properties":{"stop_id":"3213","stop_code":"3213","stop_name":"Unidad","routes":["131"]}},{"type":"Feature","geometry":{"type":"Point","coordinates":[-3.71226,40.36861]},"properties":{"stop_id":"3214","stop_code":"3214","stop_name":"Rafaela Ybarra - Alzola","routes":["131"]}},{"type":"Feature","geometry":{"type":"Point","coordinates":[-3.71133,40.35383]},"properties":{"stop_id":"3215","stop_code":"3215","stop_name":"Carretera De Villaverde - Centro Escolar","routes":["131"]}},{"type":"Feature","geometry":{"type":"Point","coordinates":[-3.71183,40.35428]},"properties":{"stop_id":"3216","stop_code":"3216","stop_name":"Carretera De Villaverde - Centro Escolar","routes":["131"]}},{"type":"Feature","geometry":{"type":"Point","coordinates":[-3.70616,40.35006]},"properties":{"stop_id":"3217","stop_code":"3217","stop_name":"Puente Alcocer","routes":["131"]}},{"type":"Feature","geometry":{"type":"Point","coordinates":[-3.70616,40.35034]},"properties":{"stop_id":"3218","stop_code":"3218","stop_name":"Puente Alcocer","routes":["131"]}},{"type":"Feature","geometry":{"type":"Point","coordinates":[-3.70364,40.44733]},"properties":{"stop_id":"3219","stop_code":"3219","stop_name":"Cuatro Caminos","routes":["066"]}},{"type":"Feature","geometry":{"type":"Point","coordinates":[-3.68892,40.48164]},"properties":{"stop_id":"3220","stop_code":"3220","stop_name":"Pedro Rico - Hospital La Paz","routes":["124","137"]}},{"type":"Feature","geometry":{"type":"Point","coordinates":[-3.68929,40.48132]},"properties":{"stop_id":"3221","stop_code":"3221","stop_name":"Pedro Rico - Hospital La Paz","routes":["124","135","137"]}},{"type":"Feature","geometry":{"type":"Point","coordinates":[-3.6884,40.4838]},"properties":{"stop_id":"3222","stop_code":"3222","stop_name":"Metro Begoña","routes":["124","137","524"]}},{"type":"Feature","geometry":{"type":"Point","coordinates":[-3.68547,40.48422]},"properties":{"stop_id":"3223","stop_code":"3223","stop_name":"San Modesto - Marcos Orueta","routes":["124","137","524"]}},{"type":"Feature","geometry":{"type":"Point","coordinates":[-3.68835,40.49129]},"properties":{"stop_id":"3224","stop_code":"3224","stop_name":"Herrera Oria - Labastida","routes":["124"]}},{"type":"Feature","geometry":{"type":"Point","coordinates":[-3.68871,40.49098]},"properties":{"stop_id":"3225","stop_code":"3225","stop_name":"Herrera Oria - Labastida","routes":["124"]}},{"type":"Feature","geometry":{"type":"Point","coordinates":[-3.69482,40.49073]},"properties":{"stop_id":"3226","stop_code":"3226","stop_name":"Herrera Oria - Sicilia","routes":["124"]}},{"type":"Feature","geometry":{"type":"Point","coordinates":[-3.69388,40.49038]},"properties":{"stop_id":"3227","stop_code":"3227","stop_name":"Herrera Oria - Sicilia","routes":["124"]}},{"type":"Feature","geometry":{"type":"Point","coordinates":[-3.70393,40.48712]},"properties":{"stop_id":"3228","stop_code":"3228","stop_name":"Alfredo Marqueríe","routes":["124","133","523"]}},{"type":"Feature","geometry":{"type":"Point","coordinates":[-3.7016,40.48687]},"properties":{"stop_id":"3229","stop_code":"3229","stop_name":"Valencia De Don Juan - Alfredo Marqueríe","routes":["124","133","523"]}},{"type":"Feature","geometry":{"type":"Point","coordinates":[-3.70795,40.4864]},"properties":{"stop_id":"3230","stop_code":"3230","stop_name":"Herrera Oria - Ginzo De Limia","routes":["124"]}},{"type":"Feature","geometry":{"type":"Point","coordinates":[-3.70165,40.48719]},"properties":{"stop_id":"3231","stop_code":"3231","stop_name":"Valencia De Don Juan - Alfredo Marqueríe","routes":["124"]}},{"type":"Feature","geometry":{"type":"Point","coordinates":[-3.70046,40.48937]},"properties":{"stop_id":"3232","stop_code":"3232","stop_name":"Herrera Oria - Carretera De Colmenar","routes":["124"]}},{"type":"Feature","geometry":{"type":"Point","coordinates":[-3.68519,40.48454]},"properties":{"stop_id":"3233","stop_code":"3233","stop_name":"San Modesto - Marcos Orueta","routes":["124","137"]}},{"type":"Feature","geometry":{"type":"Point","coordinates":[-3.68691,40.48625]},"properties":{"stop_id":"3234","stop_code":"3234","stop_name":"Ángel Múgica","routes":["124","137","524"]}},{"type":"Feature","geometry":{"type":"Point","coordinates":[-3.68953,40.48709]},"properties":{"stop_id":"3235","stop_code":"3235","stop_name":"Virgen De Aranzazu","routes":["124","137","524"]}},{"type":"Feature","geometry":{"type":"Point","coordinates":[-3.69004,40.48615]},"properties":{"stop_id":"3236","stop_code":"3236","stop_name":"Virgen De Aranzazu - San Dacio","routes":["124","137"]}},{"type":"Feature","geometry":{"type":"Point","coordinates":[-3.6897,40.48484]},"properties":{"stop_id":"3237","stop_code":"3237","stop_name":"San Modesto - San Dacio","routes":["124","137","524"]}},{"type":"Feature","geometry":{"type":"Point","coordinates":[-3.69499,40.45651]},"properties":{"stop_id":"3238","stop_code":"3238","stop_name":"Orense - San Germán","routes":["126"]}},{"type":"Feature","geometry":{"type":"Point","coordinates":[-3.6951,40.45636]},"properties":{"stop_id":"3239","stop_code":"3239","stop_name":"Orense - San Germán","routes":["126"]}},{"type":"Feature","geometry":{"type":"Point","coordinates":[-3.69832,40.45675]},"properties":{"stop_id":"3240","stop_code":"3240","stop_name":"Infanta Mercedes","routes":["126"]}},{"type":"Feature","geometry":{"type":"Point","coordinates":[-3.71906,40.46512]},"properties":{"stop_id":"3241","stop_code":"3241","stop_name":"Antonio Machado - Sinesio Delgado","routes":["126"]}},{"type":"Feature","geometry":{"type":"Point","coordinates":[-3.71879,40.46588]},"properties":{"stop_id":"3242","stop_code":"3242","stop_name":"Antonio Machado - Sinesio Delgado","routes":["126"]}},{"type":"Feature","geometry":{"type":"Point","coordinates":[-3.71599,40.46645]},"properties":{"stop_id":"3243","stop_code":"3243","stop_name":"Sinesio Delgado - Doroteo Benache","routes":["126"]}},{"type":"Feature","geometry":{"type":"Point","coordinates":[-3.71611,40.46671]},"properties":{"stop_id":"3244","stop_code":"3244","stop_name":"Sinesio Delgado - Doroteo Benache","routes":["126"]}},{"type":"Feature","geometry":{"type":"Point","coordinates":[-3.66239,40.48222]},"properties":{"stop_id":"3245","stop_code":"3245","stop_name":"Jazmín - Golfo De Salónica","routes":["129"]}},{"type":"Feature","geometry":{"type":"Point","coordinates":[-3.66238,40.48245]},"properties":{"stop_id":"3246","stop_code":"3246","stop_name":"Jazmín - Golfo De Salónica","routes":["129","501"]}},{"type":"Feature","geometry":{"type":"Point","coordinates":[-3.65934,40.48141]},"properties":{"stop_id":"3247","stop_code":"3247","stop_name":"Roquetas De Mar","routes":["129"]}},{"type":"Feature","geometry":{"type":"Point","coordinates":[-3.65955,40.48164]},"properties":{"stop_id":"3248","stop_code":"3248","stop_name":"Roquetas De Mar","routes":["129","501"]}},{"type":"Feature","geometry":{"type":"Point","coordinates":[-3.65725,40.48023]},"properties":{"stop_id":"3249","stop_code":"3249","stop_name":"Mojácar","routes":["129"]}},{"type":"Feature","geometry":{"type":"Point","coordinates":[-3.65699,40.4804]},"properties":{"stop_id":"3250","stop_code":"3250","stop_name":"Mojácar","routes":["129","501"]}},{"type":"Feature","geometry":{"type":"Point","coordinates":[-3.67598,40.4721]},"properties":{"stop_id":"3251","stop_code":"3251","stop_name":"Buganvilla","routes":["129","174"]}},{"type":"Feature","geometry":{"type":"Point","coordinates":[-3.66974,40.48888]},"properties":{"stop_id":"3254","stop_code":"3254","stop_name":"Avenida De Manoteras - Oña","routes":["174"]}},{"type":"Feature","geometry":{"type":"Point","coordinates":[-3.67587,40.34371]},"properties":{"stop_id":"3255","stop_code":"3255","stop_name":"Berrocal - Limonita","routes":["085","123","512"]}},{"type":"Feature","geometry":{"type":"Point","coordinates":[-3.6676,40.48916]},"properties":{"stop_id":"3256","stop_code":"3256","stop_name":"Oña - Hospital","routes":["174"]}},{"type":"Feature","geometry":{"type":"Point","coordinates":[-3.67726,40.34814]},"properties":{"stop_id":"3257","stop_code":"3257","stop_name":"Berrocal - Bario","routes":["085","123","512"]}},{"type":"Feature","geometry":{"type":"Point","coordinates":[-3.66516,40.48931]},"properties":{"stop_id":"3258","stop_code":"3258","stop_name":"Oña - Infanta María","routes":["174"]}},{"type":"Feature","geometry":{"type":"Point","coordinates":[-3.66208,40.48953]},"properties":{"stop_id":"3260","stop_code":"3260","stop_name":"Oña - Centro Deportivo","routes":["174"]}},{"type":"Feature","geometry":{"type":"Point","coordinates":[-3.66743,40.49435]},"properties":{"stop_id":"3261","stop_code":"3261","stop_name":"Avenida De Burgos - Pi Y Margall","routes":["173","174","176"]}},{"type":"Feature","geometry":{"type":"Point","coordinates":[-3.67213,40.49163]},"properties":{"stop_id":"3264","stop_code":"3264","stop_name":"Avenida De Burgos 89","routes":["173","174","176","833"]}},{"type":"Feature","geometry":{"type":"Point","coordinates":[-3.67303,40.49004]},"properties":{"stop_id":"3265","stop_code":"3265","stop_name":"Avenida De Burgos - Avenida De Manoteras","routes":["173","174","176","833"]}},{"type":"Feature","geometry":{"type":"Point","coordinates":[-3.67597,40.4811]},"properties":{"stop_id":"3266","stop_code":"3266","stop_name":"Avenida Burgos - Avenida San Luis","routes":["174","833"]}},{"type":"Feature","geometry":{"type":"Point","coordinates":[-3.67188,40.48898]},"properties":{"stop_id":"3267","stop_code":"3267","stop_name":"Avenida De Burgos - Avenida De Manoteras","routes":["174"]}},{"type":"Feature","geometry":{"type":"Point","coordinates":[-3.67209,40.48911]},"properties":{"stop_id":"3268","stop_code":"3268","stop_name":"Avenida De Burgos - Avenida De Manoteras","routes":["174"]}},{"type":"Feature","geometry":{"type":"Point","coordinates":[-3.69315,40.48595]},"properties":{"stop_id":"3269","stop_code":"3269","stop_name":"Antonio Robles - Hospital Ramón Y Cajal","routes":["135"]}},{"type":"Feature","geometry":{"type":"Point","coordinates":[-3.69366,40.48786]},"properties":{"stop_id":"3270","stop_code":"3270","stop_name":"Hospital Ramón Y Cajal","routes":["125","135","165","166"]}},{"type":"Feature","geometry":{"type":"Point","coordinates":[-3.69334,40.4863]},"properties":{"stop_id":"3271","stop_code":"3271","stop_name":"Antonio Robles - Hospital Ramón Y Cajal","routes":["125","135","165","166"]}},{"type":"Feature","geometry":{"type":"Point","coordinates":[-3.68924,40.48458]},"properties":{"stop_id":"3272","stop_code":"3272","stop_name":"Begoña - San Modesto","routes":["135"]}},{"type":"Feature","geometry":{"type":"Point","coordinates":[-3.72587,40.44843]},"properties":{"stop_id":"3273","stop_code":"3273","stop_name":"Ciencias Biológicas Y Geológicas","routes":["091","132"]}},{"type":"Feature","geometry":{"type":"Point","coordinates":[-3.72587,40.44859]},"properties":{"stop_id":"3274","stop_code":"3274","stop_name":"Ciencias Biológicas Y Geológicas","routes":["091","132"]}},{"type":"Feature","geometry":{"type":"Point","coordinates":[-3.72185,40.44577]},"properties":{"stop_id":"3276","stop_code":"3276","stop_name":"Gregorio Del Amo","routes":["091","132"]}},{"type":"Feature","geometry":{"type":"Point","coordinates":[-3.71784,40.44702]},"properties":{"stop_id":"3277","stop_code":"3277","stop_name":"Vicente Aleixandre","routes":["132"]}},{"type":"Feature","geometry":{"type":"Point","coordinates":[-3.71725,40.44926]},"properties":{"stop_id":"3278","stop_code":"3278","stop_name":"Vicente Aleixandre","routes":["091","132","869"]}},{"type":"Feature","geometry":{"type":"Point","coordinates":[-3.69224,40.51066]},"properties":{"stop_id":"3279","stop_code":"3279","stop_name":"Montecarmelo","routes":["134","178","523"]}},{"type":"Feature","geometry":{"type":"Point","coordinates":[-3.7214,40.44893]},"properties":{"stop_id":"3280","stop_code":"3280","stop_name":"Ramiro De Maeztu - Bernardo Torre Rojas","routes":["132"]}},{"type":"Feature","geometry":{"type":"Point","coordinates":[-3.71944,40.45109]},"properties":{"stop_id":"3281","stop_code":"3281","stop_name":"Colegio Mayor Alfonso X El Sabio","routes":["132"]}},{"type":"Feature","geometry":{"type":"Point","coordinates":[-3.71979,40.45107]},"properties":{"stop_id":"3282","stop_code":"3282","stop_name":"Colegio Mayor Alfonso X El Sabio","routes":["132"]}},{"type":"Feature","geometry":{"type":"Point","coordinates":[-3.71666,40.45281]},"properties":{"stop_id":"3283","stop_code":"3283","stop_name":"Sánchez Arcas - Bernardo Torre Rojas","routes":["132"]}},{"type":"Feature","geometry":{"type":"Point","coordinates":[-3.71691,40.45288]},"properties":{"stop_id":"3284","stop_code":"3284","stop_name":"Sánchez Arcas - Bernardo Torre Rojas","routes":["132"]}},{"type":"Feature","geometry":{"type":"Point","coordinates":[-3.71516,40.45399]},"properties":{"stop_id":"3285","stop_code":"3285","stop_name":"Sánchez Arcas - Rubio Y Galí","routes":["132"]}},{"type":"Feature","geometry":{"type":"Point","coordinates":[-3.71544,40.47725]},"properties":{"stop_id":"3287","stop_code":"3287","stop_name":"Monforte De Lemos - Ganapanes","routes":["132","137","179"]}},{"type":"Feature","geometry":{"type":"Point","coordinates":[-3.69711,40.4813]},"properties":{"stop_id":"3288","stop_code":"3288","stop_name":"Arzobispo Morcillo - Parque Norte","routes":["132"]}},{"type":"Feature","geometry":{"type":"Point","coordinates":[-3.69704,40.48146]},"properties":{"stop_id":"3289","stop_code":"3289","stop_name":"Arzobispo Morcillo - Parque Norte","routes":["132"]}},{"type":"Feature","geometry":{"type":"Point","coordinates":[-3.69435,40.48156]},"properties":{"stop_id":"3290","stop_code":"3290","stop_name":"Arzobispo Morcillo - Julio Palacios","routes":["132"]}},{"type":"Feature","geometry":{"type":"Point","coordinates":[-3.69435,40.48171]},"properties":{"stop_id":"3291","stop_code":"3291","stop_name":"Arzobispo Morcillo - Julio Palacios","routes":["132"]}},{"type":"Feature","geometry":{"type":"Point","coordinates":[-3.72417,40.44805]},"properties":{"stop_id":"3292","stop_code":"3292","stop_name":"Ing. Montes Y Medio Natural","routes":["091","132"]}},{"type":"Feature","geometry":{"type":"Point","coordinates":[-3.70325,40.48702]},"properties":{"stop_id":"3293","stop_code":"3293","stop_name":"Alfredo Marqueríe","routes":["133","523"]}},{"type":"Feature","geometry":{"type":"Point","coordinates":[-3.70546,40.49201]},"properties":{"stop_id":"3294","stop_code":"3294","stop_name":"Nuria - Peña Sirio","routes":["133","523"]}},{"type":"Feature","geometry":{"type":"Point","coordinates":[-3.71049,40.49354]},"properties":{"stop_id":"3296","stop_code":"3296","stop_name":"La Masó - Moralzarzal","routes":["133","134"]}},{"type":"Feature","geometry":{"type":"Point","coordinates":[-3.65311,40.38931]},"properties":{"stop_id":"3297","stop_code":"3297","stop_name":"Buenos Aires - Arroyo Del Olivar","routes":["136"]}},{"type":"Feature","geometry":{"type":"Point","coordinates":[-3.6528,40.38952]},"properties":{"stop_id":"3298","stop_code":"3298","stop_name":"Buenos Aires - Arroyo Del Olivar","routes":["136"]}},{"type":"Feature","geometry":{"type":"Point","coordinates":[-3.65329,40.38676]},"properties":{"stop_id":"3299","stop_code":"3299","stop_name":"Buenos Aires - Palomeras","routes":["136"]}},{"type":"Feature","geometry":{"type":"Point","coordinates":[-3.65334,40.38512]},"properties":{"stop_id":"3300","stop_code":"3300","stop_name":"Buenos Aires - Pedro Laborde","routes":["136"]}},{"type":"Feature","geometry":{"type":"Point","coordinates":[-3.65292,40.38568]},"properties":{"stop_id":"3301","stop_code":"3301","stop_name":"Buenos Aires - Pedro Laborde","routes":["136","510"]}},{"type":"Feature","geometry":{"type":"Point","coordinates":[-3.65316,40.382]},"properties":{"stop_id":"3302","stop_code":"3302","stop_name":"Buenos Aires - Pablo Neruda","routes":["136"]}},{"type":"Feature","geometry":{"type":"Point","coordinates":[-3.6527,40.38203]},"properties":{"stop_id":"3303","stop_code":"3303","stop_name":"Buenos Aires - Pablo Neruda","routes":["136"]}},{"type":"Feature","geometry":{"type":"Point","coordinates":[-3.65363,40.38161]},"properties":{"stop_id":"3304","stop_code":"3304","stop_name":"Pablo Neruda - Buenos Aires","routes":["136","144","511"]}},{"type":"Feature","geometry":{"type":"Point","coordinates":[-3.65347,40.38132]},"properties":{"stop_id":"3305","stop_code":"3305","stop_name":"Pablo Neruda - Buenos Aires","routes":["136","144","511"]}},{"type":"Feature","geometry":{"type":"Point","coordinates":[-3.65714,40.38165]},"properties":{"stop_id":"3306","stop_code":"3306","stop_name":"Pablo Neruda - Cenicienta","routes":["136","511"]}},{"type":"Feature","geometry":{"type":"Point","coordinates":[-3.65676,40.3813]},"properties":{"stop_id":"3307","stop_code":"3307","stop_name":"Pablo Neruda - Cenicienta","routes":["136","144","511"]}},{"type":"Feature","geometry":{"type":"Point","coordinates":[-3.65911,40.38163]},"properties":{"stop_id":"3308","stop_code":"3308","stop_name":"Pablo Neruda - Santos Inocentes","routes":["136","511"]}},{"type":"Feature","geometry":{"type":"Point","coordinates":[-3.65906,40.38134]},"properties":{"stop_id":"3309","stop_code":"3309","stop_name":"Pablo Neruda - Santos Inocentes","routes":["136","511"]}},{"type":"Feature","geometry":{"type":"Point","coordinates":[-3.65981,40.38038]},"properties":{"stop_id":"3310","stop_code":"3310","stop_name":"Palomeras Bajas - Mogambo","routes":["136"]}},{"type":"Feature","geometry":{"type":"Point","coordinates":[-3.6595,40.3804]},"properties":{"stop_id":"3311","stop_code":"3311","stop_name":"Palomeras Bajas - Mogambo","routes":["136"]}},{"type":"Feature","geometry":{"type":"Point","coordinates":[-3.65608,40.37659]},"properties":{"stop_id":"3312","stop_code":"3312","stop_name":"Madrid Sur","routes":["136"]}},{"type":"Feature","geometry":{"type":"Point","coordinates":[-3.66001,40.37831]},"properties":{"stop_id":"3313","stop_code":"3313","stop_name":"Puerto Balbarán - Felipe De Diego","routes":["136"]}},{"type":"Feature","geometry":{"type":"Point","coordinates":[-3.66353,40.39954]},"properties":{"stop_id":"3314","stop_code":"3314","stop_name":"Mendivil","routes":["141"]}},{"type":"Feature","geometry":{"type":"Point","coordinates":[-3.66063,40.39934]},"properties":{"stop_id":"3315","stop_code":"3315","stop_name":"Sierra Toledana - Camino Valderribas","routes":["141"]}},{"type":"Feature","geometry":{"type":"Point","coordinates":[-3.6608,40.3997]},"properties":{"stop_id":"3316","stop_code":"3316","stop_name":"Sierra Toledana - Camino Valderribas","routes":["056","141"]}},{"type":"Feature","geometry":{"type":"Point","coordinates":[-3.65957,40.40258]},"properties":{"stop_id":"3317","stop_code":"3317","stop_name":"Baltasar Santos - Sierra Toledana","routes":["141"]}},{"type":"Feature","geometry":{"type":"Point","coordinates":[-3.65704,40.402]},"properties":{"stop_id":"3318","stop_code":"3318","stop_name":"Baltasar Santos - Navacerrada","routes":["141"]}},{"type":"Feature","geometry":{"type":"Point","coordinates":[-3.65516,40.40302]},"properties":{"stop_id":"3319","stop_code":"3319","stop_name":"Marismas - Maruja García Romero","routes":["141"]}},{"type":"Feature","geometry":{"type":"Point","coordinates":[-3.65499,40.40311]},"properties":{"stop_id":"3320","stop_code":"3320","stop_name":"Marismas - Maruja García Romero","routes":["141"]}},{"type":"Feature","geometry":{"type":"Point","coordinates":[-3.65349,40.40148]},"properties":{"stop_id":"3321","stop_code":"3321","stop_name":"Marismas - Pérez De Ayala","routes":["141"]}},{"type":"Feature","geometry":{"type":"Point","coordinates":[-3.65341,40.40168]},"properties":{"stop_id":"3322","stop_code":"3322","stop_name":"Marismas - Pérez De Ayala","routes":["141"]}},{"type":"Feature","geometry":{"type":"Point","coordinates":[-3.65191,40.40139]},"properties":{"stop_id":"3323","stop_code":"3323","stop_name":"El Bosco - Pérez De Ayala","routes":["141"]}},{"type":"Feature","geometry":{"type":"Point","coordinates":[-3.65199,40.40165]},"properties":{"stop_id":"3324","stop_code":"3324","stop_name":"El Bosco - Pérez De Ayala","routes":["141"]}},{"type":"Feature","geometry":{"type":"Point","coordinates":[-3.65058,40.39951]},"properties":{"stop_id":"3325","stop_code":"3325","stop_name":"Pérez De Ayala - El Bosco","routes":["141"]}},{"type":"Feature","geometry":{"type":"Point","coordinates":[-3.65016,40.39964]},"properties":{"stop_id":"3326","stop_code":"3326","stop_name":"Pérez De Ayala - El Bosco","routes":["141"]}},{"type":"Feature","geometry":{"type":"Point","coordinates":[-3.65307,40.39789]},"properties":{"stop_id":"3327","stop_code":"3327","stop_name":"Pérez De Ayala - Benjamín Palencia","routes":["141"]}},{"type":"Feature","geometry":{"type":"Point","coordinates":[-3.65338,40.39756]},"properties":{"stop_id":"3328","stop_code":"3328","stop_name":"Pérez De Ayala - Benjamín Palencia","routes":["141"]}},{"type":"Feature","geometry":{"type":"Point","coordinates":[-3.66334,40.4001]},"properties":{"stop_id":"3329","stop_code":"3329","stop_name":"Camino Valderribas","routes":["056","141"]}},{"type":"Feature","geometry":{"type":"Point","coordinates":[-3.66025,40.40136]},"properties":{"stop_id":"3330","stop_code":"3330","stop_name":"Sierra Toledana - Baltasar Santos","routes":["141"]}},{"type":"Feature","geometry":{"type":"Point","coordinates":[-3.66035,40.40201]},"properties":{"stop_id":"3331","stop_code":"3331","stop_name":"Sierra Toledana - Baltasar Santos","routes":["056","141"]}},{"type":"Feature","geometry":{"type":"Point","coordinates":[-3.65953,40.40266]},"properties":{"stop_id":"3332","stop_code":"3332","stop_name":"Baltasar Santos - Sierra Toledana","routes":["141"]}},{"type":"Feature","geometry":{"type":"Point","coordinates":[-3.6571,40.40192]},"properties":{"stop_id":"3333","stop_code":"3333","stop_name":"Baltasar Santos - Navacerrada","routes":["141"]}},{"type":"Feature","geometry":{"type":"Point","coordinates":[-3.63628,40.40066]},"properties":{"stop_id":"3334","stop_code":"3334","stop_name":"Fuente Carrantona - Hacienda De Pavones","routes":["142","144","508"]}},{"type":"Feature","geometry":{"type":"Point","coordinates":[-3.63937,40.39637]},"properties":{"stop_id":"3335","stop_code":"3335","stop_name":"Fuente Carrantona - Arroyo Fontarrón","routes":["142","144"]}},{"type":"Feature","geometry":{"type":"Point","coordinates":[-3.63786,40.39865]},"properties":{"stop_id":"3336","stop_code":"3336","stop_name":"Fuente Carrantona - Encomienda De Palacios","routes":["142","144","508"]}},{"type":"Feature","geometry":{"type":"Point","coordinates":[-3.64302,40.39]},"properties":{"stop_id":"3337","stop_code":"3337","stop_name":"Alto Del Arenal","routes":["142"]}},{"type":"Feature","geometry":{"type":"Point","coordinates":[-3.64341,40.39016]},"properties":{"stop_id":"3338","stop_code":"3338","stop_name":"Alto Del Arenal","routes":["142"]}},{"type":"Feature","geometry":{"type":"Point","coordinates":[-3.62101,40.37599]},"properties":{"stop_id":"3339","stop_code":"3339","stop_name":"Congosto - Puerto Porzuna","routes":["103","142"]}},{"type":"Feature","geometry":{"type":"Point","coordinates":[-3.62291,40.37454]},"properties":{"stop_id":"3340","stop_code":"3340","stop_name":"Polideportivo Guillén Prim","routes":["103","142"]}},{"type":"Feature","geometry":{"type":"Point","coordinates":[-3.62207,40.37164]},"properties":{"stop_id":"3341","stop_code":"3341","stop_name":"Fuentidueña - Centro De Salud","routes":["142"]}},{"type":"Feature","geometry":{"type":"Point","coordinates":[-3.62084,40.37028]},"properties":{"stop_id":"3342","stop_code":"3342","stop_name":"Fuentidueña - Peña Cervera","routes":["142"]}},{"type":"Feature","geometry":{"type":"Point","coordinates":[-3.64104,40.38697]},"properties":{"stop_id":"3343","stop_code":"3343","stop_name":"Metro Miguel Hernández","routes":["144"]}},{"type":"Feature","geometry":{"type":"Point","coordinates":[-3.64064,40.38704]},"properties":{"stop_id":"3344","stop_code":"3344","stop_name":"Metro Miguel Hernández","routes":["144","510"]}},{"type":"Feature","geometry":{"type":"Point","coordinates":[-3.64283,40.38458]},"properties":{"stop_id":"3345","stop_code":"3345","stop_name":"Biblioteca Miguel Hernández","routes":["144"]}},{"type":"Feature","geometry":{"type":"Point","coordinates":[-3.64252,40.38459]},"properties":{"stop_id":"3346","stop_code":"3346","stop_name":"Biblioteca Miguel Hernández","routes":["144","510"]}},{"type":"Feature","geometry":{"type":"Point","coordinates":[-3.66452,40.38307]},"properties":{"stop_id":"3347","stop_code":"3347","stop_name":"San Diego - San Moisés","routes":["144"]}},{"type":"Feature","geometry":{"type":"Point","coordinates":[-3.64951,40.40031]},"properties":{"stop_id":"3350","stop_code":"3350","stop_name":"Mediterráneo - Pérez De Ayala","routes":["090","145"]}},{"type":"Feature","geometry":{"type":"Point","coordinates":[-3.64688,40.39793]},"properties":{"stop_id":"3351","stop_code":"3351","stop_name":"Mediterráneo - Pío Felipe","routes":["090","145"]}},{"type":"Feature","geometry":{"type":"Point","coordinates":[-3.64586,40.39808]},"properties":{"stop_id":"3352","stop_code":"3352","stop_name":"Mediterráneo - Pío Felipe","routes":["090","145"]}},{"type":"Feature","geometry":{"type":"Point","coordinates":[-3.64111,40.39474]},"properties":{"stop_id":"3353","stop_code":"3353","stop_name":"Mediterráneo - Pablo Neruda","routes":["063","090","145","509"]}},{"type":"Feature","geometry":{"type":"Point","coordinates":[-3.65243,40.40549]},"properties":{"stop_id":"3354","stop_code":"3354","stop_name":"Plaza Del Encuentro","routes":["008"]}},{"type":"Feature","geometry":{"type":"Point","coordinates":[-3.6495,40.39706]},"properties":{"stop_id":"3355","stop_code":"3355","stop_name":"Pío Felipe - Jadraque","routes":["143"]}},{"type":"Feature","geometry":{"type":"Point","coordinates":[-3.64936,40.39695]},"properties":{"stop_id":"3356","stop_code":"3356","stop_name":"Pío Felipe - Jadraque","routes":["143"]}},{"type":"Feature","geometry":{"type":"Point","coordinates":[-3.72375,40.40084]},"properties":{"stop_id":"3357","stop_code":"3357","stop_name":"San Illán - Hacienda","routes":["050"]}},{"type":"Feature","geometry":{"type":"Point","coordinates":[-3.68982,40.38695]},"properties":{"stop_id":"3359","stop_code":"3359","stop_name":"Nudo Sur","routes":["148","156","513"]}},{"type":"Feature","geometry":{"type":"Point","coordinates":[-3.68933,40.38756]},"properties":{"stop_id":"3360","stop_code":"3360","stop_name":"Nudo Sur","routes":["148","156","513"]}},{"type":"Feature","geometry":{"type":"Point","coordinates":[-3.68239,40.39385]},"properties":{"stop_id":"3365","stop_code":"3365","stop_name":"Tierno Galván - Planetario","routes":["148","156","513"]}},{"type":"Feature","geometry":{"type":"Point","coordinates":[-3.68254,40.39396]},"properties":{"stop_id":"3366","stop_code":"3366","stop_name":"Tierno Galván - Planetario","routes":["148","156","513"]}},{"type":"Feature","geometry":{"type":"Point","coordinates":[-3.68067,40.3949]},"properties":{"stop_id":"3367","stop_code":"3367","stop_name":"Avenida Del Planetario - Estación Sur","routes":["148","156"]}},{"type":"Feature","geometry":{"type":"Point","coordinates":[-3.67574,40.39428]},"properties":{"stop_id":"3368","stop_code":"3368","stop_name":"Méndez Álvaro - Centro Comercial","routes":["113","148"]}},{"type":"Feature","geometry":{"type":"Point","coordinates":[-3.67565,40.39466]},"properties":{"stop_id":"3369","stop_code":"3369","stop_name":"Méndez Álvaro - Centro Comercial","routes":["148"]}},{"type":"Feature","geometry":{"type":"Point","coordinates":[-3.67106,40.39757]},"properties":{"stop_id":"3371","stop_code":"3371","stop_name":"Játiva","routes":["113","148"]}},{"type":"Feature","geometry":{"type":"Point","coordinates":[-3.70213,40.4281]},"properties":{"stop_id":"3373","stop_code":"3373","stop_name":"Bilbao","routes":["040","149"]}},{"type":"Feature","geometry":{"type":"Point","coordinates":[-3.70272,40.43012]},"properties":{"stop_id":"3374","stop_code":"3374","stop_name":"Fuencarral - Bilbao","routes":["149"]}},{"type":"Feature","geometry":{"type":"Point","coordinates":[-3.70269,40.42952]},"properties":{"stop_id":"3375","stop_code":"3375","stop_name":"Fuencarral - Bilbao","routes":["003","037","149","523"]}},{"type":"Feature","geometry":{"type":"Point","coordinates":[-3.7031,40.43108]},"properties":{"stop_id":"3376","stop_code":"3376","stop_name":"Fuencarral - Alburquerque","routes":["149"]}},{"type":"Feature","geometry":{"type":"Point","coordinates":[-3.70358,40.43155]},"properties":{"stop_id":"3377","stop_code":"3377","stop_name":"Fuencarral - Alburquerque","routes":["003","037","149"]}},{"type":"Feature","geometry":{"type":"Point","coordinates":[-3.70401,40.43307]},"properties":{"stop_id":"3378","stop_code":"3378","stop_name":"Quevedo","routes":["149"]}},{"type":"Feature","geometry":{"type":"Point","coordinates":[-3.70419,40.43297]},"properties":{"stop_id":"3379","stop_code":"3379","stop_name":"Quevedo","routes":["003","037","149","523"]}},{"type":"Feature","geometry":{"type":"Point","coordinates":[-3.69697,40.44773]},"properties":{"stop_id":"3380","stop_code":"3380","stop_name":"Hernani","routes":["005","149"]}},{"type":"Feature","geometry":{"type":"Point","coordinates":[-3.69547,40.45228]},"properties":{"stop_id":"3381","stop_code":"3381","stop_name":"General Perón - Orense","routes":["043","149"]}},{"type":"Feature","geometry":{"type":"Point","coordinates":[-3.69233,40.45437]},"properties":{"stop_id":"3382","stop_code":"3382","stop_name":"Joan Maragall - Pedro Teixeira","routes":["149"]}},{"type":"Feature","geometry":{"type":"Point","coordinates":[-3.69204,40.45727]},"properties":{"stop_id":"3383","stop_code":"3383","stop_name":"Joan Maragall - San Germán","routes":["149"]}},{"type":"Feature","geometry":{"type":"Point","coordinates":[-3.69183,40.45997]},"properties":{"stop_id":"3384","stop_code":"3384","stop_name":"Joan Maragall - Sor Ángela De La Cruz","routes":["149"]}},{"type":"Feature","geometry":{"type":"Point","coordinates":[-3.69155,40.46179]},"properties":{"stop_id":"3385","stop_code":"3385","stop_name":"Joan Maragall - Rosario Pino","routes":["149"]}},{"type":"Feature","geometry":{"type":"Point","coordinates":[-3.68519,40.5053]},"properties":{"stop_id":"3386","stop_code":"3386","stop_name":"Nuestra Señora Valverde - Alonso Quijano","routes":["455"]}},{"type":"Feature","geometry":{"type":"Point","coordinates":[-3.6927,40.46229]},"properties":{"stop_id":"3387","stop_code":"3387","stop_name":"Joan Maragall - Rosario Pino","routes":["149"]}},{"type":"Feature","geometry":{"type":"Point","coordinates":[-3.69442,40.45961]},"properties":{"stop_id":"3388","stop_code":"3388","stop_name":"Orense - Sor Ángela De La Cruz","routes":["149"]}},{"type":"Feature","geometry":{"type":"Point","coordinates":[-3.70444,40.43477]},"properties":{"stop_id":"3389","stop_code":"3389","stop_name":"Bravo Murillo - Quevedo","routes":["037","149","523"]}},{"type":"Feature","geometry":{"type":"Point","coordinates":[-3.72672,40.46502]},"properties":{"stop_id":"3391","stop_code":"3391","stop_name":"Isla De Oza - San Martín De Porres","routes":["082","137","520"]}},{"type":"Feature","geometry":{"type":"Point","coordinates":[-3.70323,40.47952]},"properties":{"stop_id":"3392","stop_code":"3392","stop_name":"Monforte De Lemos - Finisterre","routes":["134","137"]}},{"type":"Feature","geometry":{"type":"Point","coordinates":[-3.70345,40.4797]},"properties":{"stop_id":"3393","stop_code":"3393","stop_name":"Monforte De Lemos - Finisterre","routes":["137"]}},{"type":"Feature","geometry":{"type":"Point","coordinates":[-3.64293,40.47698]},"properties":{"stop_id":"3395","stop_code":"3395","stop_name":"Santa Virgilia","routes":["502"]}},{"type":"Feature","geometry":{"type":"Point","coordinates":[-3.60022,40.44987]},"properties":{"stop_id":"3398","stop_code":"3398","stop_name":"Alcalá - Avenida Séptima","routes":["077","505"]}},{"type":"Feature","geometry":{"type":"Point","coordinates":[-3.68561,40.50439]},"properties":{"stop_id":"3399","stop_code":"3399","stop_name":"Nuestra Señora Valverde - Alonso Quijano","routes":["455"]}},{"type":"Feature","geometry":{"type":"Point","coordinates":[-3.59629,40.4499]},"properties":{"stop_id":"3403","stop_code":"3403","stop_name":"Alcalá - Ciudad Pegaso","routes":["077","505"]}},{"type":"Feature","geometry":{"type":"Point","coordinates":[-3.59627,40.44997]},"properties":{"stop_id":"3404","stop_code":"3404","stop_name":"Alcalá - Ciudad Pegaso","routes":["077","088","505"]}},{"type":"Feature","geometry":{"type":"Point","coordinates":[-3.59461,40.44921]},"properties":{"stop_id":"3405","stop_code":"3405","stop_name":"Avenida Tercera - Calle Tres","routes":["077","505"]}},{"type":"Feature","geometry":{"type":"Point","coordinates":[-3.60023,40.44994]},"properties":{"stop_id":"3406","stop_code":"3406","stop_name":"Alcalá - Avenida Séptima","routes":["077","088","505"]}},{"type":"Feature","geometry":{"type":"Point","coordinates":[-3.61241,40.44673]},"properties":{"stop_id":"3407","stop_code":"3407","stop_name":"Alcalá - Esfinge","routes":["077","140","505"]}},{"type":"Feature","geometry":{"type":"Point","coordinates":[-3.61827,40.42669]},"properties":{"stop_id":"3408","stop_code":"3408","stop_name":"Pobladura Del Valle - Alconera","routes":["048","167","506"]}},{"type":"Feature","geometry":{"type":"Point","coordinates":[-3.60776,40.43248]},"properties":{"stop_id":"3409","stop_code":"3409","stop_name":"Las Rosas - Metro Las Musas","routes":["038","402"]}},{"type":"Feature","geometry":{"type":"Point","coordinates":[-3.6108,40.42974]},"properties":{"stop_id":"3410","stop_code":"3410","stop_name":"Avenida Canillejas - Julia García Boután","routes":["506"]}},{"type":"Feature","geometry":{"type":"Point","coordinates":[-3.68974,40.35736]},"properties":{"stop_id":"3413","stop_code":"3413","stop_name":"Orovilla - Dulzura","routes":["023","513"]}},{"type":"Feature","geometry":{"type":"Point","coordinates":[-3.68961,40.35494]},"properties":{"stop_id":"3414","stop_code":"3414","stop_name":"Villafuerte","routes":["023","513"]}},{"type":"Feature","geometry":{"type":"Point","coordinates":[-3.68918,40.35495]},"properties":{"stop_id":"3415","stop_code":"3415","stop_name":"Villafuerte","routes":["023","513"]}},{"type":"Feature","geometry":{"type":"Point","coordinates":[-3.76131,40.39251]},"properties":{"stop_id":"3416","stop_code":"3416","stop_name":"Tembleque - Illescas","routes":["518"]}},{"type":"Feature","geometry":{"type":"Point","coordinates":[-3.76214,40.38959]},"properties":{"stop_id":"3417","stop_code":"3417","stop_name":"Maqueda","routes":["518"]}},{"type":"Feature","geometry":{"type":"Point","coordinates":[-3.6898,40.35862]},"properties":{"stop_id":"3418","stop_code":"3418","stop_name":"Orovilla - Felicidad","routes":["023"]}},{"type":"Feature","geometry":{"type":"Point","coordinates":[-3.70811,40.48178]},"properties":{"stop_id":"3421","stop_code":"3421","stop_name":"Santiago De Compostela - Pintor Llorens","routes":["127"]}},{"type":"Feature","geometry":{"type":"Point","coordinates":[-3.72739,40.4329]},"properties":{"stop_id":"3423","stop_code":"3423","stop_name":"Ruperto Chapí","routes":["093"]}},{"type":"Feature","geometry":{"type":"Point","coordinates":[-3.73405,40.43446]},"properties":{"stop_id":"3424","stop_code":"3424","stop_name":"Puente De Los Franceses","routes":["093","160","161"]}},{"type":"Feature","geometry":{"type":"Point","coordinates":[-3.74148,40.43778]},"properties":{"stop_id":"3425","stop_code":"3425","stop_name":"Club De Campo","routes":["093","160","161","528"]}},{"type":"Feature","geometry":{"type":"Point","coordinates":[-3.74219,40.43783]},"properties":{"stop_id":"3426","stop_code":"3426","stop_name":"Club De Campo","routes":["093","160","161","528"]}},{"type":"Feature","geometry":{"type":"Point","coordinates":[-3.76227,40.44938]},"properties":{"stop_id":"3427","stop_code":"3427","stop_name":"Vía De Las Dos Castillas","routes":["160","161","528"]}},{"type":"Feature","geometry":{"type":"Point","coordinates":[-3.76316,40.4498]},"properties":{"stop_id":"3428","stop_code":"3428","stop_name":"Vía De Las Dos Castillas","routes":["160","161","528"]}},{"type":"Feature","geometry":{"type":"Point","coordinates":[-3.76898,40.4516]},"properties":{"stop_id":"3429","stop_code":"3429","stop_name":"Arroyo Pozuelo - Alcornoque","routes":["160"]}},{"type":"Feature","geometry":{"type":"Point","coordinates":[-3.76866,40.4514]},"properties":{"stop_id":"3430","stop_code":"3430","stop_name":"Arroyo Pozuelo - Alcornoque","routes":["160"]}},{"type":"Feature","geometry":{"type":"Point","coordinates":[-3.77253,40.45157]},"properties":{"stop_id":"3431","stop_code":"3431","stop_name":"Arroyo Pozuelo - Anís","routes":["160","528"]}},{"type":"Feature","geometry":{"type":"Point","coordinates":[-3.77229,40.45138]},"properties":{"stop_id":"3432","stop_code":"3432","stop_name":"Arroyo Pozuelo - Anís","routes":["160","528"]}},{"type":"Feature","geometry":{"type":"Point","coordinates":[-3.77612,40.45259]},"properties":{"stop_id":"3433","stop_code":"3433","stop_name":"Arroyo Pozuelo - Hinojo","routes":["160"]}},{"type":"Feature","geometry":{"type":"Point","coordinates":[-3.77507,40.45203]},"properties":{"stop_id":"3434","stop_code":"3434","stop_name":"Arroyo Pozuelo - Hinojo","routes":["160"]}},{"type":"Feature","geometry":{"type":"Point","coordinates":[-3.78236,40.44975]},"properties":{"stop_id":"3435","stop_code":"3435","stop_name":"Húmera - Vía Láctea","routes":["160"]}},{"type":"Feature","geometry":{"type":"Point","coordinates":[-3.78211,40.45005]},"properties":{"stop_id":"3436","stop_code":"3436","stop_name":"Húmera - Vía Láctea","routes":["160"]}},{"type":"Feature","geometry":{"type":"Point","coordinates":[-3.78322,40.4489]},"properties":{"stop_id":"3437","stop_code":"3437","stop_name":"Rosas De Aravaca - Estación","routes":["160"]}},{"type":"Feature","geometry":{"type":"Point","coordinates":[-3.77899,40.45842]},"properties":{"stop_id":"3440","stop_code":"3440","stop_name":"Carretera De Húmera - Fuente Del Rey","routes":["160","161"]}},{"type":"Feature","geometry":{"type":"Point","coordinates":[-3.77909,40.45844]},"properties":{"stop_id":"3441","stop_code":"3441","stop_name":"Carretera De Húmera - Fuente Del Rey","routes":["160","161"]}},{"type":"Feature","geometry":{"type":"Point","coordinates":[-3.78379,40.46101]},"properties":{"stop_id":"3443","stop_code":"3443","stop_name":"Pléyades - Ana Teresa","routes":["160","161","528"]}},{"type":"Feature","geometry":{"type":"Point","coordinates":[-3.78758,40.46225]},"properties":{"stop_id":"3444","stop_code":"3444","stop_name":"Ana Teresa - Antares","routes":["160"]}},{"type":"Feature","geometry":{"type":"Point","coordinates":[-3.78696,40.45937]},"properties":{"stop_id":"3445","stop_code":"3445","stop_name":"Aravaca","routes":["160","528"]}},{"type":"Feature","geometry":{"type":"Point","coordinates":[-3.77939,40.45948]},"properties":{"stop_id":"3447","stop_code":"3447","stop_name":"Osa Mayor - Carretera De Húmera","routes":["160","161","528"]}},{"type":"Feature","geometry":{"type":"Point","coordinates":[-3.73043,40.43511]},"properties":{"stop_id":"3448","stop_code":"3448","stop_name":"Séneca - Martín Fierro","routes":["093","160","161"]}},{"type":"Feature","geometry":{"type":"Point","coordinates":[-3.72401,40.43705]},"properties":{"stop_id":"3449","stop_code":"3449","stop_name":"Avenida De La Memoria","routes":["093","160","161","528"]}},{"type":"Feature","geometry":{"type":"Point","coordinates":[-3.76762,40.45563]},"properties":{"stop_id":"3450","stop_code":"3450","stop_name":"Carretera De Castilla - Colegio Rosales","routes":["161"]}},{"type":"Feature","geometry":{"type":"Point","coordinates":[-3.76728,40.4559]},"properties":{"stop_id":"3451","stop_code":"3451","stop_name":"Carretera De Castilla - Colegio Rosales","routes":["161"]}},{"type":"Feature","geometry":{"type":"Point","coordinates":[-3.766,40.46554]},"properties":{"stop_id":"3452","stop_code":"3452","stop_name":"Darío Aparicio - Cabo Cañaveral","routes":["161"]}},{"type":"Feature","geometry":{"type":"Point","coordinates":[-3.76611,40.46549]},"properties":{"stop_id":"3453","stop_code":"3453","stop_name":"Darío Aparicio - Cabo Cañaveral","routes":["161"]}},{"type":"Feature","geometry":{"type":"Point","coordinates":[-3.76714,40.46858]},"properties":{"stop_id":"3454","stop_code":"3454","stop_name":"Darío Aparicio - Tapia De Casariego","routes":["161"]}},{"type":"Feature","geometry":{"type":"Point","coordinates":[-3.76724,40.4686]},"properties":{"stop_id":"3455","stop_code":"3455","stop_name":"Darío Aparicio - Tapia De Casariego","routes":["161"]}},{"type":"Feature","geometry":{"type":"Point","coordinates":[-3.76901,40.47068]},"properties":{"stop_id":"3456","stop_code":"3456","stop_name":"Darío Aparicio 35","routes":["161"]}},{"type":"Feature","geometry":{"type":"Point","coordinates":[-3.76905,40.47058]},"properties":{"stop_id":"3457","stop_code":"3457","stop_name":"Darío Aparicio 35","routes":["161"]}},{"type":"Feature","geometry":{"type":"Point","coordinates":[-3.77069,40.47213]},"properties":{"stop_id":"3458","stop_code":"3458","stop_name":"Darío Aparicio - Viñas De El Pardo","routes":["161"]}},{"type":"Feature","geometry":{"type":"Point","coordinates":[-3.77069,40.47205]},"properties":{"stop_id":"3459","stop_code":"3459","stop_name":"Darío Aparicio - Viñas De El Pardo","routes":["161"]}},{"type":"Feature","geometry":{"type":"Point","coordinates":[-3.7733,40.47074]},"properties":{"stop_id":"3460","stop_code":"3460","stop_name":"Valdemarín - Lavadero","routes":["161"]}},{"type":"Feature","geometry":{"type":"Point","coordinates":[-3.77328,40.47045]},"properties":{"stop_id":"3461","stop_code":"3461","stop_name":"Valdemarín - Lavadero","routes":["161"]}},{"type":"Feature","geometry":{"type":"Point","coordinates":[-3.77846,40.47041]},"properties":{"stop_id":"3462","stop_code":"3462","stop_name":"Valdemarín - Cisne","routes":["161"]}},{"type":"Feature","geometry":{"type":"Point","coordinates":[-3.77844,40.4701]},"properties":{"stop_id":"3463","stop_code":"3463","stop_name":"Valdemarín - Cisne","routes":["161"]}},{"type":"Feature","geometry":{"type":"Point","coordinates":[-3.70104,40.3322]},"properties":{"stop_id":"3464","stop_code":"3464","stop_name":"Polígono Industrial La Resina","routes":["456"]}},{"type":"Feature","geometry":{"type":"Point","coordinates":[-3.70201,40.33588]},"properties":{"stop_id":"3465","stop_code":"3465","stop_name":"Resina - San Eustaquio","routes":["456"]}},{"type":"Feature","geometry":{"type":"Point","coordinates":[-3.78374,40.46623]},"properties":{"stop_id":"3466","stop_code":"3466","stop_name":"La Salle - Blanca De Castilla","routes":["161"]}},{"type":"Feature","geometry":{"type":"Point","coordinates":[-3.78378,40.4664]},"properties":{"stop_id":"3467","stop_code":"3467","stop_name":"La Salle - Blanca De Castilla","routes":["161","528"]}},{"type":"Feature","geometry":{"type":"Point","coordinates":[-3.7848,40.46474]},"properties":{"stop_id":"3468","stop_code":"3468","stop_name":"Blanca De Castilla - Camino De La Zarzuela","routes":["162"]}},{"type":"Feature","geometry":{"type":"Point","coordinates":[-3.78451,40.46439]},"properties":{"stop_id":"3469","stop_code":"3469","stop_name":"Blanca De Castilla - Camino De La Zarzuela","routes":["162"]}},{"type":"Feature","geometry":{"type":"Point","coordinates":[-3.78677,40.46565]},"properties":{"stop_id":"3470","stop_code":"3470","stop_name":"Cementerio De Aravaca","routes":["162"]}},{"type":"Feature","geometry":{"type":"Point","coordinates":[-3.78649,40.46528]},"properties":{"stop_id":"3471","stop_code":"3471","stop_name":"Cementerio De Aravaca","routes":["162"]}},{"type":"Feature","geometry":{"type":"Point","coordinates":[-3.79111,40.46894]},"properties":{"stop_id":"3472","stop_code":"3472","stop_name":"Camino De La Zarzuela - Cabellera Berenice","routes":["162"]}},{"type":"Feature","geometry":{"type":"Point","coordinates":[-3.7911,40.46881]},"properties":{"stop_id":"3473","stop_code":"3473","stop_name":"Camino De La Zarzuela - Cabellera Berenice","routes":["162"]}},{"type":"Feature","geometry":{"type":"Point","coordinates":[-3.79705,40.46967]},"properties":{"stop_id":"3476","stop_code":"3476","stop_name":"Príncipe De Viana - Arenas Navarro","routes":["162"]}},{"type":"Feature","geometry":{"type":"Point","coordinates":[-3.79691,40.46954]},"properties":{"stop_id":"3477","stop_code":"3477","stop_name":"Príncipe De Viana - Arenas Navarro","routes":["162"]}},{"type":"Feature","geometry":{"type":"Point","coordinates":[-3.79971,40.4694]},"properties":{"stop_id":"3478","stop_code":"3478","stop_name":"Príncipe De Viana - Miravalles","routes":["162"]}},{"type":"Feature","geometry":{"type":"Point","coordinates":[-3.79965,40.46926]},"properties":{"stop_id":"3479","stop_code":"3479","stop_name":"Príncipe De Viana - Miravalles","routes":["162"]}},{"type":"Feature","geometry":{"type":"Point","coordinates":[-3.70203,40.33609]},"properties":{"stop_id":"3481","stop_code":"3481","stop_name":"Resina - San Eustaquio","routes":["456"]}},{"type":"Feature","geometry":{"type":"Point","coordinates":[-3.7058,40.33581]},"properties":{"stop_id":"3482","stop_code":"3482","stop_name":"Resina - San Erasmo","routes":["456"]}},{"type":"Feature","geometry":{"type":"Point","coordinates":[-3.81387,40.47119]},"properties":{"stop_id":"3483","stop_code":"3483","stop_name":"Lasarte - Zumarraga","routes":["162"]}},{"type":"Feature","geometry":{"type":"Point","coordinates":[-3.70627,40.33602]},"properties":{"stop_id":"3484","stop_code":"3484","stop_name":"Resina - San Erasmo","routes":["456"]}},{"type":"Feature","geometry":{"type":"Point","coordinates":[-3.81578,40.473]},"properties":{"stop_id":"3485","stop_code":"3485","stop_name":"Guecho - Ibaiondo","routes":["162"]}},{"type":"Feature","geometry":{"type":"Point","coordinates":[-3.70713,40.33365]},"properties":{"stop_id":"3486","stop_code":"3486","stop_name":"Laguna Del Marquesado - San Erasmo","routes":["456"]}},{"type":"Feature","geometry":{"type":"Point","coordinates":[-3.82303,40.47505]},"properties":{"stop_id":"3487","stop_code":"3487","stop_name":"Provincias Vascongadas","routes":["162"]}},{"type":"Feature","geometry":{"type":"Point","coordinates":[-3.70715,40.33384]},"properties":{"stop_id":"3488","stop_code":"3488","stop_name":"Laguna Del Marquesado - San Erasmo","routes":["456"]}},{"type":"Feature","geometry":{"type":"Point","coordinates":[-3.83014,40.47714]},"properties":{"stop_id":"3489","stop_code":"3489","stop_name":"Paradores - Venta Vieja","routes":["162"]}},{"type":"Feature","geometry":{"type":"Point","coordinates":[-3.71095,40.33359]},"properties":{"stop_id":"3490","stop_code":"3490","stop_name":"Laguna Del Marquesado - Real De Pinto","routes":["456"]}},{"type":"Feature","geometry":{"type":"Point","coordinates":[-3.83603,40.47664]},"properties":{"stop_id":"3491","stop_code":"3491","stop_name":"Avenida De Casaquemada","routes":["162"]}},{"type":"Feature","geometry":{"type":"Point","coordinates":[-3.80382,40.46934]},"properties":{"stop_id":"3492","stop_code":"3492","stop_name":"Amorebieta - Deusto","routes":["162"]}},{"type":"Feature","geometry":{"type":"Point","coordinates":[-3.70495,40.42966]},"properties":{"stop_id":"3493","stop_code":"3493","stop_name":"Carranza","routes":["003","147"]}},{"type":"Feature","geometry":{"type":"Point","coordinates":[-3.71077,40.33378]},"properties":{"stop_id":"3494","stop_code":"3494","stop_name":"Laguna Del Marquesado - Real De Pinto","routes":["456"]}},{"type":"Feature","geometry":{"type":"Point","coordinates":[-3.62574,40.39794]},"properties":{"stop_id":"3495","stop_code":"3495","stop_name":"José Prat - Ladera De Los Almendros","routes":["008","071","404"]}},{"type":"Feature","geometry":{"type":"Point","coordinates":[-3.62575,40.39877]},"properties":{"stop_id":"3496","stop_code":"3496","stop_name":"José Prat - Ladera De Los Almendros","routes":["008","071","404"]}},{"type":"Feature","geometry":{"type":"Point","coordinates":[-3.62218,40.39767]},"properties":{"stop_id":"3497","stop_code":"3497","stop_name":"Indalecio Prieto - José Prat","routes":["008","071"]}},{"type":"Feature","geometry":{"type":"Point","coordinates":[-3.62291,40.39809]},"properties":{"stop_id":"3498","stop_code":"3498","stop_name":"Indalecio Prieto - José Prat","routes":["508"]}},{"type":"Feature","geometry":{"type":"Point","coordinates":[-3.71334,40.33356]},"properties":{"stop_id":"3499","stop_code":"3499","stop_name":"San Ezequiel - Real De Pinto","routes":["456"]}},{"type":"Feature","geometry":{"type":"Point","coordinates":[-3.64937,40.44779]},"properties":{"stop_id":"3500","stop_code":"3500","stop_name":"Arturo Soria - Josefa Valcárcel","routes":["114"]}},{"type":"Feature","geometry":{"type":"Point","coordinates":[-3.71332,40.33368]},"properties":{"stop_id":"3501","stop_code":"3501","stop_name":"San Ezequiel - Real De Pinto","routes":["456"]}},{"type":"Feature","geometry":{"type":"Point","coordinates":[-3.65155,40.40585]},"properties":{"stop_id":"3504","stop_code":"3504","stop_name":"Moratalaz","routes":["100"]}},{"type":"Feature","geometry":{"type":"Point","coordinates":[-3.71407,40.33542]},"properties":{"stop_id":"3505","stop_code":"3505","stop_name":"Ciudad De Frías - Resina","routes":["456"]}},{"type":"Feature","geometry":{"type":"Point","coordinates":[-3.62068,40.44255]},"properties":{"stop_id":"3506","stop_code":"3506","stop_name":"Alcalá - Cronos","routes":["077"]}},{"type":"Feature","geometry":{"type":"Point","coordinates":[-3.62064,40.44276]},"properties":{"stop_id":"3507","stop_code":"3507","stop_name":"Alcalá - Cronos","routes":["077"]}},{"type":"Feature","geometry":{"type":"Point","coordinates":[-3.59654,40.44766]},"properties":{"stop_id":"3508","stop_code":"3508","stop_name":"Avenida Quinta","routes":["077","505"]}},{"type":"Feature","geometry":{"type":"Point","coordinates":[-3.59673,40.4456]},"properties":{"stop_id":"3509","stop_code":"3509","stop_name":"Avenida Quinta - Calle Diez","routes":["077","505"]}},{"type":"Feature","geometry":{"type":"Point","coordinates":[-3.59466,40.44455]},"properties":{"stop_id":"3510","stop_code":"3510","stop_name":"Calle Once - Avenida Segunda","routes":["077","505"]}},{"type":"Feature","geometry":{"type":"Point","coordinates":[-3.58225,40.44417]},"properties":{"stop_id":"3513","stop_code":"3513","stop_name":"Samaniego - Campezo","routes":["077","167","505"]}},{"type":"Feature","geometry":{"type":"Point","coordinates":[-3.58222,40.44431]},"properties":{"stop_id":"3514","stop_code":"3514","stop_name":"Samaniego - Campezo","routes":["077","088","167","505"]}},{"type":"Feature","geometry":{"type":"Point","coordinates":[-3.58016,40.44405]},"properties":{"stop_id":"3516","stop_code":"3516","stop_name":"Nanclares De Oca - Arcaute","routes":["077","167"]}},{"type":"Feature","geometry":{"type":"Point","coordinates":[-3.57834,40.44487]},"properties":{"stop_id":"3518","stop_code":"3518","stop_name":"Nanclares De Oca - Aramayona","routes":["077","167"]}},{"type":"Feature","geometry":{"type":"Point","coordinates":[-3.57069,40.44844]},"properties":{"stop_id":"3524","stop_code":"3524","stop_name":"Fuentelviejo","routes":["077","167","505"]}},{"type":"Feature","geometry":{"type":"Point","coordinates":[-3.56938,40.44673]},"properties":{"stop_id":"3526","stop_code":"3526","stop_name":"Diciembre - Febrero","routes":["077","167","505"]}},{"type":"Feature","geometry":{"type":"Point","coordinates":[-3.56971,40.44421]},"properties":{"stop_id":"3527","stop_code":"3527","stop_name":"Fin De Semana","routes":["077","505"]}},{"type":"Feature","geometry":{"type":"Point","coordinates":[-3.57082,40.44803]},"properties":{"stop_id":"3528","stop_code":"3528","stop_name":"Gascueña","routes":["077","167","505"]}},{"type":"Feature","geometry":{"type":"Point","coordinates":[-3.59431,40.44519]},"properties":{"stop_id":"3530","stop_code":"3530","stop_name":"Avenida Segunda - Calle Diez","routes":["077","505"]}},{"type":"Feature","geometry":{"type":"Point","coordinates":[-3.59415,40.44695]},"properties":{"stop_id":"3531","stop_code":"3531","stop_name":"Avenida Segunda - Calle Ocho","routes":["077","505"]}},{"type":"Feature","geometry":{"type":"Point","coordinates":[-3.60961,40.44854]},"properties":{"stop_id":"3533","stop_code":"3533","stop_name":"Canillejas","routes":["077","165","505"]}},{"type":"Feature","geometry":{"type":"Point","coordinates":[-3.63294,40.43941]},"properties":{"stop_id":"3534","stop_code":"3534","stop_name":"Alcalá - Santa Leonor","routes":["077","104","505"]}},{"type":"Feature","geometry":{"type":"Point","coordinates":[-3.60289,40.45378]},"properties":{"stop_id":"3535","stop_code":"3535","stop_name":"Jardines De Aranjuez","routes":["101","105","151"]}},{"type":"Feature","geometry":{"type":"Point","coordinates":[-3.5892,40.45548]},"properties":{"stop_id":"3536","stop_code":"3536","stop_name":"Carabela - Balandro","routes":["101","151"]}},{"type":"Feature","geometry":{"type":"Point","coordinates":[-3.58117,40.45699]},"properties":{"stop_id":"3537","stop_code":"3537","stop_name":"Centro De Carga Aérea","routes":["101","114"]}},{"type":"Feature","geometry":{"type":"Point","coordinates":[-3.57071,40.46403]},"properties":{"stop_id":"3539","stop_code":"3539","stop_name":"Aeropuerto T1 - Salidas","routes":["101","200","203","527","532"]}},{"type":"Feature","geometry":{"type":"Point","coordinates":[-3.57093,40.46412]},"properties":{"stop_id":"3540","stop_code":"3540","stop_name":"Aeropuerto T1 - Llegadas","routes":["203","527"]}},{"type":"Feature","geometry":{"type":"Point","coordinates":[-3.56992,40.46948]},"properties":{"stop_id":"3542","stop_code":"3542","stop_name":"Aeropuerto T2 - Llegadas","routes":["101","200","203","527","532"]}},{"type":"Feature","geometry":{"type":"Point","coordinates":[-3.61989,40.49686]},"properties":{"stop_id":"3544","stop_code":"3544","stop_name":"Félix Candela - Gutiérrez Mellado","routes":["171","174"]}},{"type":"Feature","geometry":{"type":"Point","coordinates":[-3.61989,40.49692]},"properties":{"stop_id":"3545","stop_code":"3545","stop_name":"Félix Candela - Gutiérrez Mellado","routes":["171","174"]}},{"type":"Feature","geometry":{"type":"Point","coordinates":[-3.57598,40.47679]},"properties":{"stop_id":"3546","stop_code":"3546","stop_name":"Zodiaco","routes":["101"]}},{"type":"Feature","geometry":{"type":"Point","coordinates":[-3.57609,40.47673]},"properties":{"stop_id":"3547","stop_code":"3547","stop_name":"Zodiaco","routes":["101"]}},{"type":"Feature","geometry":{"type":"Point","coordinates":[-3.57994,40.4751]},"properties":{"stop_id":"3548","stop_code":"3548","stop_name":"Acuario","routes":["101"]}},{"type":"Feature","geometry":{"type":"Point","coordinates":[-3.57987,40.47515]},"properties":{"stop_id":"3549","stop_code":"3549","stop_name":"Acuario","routes":["101"]}},{"type":"Feature","geometry":{"type":"Point","coordinates":[-3.64832,40.47676]},"properties":{"stop_id":"3550","stop_code":"3550","stop_name":"Mar De Las Antillas - Abarzuza","routes":["009"]}},{"type":"Feature","geometry":{"type":"Point","coordinates":[-3.71402,40.338]},"properties":{"stop_id":"3552","stop_code":"3552","stop_name":"Ciudad De Frías - Bascuñuelos","routes":["456"]}},{"type":"Feature","geometry":{"type":"Point","coordinates":[-3.71524,40.33805]},"properties":{"stop_id":"3553","stop_code":"3553","stop_name":"Valle De Tobalina - Bascuñuelos","routes":["456"]}},{"type":"Feature","geometry":{"type":"Point","coordinates":[-3.71418,40.34092]},"properties":{"stop_id":"3554","stop_code":"3554","stop_name":"Valle De Tobalina - Ciudad De Frías","routes":["456"]}},{"type":"Feature","geometry":{"type":"Point","coordinates":[-3.69972,40.4308]},"properties":{"stop_id":"3555","stop_code":"3555","stop_name":"Luchana","routes":["037","040","147"]}},{"type":"Feature","geometry":{"type":"Point","coordinates":[-3.62,40.40312]},"properties":{"stop_id":"3556","stop_code":"3556","stop_name":"Indalecio Prieto - Los Juglares","routes":["071","130"]}},{"type":"Feature","geometry":{"type":"Point","coordinates":[-3.7152,40.34037]},"properties":{"stop_id":"3558","stop_code":"3558","stop_name":"Valle De Tobalina - Acebeda","routes":["456"]}},{"type":"Feature","geometry":{"type":"Point","coordinates":[-3.71485,40.3421]},"properties":{"stop_id":"3559","stop_code":"3559","stop_name":"Domingo Párraga - Astillero","routes":["022","456"]}},{"type":"Feature","geometry":{"type":"Point","coordinates":[-3.63963,40.40628]},"properties":{"stop_id":"3560","stop_code":"3560","stop_name":"Pico Artilleros - Luis De Hoyos","routes":["032"]}},{"type":"Feature","geometry":{"type":"Point","coordinates":[-3.69877,40.40032]},"properties":{"stop_id":"3561","stop_code":"3561","stop_name":"Santa María De La Cabeza","routes":["078","148"]}},{"type":"Feature","geometry":{"type":"Point","coordinates":[-3.71486,40.34229]},"properties":{"stop_id":"3562","stop_code":"3562","stop_name":"Domingo Párraga - Astillero","routes":["022","456"]}},{"type":"Feature","geometry":{"type":"Point","coordinates":[-3.64056,40.44878]},"properties":{"stop_id":"3563","stop_code":"3563","stop_name":"Josefa Valcárcel","routes":["114","115","504"]}},{"type":"Feature","geometry":{"type":"Point","coordinates":[-3.73368,40.39372]},"properties":{"stop_id":"3565","stop_code":"3565","stop_name":"Roger De Flor","routes":["119"]}},{"type":"Feature","geometry":{"type":"Point","coordinates":[-3.67229,40.48948]},"properties":{"stop_id":"3566","stop_code":"3566","stop_name":"Avenida De Burgos - Avenida De Manoteras","routes":["173","176"]}},{"type":"Feature","geometry":{"type":"Point","coordinates":[-3.7039,40.48708]},"properties":{"stop_id":"3567","stop_code":"3567","stop_name":"Alfredo Marqueríe","routes":["124"]}},{"type":"Feature","geometry":{"type":"Point","coordinates":[-3.68964,40.46698]},"properties":{"stop_id":"3568","stop_code":"3568","stop_name":"Plaza Castilla","routes":["042","124","147","179","524"]}},{"type":"Feature","geometry":{"type":"Point","coordinates":[-3.71828,40.3409]},"properties":{"stop_id":"3569","stop_code":"3569","stop_name":"Domingo Párraga - Ferroviarios","routes":["456"]}},{"type":"Feature","geometry":{"type":"Point","coordinates":[-3.69181,40.44625]},"properties":{"stop_id":"3570","stop_code":"3570","stop_name":"Nuevos Ministerios","routes":["126"]}},{"type":"Feature","geometry":{"type":"Point","coordinates":[-3.70915,40.4943]},"properties":{"stop_id":"3571","stop_code":"3571","stop_name":"La Masó - Nuria","routes":["133","523"]}},{"type":"Feature","geometry":{"type":"Point","coordinates":[-3.70924,40.49421]},"properties":{"stop_id":"3572","stop_code":"3572","stop_name":"La Masó - Nuria","routes":["133","523"]}},{"type":"Feature","geometry":{"type":"Point","coordinates":[-3.69002,40.48464]},"properties":{"stop_id":"3573","stop_code":"3573","stop_name":"Begoña - San Modesto","routes":["135"]}},{"type":"Feature","geometry":{"type":"Point","coordinates":[-3.71808,40.34095]},"properties":{"stop_id":"3574","stop_code":"3574","stop_name":"Domingo Párraga - Ferroviarios","routes":["456"]}},{"type":"Feature","geometry":{"type":"Point","coordinates":[-3.78518,40.4481]},"properties":{"stop_id":"3575","stop_code":"3575","stop_name":"Estación De Aravaca","routes":["161","163"]}},{"type":"Feature","geometry":{"type":"Point","coordinates":[-3.66904,40.39879]},"properties":{"stop_id":"3576","stop_code":"3576","stop_name":"Puente De Vallecas","routes":["058","111"]}},{"type":"Feature","geometry":{"type":"Point","coordinates":[-3.71816,40.47337]},"properties":{"stop_id":"3578","stop_code":"3578","stop_name":"Chantada - Cándido Mateos","routes":["042"]}},{"type":"Feature","geometry":{"type":"Point","coordinates":[-3.71818,40.47324]},"properties":{"stop_id":"3579","stop_code":"3579","stop_name":"Chantada - Cándido Mateos","routes":["042"]}},{"type":"Feature","geometry":{"type":"Point","coordinates":[-3.72018,40.47384]},"properties":{"stop_id":"3580","stop_code":"3580","stop_name":"César Manrique - Chantada","routes":["042"]}},{"type":"Feature","geometry":{"type":"Point","coordinates":[-3.72022,40.47368]},"properties":{"stop_id":"3581","stop_code":"3581","stop_name":"César Manrique - Chantada","routes":["042"]}},{"type":"Feature","geometry":{"type":"Point","coordinates":[-3.63553,40.46228]},"properties":{"stop_id":"3582","stop_code":"3582","stop_name":"Machupichu - Silvano","routes":["112","122","153"]}},{"type":"Feature","geometry":{"type":"Point","coordinates":[-3.63522,40.46228]},"properties":{"stop_id":"3583","stop_code":"3583","stop_name":"Machupichu - Silvano","routes":["112","122","153"]}},{"type":"Feature","geometry":{"type":"Point","coordinates":[-3.62741,40.45959]},"properties":{"stop_id":"3584","stop_code":"3584","stop_name":"Machupichu - Florencio Castillo","routes":["112","122","153"]}},{"type":"Feature","geometry":{"type":"Point","coordinates":[-3.62753,40.45989]},"properties":{"stop_id":"3585","stop_code":"3585","stop_name":"Machupichu - Florencio Castillo","routes":["112","122","153"]}},{"type":"Feature","geometry":{"type":"Point","coordinates":[-3.62498,40.45764]},"properties":{"stop_id":"3586","stop_code":"3586","stop_name":"Machupichu - Papa Negro","routes":["112","122","153"]}},{"type":"Feature","geometry":{"type":"Point","coordinates":[-3.62465,40.45762]},"properties":{"stop_id":"3587","stop_code":"3587","stop_name":"Machupichu - Papa Negro","routes":["112","122","153"]}},{"type":"Feature","geometry":{"type":"Point","coordinates":[-3.62196,40.45459]},"properties":{"stop_id":"3588","stop_code":"3588","stop_name":"Avenida De Los Andes - Machupichu","routes":["104","112","122","153"]}},{"type":"Feature","geometry":{"type":"Point","coordinates":[-3.76808,40.3908]},"properties":{"stop_id":"3592","stop_code":"3592","stop_name":"Avenida De Los Poblados - Empalme","routes":["036","065","096"]}},{"type":"Feature","geometry":{"type":"Point","coordinates":[-3.69651,40.40339]},"properties":{"stop_id":"3593","stop_code":"3593","stop_name":"Palos De La Frontera","routes":["055"]}},{"type":"Feature","geometry":{"type":"Point","coordinates":[-3.67537,40.47765]},"properties":{"stop_id":"3594","stop_code":"3594","stop_name":"Avenida De Burgos - Yuca","routes":["129","150"]}},{"type":"Feature","geometry":{"type":"Point","coordinates":[-3.70013,40.36189]},"properties":{"stop_id":"3596","stop_code":"3596","stop_name":"Eduardo Barreiros - Corte De Faraón","routes":["116"]}},{"type":"Feature","geometry":{"type":"Point","coordinates":[-3.69742,40.35884]},"properties":{"stop_id":"3597","stop_code":"3597","stop_name":"Parque Katiuska","routes":["116"]}},{"type":"Feature","geometry":{"type":"Point","coordinates":[-3.69721,40.35694]},"properties":{"stop_id":"3598","stop_code":"3598","stop_name":"Manojo De Rosas - Bohemios","routes":["116"]}},{"type":"Feature","geometry":{"type":"Point","coordinates":[-3.69981,40.36256]},"properties":{"stop_id":"3599","stop_code":"3599","stop_name":"Eduardo Barreiros - Corte De Faraón","routes":["116"]}},{"type":"Feature","geometry":{"type":"Point","coordinates":[-3.77863,40.45258]},"properties":{"stop_id":"3600","stop_code":"3600","stop_name":"Arroyo Pozuelo - Carretera De De Húmera","routes":["160"]}},{"type":"Feature","geometry":{"type":"Point","coordinates":[-3.77824,40.45238]},"properties":{"stop_id":"3601","stop_code":"3601","stop_name":"Arroyo Pozuelo - Carretera De De Húmera","routes":["160"]}},{"type":"Feature","geometry":{"type":"Point","coordinates":[-3.66998,40.49398]},"properties":{"stop_id":"3602","stop_code":"3602","stop_name":"Avenida De Burgos 93","routes":["173","174","176","833"]}},{"type":"Feature","geometry":{"type":"Point","coordinates":[-3.66495,40.49398]},"properties":{"stop_id":"3603","stop_code":"3603","stop_name":"Pi Y Margall - Ana De Austria","routes":["173","501"]}},{"type":"Feature","geometry":{"type":"Point","coordinates":[-3.66462,40.4942]},"properties":{"stop_id":"3604","stop_code":"3604","stop_name":"Pi Y Margall - Ana De Austria","routes":["173"]}},{"type":"Feature","geometry":{"type":"Point","coordinates":[-3.66199,40.4921]},"properties":{"stop_id":"3605","stop_code":"3605","stop_name":"Pi Y Margall - Isabel De Valois","routes":["173","501"]}},{"type":"Feature","geometry":{"type":"Point","coordinates":[-3.66172,40.49237]},"properties":{"stop_id":"3606","stop_code":"3606","stop_name":"Pi Y Margall - Isabel De Valois","routes":["173"]}},{"type":"Feature","geometry":{"type":"Point","coordinates":[-3.66299,40.50351]},"properties":{"stop_id":"3608","stop_code":"3608","stop_name":"Santo Domingo De La Calzada - Sauceda","routes":["170"]}},{"type":"Feature","geometry":{"type":"Point","coordinates":[-3.66341,40.50318]},"properties":{"stop_id":"3609","stop_code":"3609","stop_name":"Santo Domingo De La Calzada - Sauceda","routes":["170"]}},{"type":"Feature","geometry":{"type":"Point","coordinates":[-3.6654,40.50513]},"properties":{"stop_id":"3610","stop_code":"3610","stop_name":"Metro Palas De Rey","routes":["170","455"]}},{"type":"Feature","geometry":{"type":"Point","coordinates":[-3.66576,40.50482]},"properties":{"stop_id":"3611","stop_code":"3611","stop_name":"Metro Palas Del Rey","routes":["170","455"]}},{"type":"Feature","geometry":{"type":"Point","coordinates":[-3.66972,40.50804]},"properties":{"stop_id":"3614","stop_code":"3614","stop_name":"Metro Las Tablas","routes":["170","455"]}},{"type":"Feature","geometry":{"type":"Point","coordinates":[-3.67007,40.50785]},"properties":{"stop_id":"3615","stop_code":"3615","stop_name":"Metro Las Tablas","routes":["170","455"]}},{"type":"Feature","geometry":{"type":"Point","coordinates":[-3.70116,40.33432]},"properties":{"stop_id":"3616","stop_code":"3616","stop_name":"San Eustaquio - Laguna Del Marquesado","routes":["456"]}},{"type":"Feature","geometry":{"type":"Point","coordinates":[-3.70159,40.33432]},"properties":{"stop_id":"3617","stop_code":"3617","stop_name":"San Eustaquio - Laguna Del Marquesado","routes":["456"]}},{"type":"Feature","geometry":{"type":"Point","coordinates":[-3.70014,40.49544]},"properties":{"stop_id":"3620","stop_code":"3620","stop_name":"Travesía Costa Brava","routes":["178"]}},{"type":"Feature","geometry":{"type":"Point","coordinates":[-3.70172,40.49561]},"properties":{"stop_id":"3621","stop_code":"3621","stop_name":"Centro Universitario Villanueva","routes":["178"]}},{"type":"Feature","geometry":{"type":"Point","coordinates":[-3.70872,40.49917]},"properties":{"stop_id":"3622","stop_code":"3622","stop_name":"Paco De Lucía","routes":["134","170","178","523"]}},{"type":"Feature","geometry":{"type":"Point","coordinates":[-3.70853,40.49921]},"properties":{"stop_id":"3623","stop_code":"3623","stop_name":"Paco De Lucía","routes":["134","170","178","523"]}},{"type":"Feature","geometry":{"type":"Point","coordinates":[-3.70704,40.5033]},"properties":{"stop_id":"3624","stop_code":"3624","stop_name":"Monasterio Huelgas - Monasterio Silos","routes":["134","170","178","523"]}},{"type":"Feature","geometry":{"type":"Point","coordinates":[-3.70907,40.5042]},"properties":{"stop_id":"3625","stop_code":"3625","stop_name":"Santuario Valverde - Monasterio Silos","routes":["134","170","178","523"]}},{"type":"Feature","geometry":{"type":"Point","coordinates":[-3.69917,40.50451]},"properties":{"stop_id":"3626","stop_code":"3626","stop_name":"Monasterio Escorial - Avenida Montecarmelo","routes":["134","170","178","523"]}},{"type":"Feature","geometry":{"type":"Point","coordinates":[-3.70643,40.50464]},"properties":{"stop_id":"3627","stop_code":"3627","stop_name":"Monasterio Escorial - Monasterio Huelgas","routes":["134","170","178"]}},{"type":"Feature","geometry":{"type":"Point","coordinates":[-3.7024,40.50436]},"properties":{"stop_id":"3628","stop_code":"3628","stop_name":"Monasterio Escorial - Montesclaros","routes":["134","170","178","523"]}},{"type":"Feature","geometry":{"type":"Point","coordinates":[-3.67388,40.47178]},"properties":{"stop_id":"3629","stop_code":"3629","stop_name":"Pío XII - La Paloma","routes":["016","150"]}},{"type":"Feature","geometry":{"type":"Point","coordinates":[-3.69735,40.36723]},"properties":{"stop_id":"3630","stop_code":"3630","stop_name":"Eduardo Barreiros - Salvador Martínez","routes":["116"]}},{"type":"Feature","geometry":{"type":"Point","coordinates":[-3.762,40.36746]},"properties":{"stop_id":"3631","stop_code":"3631","stop_name":"Casatejada","routes":["035","517"]}},{"type":"Feature","geometry":{"type":"Point","coordinates":[-3.76104,40.3654]},"properties":{"stop_id":"3632","stop_code":"3632","stop_name":"Jacobeo - Pinar De San José","routes":["035","517"]}},{"type":"Feature","geometry":{"type":"Point","coordinates":[-3.76089,40.36562]},"properties":{"stop_id":"3633","stop_code":"3633","stop_name":"Jacobeo - Pinar De San José","routes":["035","517"]}},{"type":"Feature","geometry":{"type":"Point","coordinates":[-3.70692,40.50171]},"properties":{"stop_id":"3634","stop_code":"3634","stop_name":"Monasterio Huelgas - Monasterio Paular","routes":["134","178"]}},{"type":"Feature","geometry":{"type":"Point","coordinates":[-3.70719,40.50165]},"properties":{"stop_id":"3635","stop_code":"3635","stop_name":"Monasterio Huelgas - Monasterio Paular","routes":["134","170","178"]}},{"type":"Feature","geometry":{"type":"Point","coordinates":[-3.58224,40.45369]},"properties":{"stop_id":"3636","stop_code":"3636","stop_name":"Cañada Real De Merinas","routes":["112","114"]}},{"type":"Feature","geometry":{"type":"Point","coordinates":[-3.6982,40.36537]},"properties":{"stop_id":"3640","stop_code":"3640","stop_name":"Eduardo Barreiros - Alerce","routes":["076","116"]}},{"type":"Feature","geometry":{"type":"Point","coordinates":[-3.68169,40.43504]},"properties":{"stop_id":"3641","stop_code":"3641","stop_name":"Diego De León - Núñez De Balboa","routes":["061"]}},{"type":"Feature","geometry":{"type":"Point","coordinates":[-3.69441,40.39068]},"properties":{"stop_id":"3644","stop_code":"3644","stop_name":"Legazpi","routes":["156","180","453"]}},{"type":"Feature","geometry":{"type":"Point","coordinates":[-3.66266,40.48578]},"properties":{"stop_id":"3648","stop_code":"3648","stop_name":"Fuente De La Mora","routes":["150"]}},{"type":"Feature","geometry":{"type":"Point","coordinates":[-3.59352,40.49221]},"properties":{"stop_id":"3649","stop_code":"3649","stop_name":"Aeropuerto T4","routes":["200","532"]}},{"type":"Feature","geometry":{"type":"Point","coordinates":[-3.69295,40.41881]},"properties":{"stop_id":"3655","stop_code":"3655","stop_name":"Cibeles","routes":["508"]}},{"type":"Feature","geometry":{"type":"Point","coordinates":[-3.71781,40.35028]},"properties":{"stop_id":"3657","stop_code":"3657","stop_name":"Parque Plata Y Castañar","routes":["076"]}},{"type":"Feature","geometry":{"type":"Point","coordinates":[-3.61748,40.41891]},"properties":{"stop_id":"3658","stop_code":"3658","stop_name":"Aquitania - Nuremberg","routes":["106","140","159"]}},{"type":"Feature","geometry":{"type":"Point","coordinates":[-3.64735,40.44212]},"properties":{"stop_id":"3659","stop_code":"3659","stop_name":"Fernández Caro - Francisco Luján","routes":["021"]}},{"type":"Feature","geometry":{"type":"Point","coordinates":[-3.64643,40.44321]},"properties":{"stop_id":"3660","stop_code":"3660","stop_name":"Fernández Caro - Agastia","routes":["021"]}},{"type":"Feature","geometry":{"type":"Point","coordinates":[-3.64222,40.3962]},"properties":{"stop_id":"3661","stop_code":"3661","stop_name":"Arroyo Fontarrón - Tacona","routes":["020"]}},{"type":"Feature","geometry":{"type":"Point","coordinates":[-3.66997,40.39843]},"properties":{"stop_id":"3662","stop_code":"3662","stop_name":"Puente De Vallecas","routes":["148"]}},{"type":"Feature","geometry":{"type":"Point","coordinates":[-3.61829,40.3715]},"properties":{"stop_id":"3663","stop_code":"3663","stop_name":"Congosto","routes":["054"]}},{"type":"Feature","geometry":{"type":"Point","coordinates":[-3.6138,40.48659]},"properties":{"stop_id":"3664","stop_code":"3664","stop_name":"Samaranch - Fernando Higueras","routes":["171","174"]}},{"type":"Feature","geometry":{"type":"Point","coordinates":[-3.61428,40.48691]},"properties":{"stop_id":"3665","stop_code":"3665","stop_name":"Samaranch - Fernando Higueras","routes":["171","174"]}},{"type":"Feature","geometry":{"type":"Point","coordinates":[-3.76386,40.45157]},"properties":{"stop_id":"3668","stop_code":"3668","stop_name":"Carretera De Castilla - Iese","routes":["160"]}},{"type":"Feature","geometry":{"type":"Point","coordinates":[-3.69696,40.48771]},"properties":{"stop_id":"3670","stop_code":"3670","stop_name":"Hospital Ramón Y Cajal","routes":["175","178"]}},{"type":"Feature","geometry":{"type":"Point","coordinates":[-3.677,40.5082]},"properties":{"stop_id":"3671","stop_code":"3671","stop_name":"Santo Domingo Calzada - Castiello De Jaca","routes":["176"]}},{"type":"Feature","geometry":{"type":"Point","coordinates":[-3.57786,40.44347]},"properties":{"stop_id":"3672","stop_code":"3672","stop_name":"Arcaute","routes":["077","167","505"]}},{"type":"Feature","geometry":{"type":"Point","coordinates":[-3.57786,40.44368]},"properties":{"stop_id":"3673","stop_code":"3673","stop_name":"Arcaute","routes":["077","088","167","505"]}},{"type":"Feature","geometry":{"type":"Point","coordinates":[-3.5753,40.44375]},"properties":{"stop_id":"3674","stop_code":"3674","stop_name":"Yécora - Invierno","routes":["077","167","505"]}},{"type":"Feature","geometry":{"type":"Point","coordinates":[-3.57417,40.44601]},"properties":{"stop_id":"3676","stop_code":"3676","stop_name":"Yécora - Nanclares De Oca","routes":["077","167"]}},{"type":"Feature","geometry":{"type":"Point","coordinates":[-3.57433,40.44607]},"properties":{"stop_id":"3677","stop_code":"3677","stop_name":"Yécora - Nanclares De Oca","routes":["077","088","167"]}},{"type":"Feature","geometry":{"type":"Point","coordinates":[-3.57369,40.44825]},"properties":{"stop_id":"3678","stop_code":"3678","stop_name":"Yécora - Fuentelviejo","routes":["077","167","505"]}},{"type":"Feature","geometry":{"type":"Point","coordinates":[-3.57387,40.44791]},"properties":{"stop_id":"3679","stop_code":"3679","stop_name":"Yécora - Fuentelviejo","routes":["077","088","167","505"]}},{"type":"Feature","geometry":{"type":"Point","coordinates":[-3.70561,40.4647]},"properties":{"stop_id":"3682","stop_code":"3682","stop_name":"Gardenias","routes":["011","044"]}},{"type":"Feature","geometry":{"type":"Point","coordinates":[-3.70594,40.46434]},"properties":{"stop_id":"3683","stop_code":"3683","stop_name":"Marqués De Viana","routes":["177"]}},{"type":"Feature","geometry":{"type":"Point","coordinates":[-3.66637,40.44135]},"properties":{"stop_id":"3684","stop_code":"3684","stop_name":"Avenida Guindalera - Camilo José Cela","routes":["043","122"]}},{"type":"Feature","geometry":{"type":"Point","coordinates":[-3.66619,40.44068]},"properties":{"stop_id":"3685","stop_code":"3685","stop_name":"Avenida Guindalera - Camilo José Cela","routes":["043","074"]}},{"type":"Feature","geometry":{"type":"Point","coordinates":[-3.67949,40.42161]},"properties":{"stop_id":"3686","stop_code":"3686","stop_name":"O Donnell - Retiro","routes":["002","028","506"]}},{"type":"Feature","geometry":{"type":"Point","coordinates":[-3.71809,40.43409]},"properties":{"stop_id":"3687","stop_code":"3687","stop_name":"Moncloa","routes":["001","044","062","069","138","521","530"]}},{"type":"Feature","geometry":{"type":"Point","coordinates":[-3.71871,40.43427]},"properties":{"stop_id":"3688","stop_code":"3688","stop_name":"Moncloa","routes":["082","083","132","133","521","529"]}},{"type":"Feature","geometry":{"type":"Point","coordinates":[-3.69805,40.41855]},"properties":{"stop_id":"3689","stop_code":"3689","stop_name":"Sevilla","routes":["005","015","020","053","150","362"]}},{"type":"Feature","geometry":{"type":"Point","coordinates":[-3.69827,40.41848]},"properties":{"stop_id":"3698","stop_code":"3698","stop_name":"Sevilla","routes":["051"]}},{"type":"Feature","geometry":{"type":"Point","coordinates":[-3.74043,40.38892]},"properties":{"stop_id":"3715","stop_code":"3715","stop_name":"Vista Alegre","routes":["526"]}},{"type":"Feature","geometry":{"type":"Point","coordinates":[-3.74043,40.38874]},"properties":{"stop_id":"3716","stop_code":"3716","stop_name":"Vista Alegre","routes":["526"]}},{"type":"Feature","geometry":{"type":"Point","coordinates":[-3.76839,40.39537]},"properties":{"stop_id":"3718","stop_code":"3718","stop_name":"Campamento","routes":["036"]}},{"type":"Feature","geometry":{"type":"Point","coordinates":[-3.67997,40.39611]},"properties":{"stop_id":"3719","stop_code":"3719","stop_name":"Méndez Álvaro","routes":["156","870"]}},{"type":"Feature","geometry":{"type":"Point","coordinates":[-3.67419,40.4017]},"properties":{"stop_id":"3720","stop_code":"3720","stop_name":"Pacífico","routes":["010","056","156","869"]}},{"type":"Feature","geometry":{"type":"Point","coordinates":[-3.74123,40.3708]},"properties":{"stop_id":"3726","stop_code":"3726","stop_name":"Óbolo","routes":["155"]}},{"type":"Feature","geometry":{"type":"Point","coordinates":[-3.69609,40.37042]},"properties":{"stop_id":"3727","stop_code":"3727","stop_name":"Avenida Poblados - Eduardo Barreiros","routes":["076"]}},{"type":"Feature","geometry":{"type":"Point","coordinates":[-3.6934,40.41906]},"properties":{"stop_id":"3729","stop_code":"3729","stop_name":"Cibeles","routes":["520","521"]}},{"type":"Feature","geometry":{"type":"Point","coordinates":[-3.72363,40.47409]},"properties":{"stop_id":"3733","stop_code":"3733","stop_name":"Joaquín Lorenzo - Doctor Castroviejo","routes":["042","064","520"]}},{"type":"Feature","geometry":{"type":"Point","coordinates":[-3.75947,40.38677]},"properties":{"stop_id":"3734","stop_code":"3734","stop_name":"Valmojado - Maqueda","routes":["138"]}},{"type":"Feature","geometry":{"type":"Point","coordinates":[-3.65218,40.41962]},"properties":{"stop_id":"3735","stop_code":"3735","stop_name":"Santa Irene","routes":["110","113","210"]}},{"type":"Feature","geometry":{"type":"Point","coordinates":[-3.71222,40.36687]},"properties":{"stop_id":"3736","stop_code":"3736","stop_name":"Rafaela Ybarra - Centro Comercial","routes":["060","131"]}},{"type":"Feature","geometry":{"type":"Point","coordinates":[-3.68108,40.43476]},"properties":{"stop_id":"3738","stop_code":"3738","stop_name":"Diego De León - Núñez De Balboa","routes":["061"]}},{"type":"Feature","geometry":{"type":"Point","coordinates":[-3.67614,40.43448]},"properties":{"stop_id":"3739","stop_code":"3739","stop_name":"Hospital De La Princesa","routes":["061"]}},{"type":"Feature","geometry":{"type":"Point","coordinates":[-3.68221,40.37404]},"properties":{"stop_id":"3740","stop_code":"3740","stop_name":"Parque Lineal Del Manzanares","routes":["180","453"]}},{"type":"Feature","geometry":{"type":"Point","coordinates":[-3.68065,40.37379]},"properties":{"stop_id":"3741","stop_code":"3741","stop_name":"Parque Lineal Del Manzanares","routes":["180","453"]}},{"type":"Feature","geometry":{"type":"Point","coordinates":[-3.66853,40.42766]},"properties":{"stop_id":"3749","stop_code":"3749","stop_name":"Manuel Becerra","routes":["106"]}},{"type":"Feature","geometry":{"type":"Point","coordinates":[-3.67982,40.35387]},"properties":{"stop_id":"3752","stop_code":"3752","stop_name":"Avenida De Los Rosales - Matachel","routes":["085","123","512"]}},{"type":"Feature","geometry":{"type":"Point","coordinates":[-3.67717,40.35065]},"properties":{"stop_id":"3753","stop_code":"3753","stop_name":"Centro Cultural Los Rosales","routes":["085","123"]}},{"type":"Feature","geometry":{"type":"Point","coordinates":[-3.73529,40.47346]},"properties":{"stop_id":"3756","stop_code":"3756","stop_name":"Glorieta Francisco Bayéu","routes":["082"]}},{"type":"Feature","geometry":{"type":"Point","coordinates":[-3.61017,40.40933]},"properties":{"stop_id":"3758","stop_code":"3758","stop_name":"Plaza De La Vicalvarada","routes":["004","100","106","507"]}},{"type":"Feature","geometry":{"type":"Point","coordinates":[-3.67007,40.42961]},"properties":{"stop_id":"3759","stop_code":"3759","stop_name":"Manuel Becerra","routes":["048"]}},{"type":"Feature","geometry":{"type":"Point","coordinates":[-3.66951,40.42902]},"properties":{"stop_id":"3761","stop_code":"3761","stop_name":"Manuel Becerra","routes":["038","110","405"]}},{"type":"Feature","geometry":{"type":"Point","coordinates":[-3.62259,40.43442]},"properties":{"stop_id":"3762","stop_code":"3762","stop_name":"Emilio Muñoz - Miguel Yuste","routes":["505"]}},{"type":"Feature","geometry":{"type":"Point","coordinates":[-3.66537,40.51721]},"properties":{"stop_id":"3763","stop_code":"3763","stop_name":"Ronda Comunicación - Edificio Norte 1","routes":["172","455"]}},{"type":"Feature","geometry":{"type":"Point","coordinates":[-3.66599,40.51512]},"properties":{"stop_id":"3765","stop_code":"3765","stop_name":"Ronda Comunicación - Edificio Oeste 2","routes":["172","455"]}},{"type":"Feature","geometry":{"type":"Point","coordinates":[-3.66796,40.51068]},"properties":{"stop_id":"3766","stop_code":"3766","stop_name":"Las Tablas","routes":["170","172","372","455"]}},{"type":"Feature","geometry":{"type":"Point","coordinates":[-3.66751,40.51038]},"properties":{"stop_id":"3767","stop_code":"3767","stop_name":"Monte Del Gozo","routes":["170","172","372","455"]}},{"type":"Feature","geometry":{"type":"Point","coordinates":[-3.66727,40.50303]},"properties":{"stop_id":"3768","stop_code":"3768","stop_name":"Valcarlos - San Millán De La Cogolla","routes":["175"]}},{"type":"Feature","geometry":{"type":"Point","coordinates":[-3.667,40.50286]},"properties":{"stop_id":"3769","stop_code":"3769","stop_name":"Valcarlos - San Millán De La Cogolla","routes":["175"]}},{"type":"Feature","geometry":{"type":"Point","coordinates":[-3.66915,40.50426]},"properties":{"stop_id":"3770","stop_code":"3770","stop_name":"San Millán De La Cogolla - Atapuerca","routes":["175"]}},{"type":"Feature","geometry":{"type":"Point","coordinates":[-3.66937,40.50344]},"properties":{"stop_id":"3771","stop_code":"3771","stop_name":"San Millán De La Cogolla - Atapuerca","routes":["175"]}},{"type":"Feature","geometry":{"type":"Point","coordinates":[-3.67192,40.50614]},"properties":{"stop_id":"3772","stop_code":"3772","stop_name":"Camino De Santiago - San Millán Cogolla","routes":["175"]}},{"type":"Feature","geometry":{"type":"Point","coordinates":[-3.67272,40.50553]},"properties":{"stop_id":"3773","stop_code":"3773","stop_name":"Camino De Santiago - San Millán Cogolla","routes":["172","372","833"]}},{"type":"Feature","geometry":{"type":"Point","coordinates":[-3.67371,40.50376]},"properties":{"stop_id":"3774","stop_code":"3774","stop_name":"Camino De Santiago - San Juan De Ortega","routes":["172","372","833"]}},{"type":"Feature","geometry":{"type":"Point","coordinates":[-3.67325,40.5035]},"properties":{"stop_id":"3775","stop_code":"3775","stop_name":"Camino De Santiago - San Juan De Ortega","routes":["172","372","524","833"]}},{"type":"Feature","geometry":{"type":"Point","coordinates":[-3.67353,40.49684]},"properties":{"stop_id":"3778","stop_code":"3778","stop_name":"Camino De Santiago - Valcarlos","routes":["176"]}},{"type":"Feature","geometry":{"type":"Point","coordinates":[-3.67509,40.49963]},"properties":{"stop_id":"3787","stop_code":"3787","stop_name":"Camino De Santiago - Atapuerca","routes":["176"]}},{"type":"Feature","geometry":{"type":"Point","coordinates":[-3.6758,40.50155]},"properties":{"stop_id":"3789","stop_code":"3789","stop_name":"Castiello De Jaca - Puente La Reina","routes":["176","524"]}},{"type":"Feature","geometry":{"type":"Point","coordinates":[-3.67584,40.50288]},"properties":{"stop_id":"3790","stop_code":"3790","stop_name":"Castiello De Jaca - Puente La Reina","routes":["176"]}},{"type":"Feature","geometry":{"type":"Point","coordinates":[-3.67697,40.50479]},"properties":{"stop_id":"3792","stop_code":"3792","stop_name":"Castiello De Jaca - Burguete","routes":["176","524"]}},{"type":"Feature","geometry":{"type":"Point","coordinates":[-3.67724,40.50846]},"properties":{"stop_id":"3793","stop_code":"3793","stop_name":"Santo Domingo Calzada - Castiello De Jaca","routes":["176"]}},{"type":"Feature","geometry":{"type":"Point","coordinates":[-3.67251,40.50874]},"properties":{"stop_id":"3794","stop_code":"3794","stop_name":"Santo Domingo De La Calzada - Rabanal","routes":["176"]}},{"type":"Feature","geometry":{"type":"Point","coordinates":[-3.67338,40.50914]},"properties":{"stop_id":"3795","stop_code":"3795","stop_name":"Santo Domingo De La Calzada - Rabanal","routes":["176"]}},{"type":"Feature","geometry":{"type":"Point","coordinates":[-3.67101,40.50806]},"properties":{"stop_id":"3796","stop_code":"3796","stop_name":"Metro Las Tablas","routes":["172","175","372","833"]}},{"type":"Feature","geometry":{"type":"Point","coordinates":[-3.67102,40.50878]},"properties":{"stop_id":"3797","stop_code":"3797","stop_name":"Metro Las Tablas","routes":["176"]}},{"type":"Feature","geometry":{"type":"Point","coordinates":[-3.80885,40.46467]},"properties":{"stop_id":"3798","stop_code":"3798","stop_name":"El Barrial","routes":["162"]}},{"type":"Feature","geometry":{"type":"Point","coordinates":[-3.66907,40.50374]},"properties":{"stop_id":"3800","stop_code":"3800","stop_name":"San Millán De La Cogolla - Atapuerca","routes":["524"]}},{"type":"Feature","geometry":{"type":"Point","coordinates":[-3.66705,40.50547]},"properties":{"stop_id":"3801","stop_code":"3801","stop_name":"Santo Domingo De La Calzada - Atapuerca","routes":["524"]}},{"type":"Feature","geometry":{"type":"Point","coordinates":[-3.66725,40.50972]},"properties":{"stop_id":"3805","stop_code":"3805","stop_name":"Monte Del Gozo","routes":["176","524"]}},{"type":"Feature","geometry":{"type":"Point","coordinates":[-3.6744,40.43256]},"properties":{"stop_id":"3807","stop_code":"3807","stop_name":"Metro Diego De León","routes":["026","503"]}},{"type":"Feature","geometry":{"type":"Point","coordinates":[-3.77773,40.37551]},"properties":{"stop_id":"3808","stop_code":"3808","stop_name":"Avenida De La Aviación - Navalmoral","routes":["039"]}},{"type":"Feature","geometry":{"type":"Point","coordinates":[-3.77772,40.37515]},"properties":{"stop_id":"3809","stop_code":"3809","stop_name":"Avenida De La Aviación - Navalmoral","routes":["039","139","519"]}},{"type":"Feature","geometry":{"type":"Point","coordinates":[-3.7814,40.37561]},"properties":{"stop_id":"3810","stop_code":"3810","stop_name":"Avenida De La Aviación - Mirabel","routes":["039","139"]}},{"type":"Feature","geometry":{"type":"Point","coordinates":[-3.66848,40.42755]},"properties":{"stop_id":"3811","stop_code":"3811","stop_name":"Manuel Becerra","routes":["002","071"]}},{"type":"Feature","geometry":{"type":"Point","coordinates":[-3.71711,40.408]},"properties":{"stop_id":"3812","stop_code":"3812","stop_name":"Imperial - Polideportivo","routes":["041"]}},{"type":"Feature","geometry":{"type":"Point","coordinates":[-3.71741,40.40795]},"properties":{"stop_id":"3813","stop_code":"3813","stop_name":"Imperial - Polideportivo","routes":["041"]}},{"type":"Feature","geometry":{"type":"Point","coordinates":[-3.71791,40.41017]},"properties":{"stop_id":"3814","stop_code":"3814","stop_name":"Ronda Segovia - Imperial","routes":["041"]}},{"type":"Feature","geometry":{"type":"Point","coordinates":[-3.71816,40.4101]},"properties":{"stop_id":"3815","stop_code":"3815","stop_name":"Ronda Segovia - Imperial","routes":["041"]}},{"type":"Feature","geometry":{"type":"Point","coordinates":[-3.76259,40.37291]},"properties":{"stop_id":"3817","stop_code":"3817","stop_name":"Joaquín Turina - Parque Carlos Matallanas","routes":["034"]}},{"type":"Feature","geometry":{"type":"Point","coordinates":[-3.76264,40.37261]},"properties":{"stop_id":"3818","stop_code":"3818","stop_name":"Joaquín Turina - Parque Carlos Matallanas","routes":["034"]}},{"type":"Feature","geometry":{"type":"Point","coordinates":[-3.61287,40.47093]},"properties":{"stop_id":"3819","stop_code":"3819","stop_name":"Feria De Madrid - Puerta Norte","routes":["112"]}},{"type":"Feature","geometry":{"type":"Point","coordinates":[-3.61309,40.47082]},"properties":{"stop_id":"3820","stop_code":"3820","stop_name":"Feria De Madrid - Puerta Norte","routes":["112"]}},{"type":"Feature","geometry":{"type":"Point","coordinates":[-3.71609,40.49027]},"properties":{"stop_id":"3822","stop_code":"3822","stop_name":"Metro Mirasierra","routes":["049"]}},{"type":"Feature","geometry":{"type":"Point","coordinates":[-3.71744,40.4942]},"properties":{"stop_id":"3823","stop_code":"3823","stop_name":"Ventisquero De La Condesa - Clínica Cemtro","routes":["049"]}},{"type":"Feature","geometry":{"type":"Point","coordinates":[-3.71795,40.49443]},"properties":{"stop_id":"3824","stop_code":"3824","stop_name":"Ventisquero De La Condesa - Clínica Cemtro","routes":["049"]}},{"type":"Feature","geometry":{"type":"Point","coordinates":[-3.68722,40.47216]},"properties":{"stop_id":"3826","stop_code":"3826","stop_name":"Castellana - Ravel","routes":["067","124","134","135","147","179","524"]}},{"type":"Feature","geometry":{"type":"Point","coordinates":[-3.60832,40.39425]},"properties":{"stop_id":"3827","stop_code":"3827","stop_name":"Minerva - Avenida De Las Comunidades","routes":["071"]}},{"type":"Feature","geometry":{"type":"Point","coordinates":[-3.6087,40.39437]},"properties":{"stop_id":"3828","stop_code":"3828","stop_name":"Minerva - Avenida De Las Comunidades","routes":["071"]}},{"type":"Feature","geometry":{"type":"Point","coordinates":[-3.6695,40.4286]},"properties":{"stop_id":"3829","stop_code":"3829","stop_name":"Manuel Becerra","routes":["012","043","056","068","210"]}},{"type":"Feature","geometry":{"type":"Point","coordinates":[-3.77872,40.38208]},"properties":{"stop_id":"3833","stop_code":"3833","stop_name":"Las Águilas","routes":["017"]}},{"type":"Feature","geometry":{"type":"Point","coordinates":[-3.77896,40.38207]},"properties":{"stop_id":"3834","stop_code":"3834","stop_name":"Las Águilas","routes":["017"]}},{"type":"Feature","geometry":{"type":"Point","coordinates":[-3.78052,40.38369]},"properties":{"stop_id":"3835","stop_code":"3835","stop_name":"Fuente Del Tiro - Fuente De Lima","routes":["017"]}},{"type":"Feature","geometry":{"type":"Point","coordinates":[-3.78053,40.38345]},"properties":{"stop_id":"3836","stop_code":"3836","stop_name":"Fuente Del Tiro - Fuente De Lima","routes":["017"]}},{"type":"Feature","geometry":{"type":"Point","coordinates":[-3.78198,40.38434]},"properties":{"stop_id":"3837","stop_code":"3837","stop_name":"Fuente Del Tiro - Paseo De Extremadura","routes":["017"]}},{"type":"Feature","geometry":{"type":"Point","coordinates":[-3.7822,40.38283]},"properties":{"stop_id":"3838","stop_code":"3838","stop_name":"Parque Europa","routes":["017"]}},{"type":"Feature","geometry":{"type":"Point","coordinates":[-3.78435,40.45915]},"properties":{"stop_id":"3840","stop_code":"3840","stop_name":"Pléyades - Osa Mayor","routes":["160","528"]}},{"type":"Feature","geometry":{"type":"Point","coordinates":[-3.66305,40.36028]},"properties":{"stop_id":"3844","stop_code":"3844","stop_name":"Mercamadrid - Pescados","routes":["130"]}},{"type":"Feature","geometry":{"type":"Point","coordinates":[-3.61599,40.36728]},"properties":{"stop_id":"3847","stop_code":"3847","stop_name":"Cerro Milano - La Gavia","routes":["142"]}},{"type":"Feature","geometry":{"type":"Point","coordinates":[-3.6159,40.3674]},"properties":{"stop_id":"3848","stop_code":"3848","stop_name":"Cerro Milano - La Gavia","routes":["142"]}},{"type":"Feature","geometry":{"type":"Point","coordinates":[-3.60941,40.36839]},"properties":{"stop_id":"3849","stop_code":"3849","stop_name":"Ensanche De Vallecas - Peñaranda","routes":["145","509"]}},{"type":"Feature","geometry":{"type":"Point","coordinates":[-3.60911,40.36875]},"properties":{"stop_id":"3850","stop_code":"3850","stop_name":"Ensanche De Vallecas - Peñaranda","routes":["145"]}},{"type":"Feature","geometry":{"type":"Point","coordinates":[-3.6032,40.36529]},"properties":{"stop_id":"3851","stop_code":"3851","stop_name":"Ensanche De Vallecas - Gutiérrez Maroto","routes":["142","509"]}},{"type":"Feature","geometry":{"type":"Point","coordinates":[-3.60002,40.36372]},"properties":{"stop_id":"3853","stop_code":"3853","stop_name":"Las Suertes","routes":["142","509"]}},{"type":"Feature","geometry":{"type":"Point","coordinates":[-3.59967,40.36413]},"properties":{"stop_id":"3854","stop_code":"3854","stop_name":"Las Suertes","routes":["142"]}},{"type":"Feature","geometry":{"type":"Point","coordinates":[-3.59719,40.36231]},"properties":{"stop_id":"3855","stop_code":"3855","stop_name":"Ensanche De Vallecas - Antonio Gades","routes":["142"]}},{"type":"Feature","geometry":{"type":"Point","coordinates":[-3.69475,40.39235]},"properties":{"stop_id":"3858","stop_code":"3858","stop_name":"Legazpi","routes":["047","059","062","076","085","086","247"]}},{"type":"Feature","geometry":{"type":"Point","coordinates":[-3.75881,40.36273]},"properties":{"stop_id":"3859","stop_code":"3859","stop_name":"Metro La Peseta","routes":["035","155","517","832"]}},{"type":"Feature","geometry":{"type":"Point","coordinates":[-3.75825,40.36231]},"properties":{"stop_id":"3860","stop_code":"3860","stop_name":"Metro La Peseta","routes":["035","155","517","832"]}},{"type":"Feature","geometry":{"type":"Point","coordinates":[-3.72991,40.45193]},"properties":{"stop_id":"3861","stop_code":"3861","stop_name":"Paraninfo - Derecho","routes":["099"]}},{"type":"Feature","geometry":{"type":"Point","coordinates":[-3.73499,40.45216]},"properties":{"stop_id":"3862","stop_code":"3862","stop_name":"Paraninfo","routes":["099"]}},{"type":"Feature","geometry":{"type":"Point","coordinates":[-3.73361,40.45319]},"properties":{"stop_id":"3863","stop_code":"3863","stop_name":"Paraninfo - Informática","routes":["099"]}},{"type":"Feature","geometry":{"type":"Point","coordinates":[-3.57706,40.46106]},"properties":{"stop_id":"3868","stop_code":"3868","stop_name":"Avenida De La Hispanidad - Dique Sur","routes":["101"]}},{"type":"Feature","geometry":{"type":"Point","coordinates":[-3.67441,40.49947]},"properties":{"stop_id":"3869","stop_code":"3869","stop_name":"Camino De Santiago - Atapuerca","routes":["172","176","372"]}},{"type":"Feature","geometry":{"type":"Point","coordinates":[-3.67241,40.50552]},"properties":{"stop_id":"3870","stop_code":"3870","stop_name":"Camino De Santiago - San Millán Cogolla","routes":["175","524"]}},{"type":"Feature","geometry":{"type":"Point","coordinates":[-3.66326,40.50595]},"properties":{"stop_id":"3871","stop_code":"3871","stop_name":"Valcarlos - Tierra De Melide","routes":["524"]}},{"type":"Feature","geometry":{"type":"Point","coordinates":[-3.66353,40.50618]},"properties":{"stop_id":"3872","stop_code":"3872","stop_name":"Valcarlos - Tierra De Melide","routes":["176"]}},{"type":"Feature","geometry":{"type":"Point","coordinates":[-3.66472,40.50804]},"properties":{"stop_id":"3873","stop_code":"3873","stop_name":"Tierra De Melide - Atapuerca","routes":["176","524"]}},{"type":"Feature","geometry":{"type":"Point","coordinates":[-3.66533,40.50753]},"properties":{"stop_id":"3874","stop_code":"3874","stop_name":"Tierra De Melide - Atapuerca","routes":["176"]}},{"type":"Feature","geometry":{"type":"Point","coordinates":[-3.59588,40.40381]},"properties":{"stop_id":"3875","stop_code":"3875","stop_name":"Villablanca - Gran Vía Del Este","routes":["100","106","159","506","507"]}},{"type":"Feature","geometry":{"type":"Point","coordinates":[-3.76769,40.39917]},"properties":{"stop_id":"3877","stop_code":"3877","stop_name":"Carretera De Boadilla - Villaviciosa","routes":["065"]}},{"type":"Feature","geometry":{"type":"Point","coordinates":[-3.69258,40.35066]},"properties":{"stop_id":"3880","stop_code":"3880","stop_name":"Villaverde Cruce","routes":["018","023","116"]}},{"type":"Feature","geometry":{"type":"Point","coordinates":[-3.67918,40.5132]},"properties":{"stop_id":"3881","stop_code":"3881","stop_name":"Carretera De Alcobendas - Bercianos","routes":["170","455"]}},{"type":"Feature","geometry":{"type":"Point","coordinates":[-3.67769,40.5138]},"properties":{"stop_id":"3882","stop_code":"3882","stop_name":"Carretera De Alcobendas - Bercianos","routes":["170","175","455","524"]}},{"type":"Feature","geometry":{"type":"Point","coordinates":[-3.74857,40.36434]},"properties":{"stop_id":"3883","stop_code":"3883","stop_name":"Euro - Maravedí","routes":["155"]}},{"type":"Feature","geometry":{"type":"Point","coordinates":[-3.62687,40.46942]},"properties":{"stop_id":"3884","stop_code":"3884","stop_name":"Tomás Redondo - Ribera Del Loira","routes":["451"]}},{"type":"Feature","geometry":{"type":"Point","coordinates":[-3.62866,40.47148]},"properties":{"stop_id":"3885","stop_code":"3885","stop_name":"Tomás Redondo - Juan Zaragueta","routes":["451"]}},{"type":"Feature","geometry":{"type":"Point","coordinates":[-3.62886,40.4714]},"properties":{"stop_id":"3886","stop_code":"3886","stop_name":"Tomás Redondo - Juan Zaragueta","routes":["451"]}},{"type":"Feature","geometry":{"type":"Point","coordinates":[-3.63161,40.47282]},"properties":{"stop_id":"3887","stop_code":"3887","stop_name":"Tomás Redondo - Vía De Los Poblados","routes":["451"]}},{"type":"Feature","geometry":{"type":"Point","coordinates":[-3.63149,40.4727]},"properties":{"stop_id":"3888","stop_code":"3888","stop_name":"Tomás Redondo - Vía De Los Poblados","routes":["451"]}},{"type":"Feature","geometry":{"type":"Point","coordinates":[-3.63334,40.47403]},"properties":{"stop_id":"3889","stop_code":"3889","stop_name":"Vía De Los Poblados","routes":["451"]}},{"type":"Feature","geometry":{"type":"Point","coordinates":[-3.63349,40.47392]},"properties":{"stop_id":"3890","stop_code":"3890","stop_name":"Vía De Los Poblados","routes":["451"]}},{"type":"Feature","geometry":{"type":"Point","coordinates":[-3.63578,40.47564]},"properties":{"stop_id":"3891","stop_code":"3891","stop_name":"Vía De Los Poblados - Cristalia","routes":["451"]}},{"type":"Feature","geometry":{"type":"Point","coordinates":[-3.63721,40.47698]},"properties":{"stop_id":"3892","stop_code":"3892","stop_name":"Cristalia","routes":["451"]}},{"type":"Feature","geometry":{"type":"Point","coordinates":[-3.63732,40.47706]},"properties":{"stop_id":"3893","stop_code":"3893","stop_name":"Gregorio Sánchez Herráez","routes":["451"]}},{"type":"Feature","geometry":{"type":"Point","coordinates":[-3.64183,40.48476]},"properties":{"stop_id":"3894","stop_code":"3894","stop_name":"Fuerzas Armadas - Pi Y Margall","routes":["174","831"]}},{"type":"Feature","geometry":{"type":"Point","coordinates":[-3.70597,40.46412]},"properties":{"stop_id":"3895","stop_code":"3895","stop_name":"Marqués De Viana","routes":["044"]}},{"type":"Feature","geometry":{"type":"Point","coordinates":[-3.71236,40.34173]},"properties":{"stop_id":"3899","stop_code":"3899","stop_name":"Villaverde Alto","routes":["022","456"]}},{"type":"Feature","geometry":{"type":"Point","coordinates":[-3.71255,40.34216]},"properties":{"stop_id":"3900","stop_code":"3900","stop_name":"Villaverde Alto Cercanías","routes":["079","514"]}},{"type":"Feature","geometry":{"type":"Point","coordinates":[-3.7126,40.34199]},"properties":{"stop_id":"3901","stop_code":"3901","stop_name":"Villaverde Alto Cercanías","routes":["079","514"]}},{"type":"Feature","geometry":{"type":"Point","coordinates":[-3.58119,40.45364]},"properties":{"stop_id":"3902","stop_code":"3902","stop_name":"Cañada Real De Merinas","routes":["112"]}},{"type":"Feature","geometry":{"type":"Point","coordinates":[-3.71875,40.38456]},"properties":{"stop_id":"3903","stop_code":"3903","stop_name":"Intercambiador Plaza Elíptica","routes":["047","116","247","401","832"]}},{"type":"Feature","geometry":{"type":"Point","coordinates":[-3.71844,40.38456]},"properties":{"stop_id":"3906","stop_code":"3906","stop_name":"Plaza Elíptica","routes":["155","702"]}},{"type":"Feature","geometry":{"type":"Point","coordinates":[-3.72104,40.42178]},"properties":{"stop_id":"3907","stop_code":"3907","stop_name":"Príncipe Pío","routes":["033"]}},{"type":"Feature","geometry":{"type":"Point","coordinates":[-3.66549,40.44141]},"properties":{"stop_id":"3908","stop_code":"3908","stop_name":"Avenida Guindalera - Camilo José Cela","routes":["122"]}},{"type":"Feature","geometry":{"type":"Point","coordinates":[-3.6558,40.44862]},"properties":{"stop_id":"3909","stop_code":"3909","stop_name":"Torrelaguna - Ramírez De Arellano","routes":["122"]}},{"type":"Feature","geometry":{"type":"Point","coordinates":[-3.65255,40.4497]},"properties":{"stop_id":"3910","stop_code":"3910","stop_name":"Nuestra Señora De América","routes":["122"]}},{"type":"Feature","geometry":{"type":"Point","coordinates":[-3.65594,40.44738]},"properties":{"stop_id":"3911","stop_code":"3911","stop_name":"Torrelaguna - Emilio Vargas","routes":["122"]}},{"type":"Feature","geometry":{"type":"Point","coordinates":[-3.70031,40.3876]},"properties":{"stop_id":"3912","stop_code":"3912","stop_name":"Glorieta De Cádiz","routes":["006","078"]}},{"type":"Feature","geometry":{"type":"Point","coordinates":[-3.68455,40.39924]},"properties":{"stop_id":"3913","stop_code":"3913","stop_name":"Amanecer En Méndez Álvaro","routes":["102","152","511","513"]}},{"type":"Feature","geometry":{"type":"Point","coordinates":[-3.7357,40.39322]},"properties":{"stop_id":"3914","stop_code":"3914","stop_name":"Zaida - Centro Social","routes":["119"]}},{"type":"Feature","geometry":{"type":"Point","coordinates":[-3.73379,40.39313]},"properties":{"stop_id":"3915","stop_code":"3915","stop_name":"El Toboso - Matilde Hernández","routes":["119"]}},{"type":"Feature","geometry":{"type":"Point","coordinates":[-3.73158,40.39306]},"properties":{"stop_id":"3916","stop_code":"3916","stop_name":"El Toboso - Ervigio","routes":["119"]}},{"type":"Feature","geometry":{"type":"Point","coordinates":[-3.72908,40.39268]},"properties":{"stop_id":"3917","stop_code":"3917","stop_name":"El Toboso - Blasa Pérez","routes":["119"]}},{"type":"Feature","geometry":{"type":"Point","coordinates":[-3.69886,40.49292]},"properties":{"stop_id":"3918","stop_code":"3918","stop_name":"Carretera De Colmenar - Badalona","routes":["175","178"]}},{"type":"Feature","geometry":{"type":"Point","coordinates":[-3.72339,40.40176]},"properties":{"stop_id":"3920","stop_code":"3920","stop_name":"San Dámaso","routes":["050"]}},{"type":"Feature","geometry":{"type":"Point","coordinates":[-3.72217,40.40068]},"properties":{"stop_id":"3921","stop_code":"3921","stop_name":"Avenida Manzanares - San Pompeyo","routes":["050"]}},{"type":"Feature","geometry":{"type":"Point","coordinates":[-3.7208,40.39973]},"properties":{"stop_id":"3922","stop_code":"3922","stop_name":"Avenida Manzanares - San Cándido","routes":["050"]}},{"type":"Feature","geometry":{"type":"Point","coordinates":[-3.71913,40.39933]},"properties":{"stop_id":"3923","stop_code":"3923","stop_name":"Avenida Manzanares","routes":["050"]}},{"type":"Feature","geometry":{"type":"Point","coordinates":[-3.72194,40.39965]},"properties":{"stop_id":"3924","stop_code":"3924","stop_name":"San Illán - San Cándido","routes":["050"]}},{"type":"Feature","geometry":{"type":"Point","coordinates":[-3.69344,40.34397]},"properties":{"stop_id":"3925","stop_code":"3925","stop_name":"María Droc - San Dalmacio","routes":["079"]}},{"type":"Feature","geometry":{"type":"Point","coordinates":[-3.65792,40.46587]},"properties":{"stop_id":"3926","stop_code":"3926","stop_name":"Colonia Banesto","routes":["087"]}},{"type":"Feature","geometry":{"type":"Point","coordinates":[-3.65467,40.46621]},"properties":{"stop_id":"3927","stop_code":"3927","stop_name":"Luis Rosales","routes":["009","072"]}},{"type":"Feature","geometry":{"type":"Point","coordinates":[-3.6548,40.46638]},"properties":{"stop_id":"3928","stop_code":"3928","stop_name":"Luis Rosales","routes":["009","072"]}},{"type":"Feature","geometry":{"type":"Point","coordinates":[-3.71858,40.38491]},"properties":{"stop_id":"3929","stop_code":"3929","stop_name":"Intercambiador Plaza Elíptica","routes":["047","116","247","401","832"]}},{"type":"Feature","geometry":{"type":"Point","coordinates":[-3.68635,40.47847]},"properties":{"stop_id":"3932","stop_code":"3932","stop_name":"Castellana - Cuatro Torres","routes":["067","124","134","135","179"]}},{"type":"Feature","geometry":{"type":"Point","coordinates":[-3.68701,40.47605]},"properties":{"stop_id":"3933","stop_code":"3933","stop_name":"Cuatro Torres","routes":["067","124","134","135","173","175","176","178","179","524"]}},{"type":"Feature","geometry":{"type":"Point","coordinates":[-3.59124,40.35984]},"properties":{"stop_id":"3935","stop_code":"3935","stop_name":"Ensanche Vallecas","routes":["142","145","509"]}},{"type":"Feature","geometry":{"type":"Point","coordinates":[-3.75349,40.40707]},"properties":{"stop_id":"3936","stop_code":"3936","stop_name":"Batán","routes":["055"]}},{"type":"Feature","geometry":{"type":"Point","coordinates":[-3.67676,40.41564]},"properties":{"stop_id":"3937","stop_code":"3937","stop_name":"Narváez","routes":["061"]}},{"type":"Feature","geometry":{"type":"Point","coordinates":[-3.76028,40.40944]},"properties":{"stop_id":"3940","stop_code":"3940","stop_name":"Zoo","routes":["033"]}},{"type":"Feature","geometry":{"type":"Point","coordinates":[-3.61052,40.43812]},"properties":{"stop_id":"3941","stop_code":"3941","stop_name":"Lucano - Fenelón","routes":["028","048","140","505"]}},{"type":"Feature","geometry":{"type":"Point","coordinates":[-3.61171,40.44015]},"properties":{"stop_id":"3942","stop_code":"3942","stop_name":"Lucano - Canal Del Bósforo","routes":["028","048","140","505"]}},{"type":"Feature","geometry":{"type":"Point","coordinates":[-3.60879,40.44125]},"properties":{"stop_id":"3943","stop_code":"3943","stop_name":"Esfinge - Canal Del Bósforo","routes":["028"]}},{"type":"Feature","geometry":{"type":"Point","coordinates":[-3.60781,40.44025]},"properties":{"stop_id":"3944","stop_code":"3944","stop_name":"Barrio Canillejas","routes":["028","048"]}},{"type":"Feature","geometry":{"type":"Point","coordinates":[-3.60884,40.43848]},"properties":{"stop_id":"3945","stop_code":"3945","stop_name":"Fenelón - Las Musas","routes":["028","048"]}},{"type":"Feature","geometry":{"type":"Point","coordinates":[-3.6182,40.36974]},"properties":{"stop_id":"3946","stop_code":"3946","stop_name":"Avenida Villa De Vallecas - Congosto","routes":["142"]}},{"type":"Feature","geometry":{"type":"Point","coordinates":[-3.62337,40.36843]},"properties":{"stop_id":"3947","stop_code":"3947","stop_name":"Centro De Salud Ensanche Vallecas","routes":["142"]}},{"type":"Feature","geometry":{"type":"Point","coordinates":[-3.62329,40.36861]},"properties":{"stop_id":"3948","stop_code":"3948","stop_name":"Centro De Salud Ensanche Vallecas","routes":["142","509"]}},{"type":"Feature","geometry":{"type":"Point","coordinates":[-3.62049,40.36701]},"properties":{"stop_id":"3949","stop_code":"3949","stop_name":"Granja San Ildefonso - Batres","routes":["142"]}},{"type":"Feature","geometry":{"type":"Point","coordinates":[-3.61814,40.36606]},"properties":{"stop_id":"3950","stop_code":"3950","stop_name":"Granja San Ildefonso - La Gavia","routes":["142","509"]}},{"type":"Feature","geometry":{"type":"Point","coordinates":[-3.61106,40.36684]},"properties":{"stop_id":"3951","stop_code":"3951","stop_name":"Peñaranda - Puentedey","routes":["142"]}},{"type":"Feature","geometry":{"type":"Point","coordinates":[-3.61125,40.36693]},"properties":{"stop_id":"3952","stop_code":"3952","stop_name":"Peñaranda - Puentedey","routes":["142"]}},{"type":"Feature","geometry":{"type":"Point","coordinates":[-3.60924,40.36901]},"properties":{"stop_id":"3953","stop_code":"3953","stop_name":"Ensanche De Vallecas - Peñaranda","routes":["142"]}},{"type":"Feature","geometry":{"type":"Point","coordinates":[-3.60943,40.3691]},"properties":{"stop_id":"3954","stop_code":"3954","stop_name":"Ensanche De Vallecas - Peñaranda","routes":["142"]}},{"type":"Feature","geometry":{"type":"Point","coordinates":[-3.60734,40.371]},"properties":{"stop_id":"3955","stop_code":"3955","stop_name":"Las Suertes - Peñaranda","routes":["142"]}},{"type":"Feature","geometry":{"type":"Point","coordinates":[-3.60729,40.3711]},"properties":{"stop_id":"3956","stop_code":"3956","stop_name":"Las Suertes - Peñaranda","routes":["142","509"]}},{"type":"Feature","geometry":{"type":"Point","coordinates":[-3.60109,40.3679]},"properties":{"stop_id":"3957","stop_code":"3957","stop_name":"La Gavia - Centro Comercial","routes":["145"]}},{"type":"Feature","geometry":{"type":"Point","coordinates":[-3.59776,40.36625]},"properties":{"stop_id":"3959","stop_code":"3959","stop_name":"Las Suertes - Cañada Del Santísimo","routes":["145"]}},{"type":"Feature","geometry":{"type":"Point","coordinates":[-3.59505,40.3612]},"properties":{"stop_id":"3964","stop_code":"3964","stop_name":"Ensanche De Vallecas - Embalse De Pinilla","routes":["142","509"]}},{"type":"Feature","geometry":{"type":"Point","coordinates":[-3.59265,40.36005]},"properties":{"stop_id":"3965","stop_code":"3965","stop_name":"Valdecarros","routes":["142","509"]}},{"type":"Feature","geometry":{"type":"Point","coordinates":[-3.59231,40.36051]},"properties":{"stop_id":"3966","stop_code":"3966","stop_name":"Valdecarros","routes":["142"]}},{"type":"Feature","geometry":{"type":"Point","coordinates":[-3.60824,40.38687]},"properties":{"stop_id":"3967","stop_code":"3967","stop_name":"Santa Eugenia Cercanías","routes":["145"]}},{"type":"Feature","geometry":{"type":"Point","coordinates":[-3.61035,40.38569]},"properties":{"stop_id":"3968","stop_code":"3968","stop_name":"Avenida Santa Eugenia 13","routes":["145"]}},{"type":"Feature","geometry":{"type":"Point","coordinates":[-3.61274,40.38454]},"properties":{"stop_id":"3969","stop_code":"3969","stop_name":"Avenida Santa Eugenia - Camino Vasares","routes":["145"]}},{"type":"Feature","geometry":{"type":"Point","coordinates":[-3.6085,40.37863]},"properties":{"stop_id":"3970","stop_code":"3970","stop_name":"Avenida Santa Eugenia - Fuentespina","routes":["145","509"]}},{"type":"Feature","geometry":{"type":"Point","coordinates":[-3.60961,40.37586]},"properties":{"stop_id":"3972","stop_code":"3972","stop_name":"La Gavia - Villamayor De Santiago","routes":["145"]}},{"type":"Feature","geometry":{"type":"Point","coordinates":[-3.60928,40.3757]},"properties":{"stop_id":"3973","stop_code":"3973","stop_name":"La Gavia - Villamayor De Santiago","routes":["145"]}},{"type":"Feature","geometry":{"type":"Point","coordinates":[-3.61154,40.37358]},"properties":{"stop_id":"3975","stop_code":"3975","stop_name":"La Gavia - Las Suertes","routes":["145"]}},{"type":"Feature","geometry":{"type":"Point","coordinates":[-3.6112,40.37343]},"properties":{"stop_id":"3976","stop_code":"3976","stop_name":"La Gavia - Las Suertes","routes":["145"]}},{"type":"Feature","geometry":{"type":"Point","coordinates":[-3.61355,40.37118]},"properties":{"stop_id":"3977","stop_code":"3977","stop_name":"La Gavia - Ensanche De Vallecas","routes":["145","509"]}},{"type":"Feature","geometry":{"type":"Point","coordinates":[-3.61322,40.37104]},"properties":{"stop_id":"3978","stop_code":"3978","stop_name":"La Gavia - Ensanche De Vallecas","routes":["145"]}},{"type":"Feature","geometry":{"type":"Point","coordinates":[-3.61212,40.36959]},"properties":{"stop_id":"3979","stop_code":"3979","stop_name":"La Gavia","routes":["145","509"]}},{"type":"Feature","geometry":{"type":"Point","coordinates":[-3.61168,40.37008]},"properties":{"stop_id":"3980","stop_code":"3980","stop_name":"La Gavia","routes":["145"]}},{"type":"Feature","geometry":{"type":"Point","coordinates":[-3.67144,40.51577]},"properties":{"stop_id":"3984","stop_code":"3984","stop_name":"Carretera De Alcobendas - Isabel Colbrand","routes":["455"]}},{"type":"Feature","geometry":{"type":"Point","coordinates":[-3.66975,40.5168]},"properties":{"stop_id":"3985","stop_code":"3985","stop_name":"Carretera De Alcobendas - M40","routes":["455"]}},{"type":"Feature","geometry":{"type":"Point","coordinates":[-3.72103,40.38373]},"properties":{"stop_id":"3986","stop_code":"3986","stop_name":"Vía Lusitana - Braganza","routes":["116"]}},{"type":"Feature","geometry":{"type":"Point","coordinates":[-3.72086,40.38353]},"properties":{"stop_id":"3987","stop_code":"3987","stop_name":"Vía Lusitana - Braganza","routes":["116"]}},{"type":"Feature","geometry":{"type":"Point","coordinates":[-3.7236,40.38236]},"properties":{"stop_id":"3988","stop_code":"3988","stop_name":"Vía Lusitana - Coimbra","routes":["116"]}},{"type":"Feature","geometry":{"type":"Point","coordinates":[-3.72343,40.38218]},"properties":{"stop_id":"3989","stop_code":"3989","stop_name":"Vía Lusitana - Coimbra","routes":["116"]}},{"type":"Feature","geometry":{"type":"Point","coordinates":[-3.72536,40.381]},"properties":{"stop_id":"3990","stop_code":"3990","stop_name":"Vía Lusitana - Faro","routes":["116","401"]}},{"type":"Feature","geometry":{"type":"Point","coordinates":[-3.7251,40.38083]},"properties":{"stop_id":"3991","stop_code":"3991","stop_name":"Vía Lusitana - Faro","routes":["116","401"]}},{"type":"Feature","geometry":{"type":"Point","coordinates":[-3.72844,40.37845]},"properties":{"stop_id":"3992","stop_code":"3992","stop_name":"Vía Lusitana - Carrero Juan Ramón","routes":["116"]}},{"type":"Feature","geometry":{"type":"Point","coordinates":[-3.72824,40.37825]},"properties":{"stop_id":"3993","stop_code":"3993","stop_name":"Vía Lusitana - Carrero Juan Ramón","routes":["116"]}},{"type":"Feature","geometry":{"type":"Point","coordinates":[-3.73201,40.37547]},"properties":{"stop_id":"3994","stop_code":"3994","stop_name":"Consejería Economía Hacienda Y Empleo","routes":["116","401"]}},{"type":"Feature","geometry":{"type":"Point","coordinates":[-3.73169,40.37522]},"properties":{"stop_id":"3995","stop_code":"3995","stop_name":"Consejería Economía Hacienda Y Empleo","routes":["116","401"]}},{"type":"Feature","geometry":{"type":"Point","coordinates":[-3.70753,40.4952]},"properties":{"stop_id":"3996","stop_code":"3996","stop_name":"La Masó - Marbella","routes":["134","523"]}},{"type":"Feature","geometry":{"type":"Point","coordinates":[-3.70345,40.46314]},"properties":{"stop_id":"3997","stop_code":"3997","stop_name":"Marqués De Viana - Genciana","routes":["011"]}},{"type":"Feature","geometry":{"type":"Point","coordinates":[-3.70376,40.46357]},"properties":{"stop_id":"3998","stop_code":"3998","stop_name":"Marqués De Viana - Genciana","routes":["011"]}},{"type":"Feature","geometry":{"type":"Point","coordinates":[-3.70187,40.46227]},"properties":{"stop_id":"3999","stop_code":"3999","stop_name":"Marqués De Viana - Gladiolo","routes":["011"]}},{"type":"Feature","geometry":{"type":"Point","coordinates":[-3.70193,40.46264]},"properties":{"stop_id":"4000","stop_code":"4000","stop_name":"Marqués De Viana - Gladiolo","routes":["011"]}},{"type":"Feature","geometry":{"type":"Point","coordinates":[-3.69868,40.46072]},"properties":{"stop_id":"4001","stop_code":"4001","stop_name":"Metro Tetuán","routes":["011"]}},{"type":"Feature","geometry":{"type":"Point","coordinates":[-3.69877,40.4609]},"properties":{"stop_id":"4002","stop_code":"4002","stop_name":"Metro Tetuán","routes":["011"]}},{"type":"Feature","geometry":{"type":"Point","coordinates":[-3.69767,40.46025]},"properties":{"stop_id":"4003","stop_code":"4003","stop_name":"Sor Ángela De La Cruz - Infanta Mercedes","routes":["011"]}},{"type":"Feature","geometry":{"type":"Point","coordinates":[-3.69762,40.46066]},"properties":{"stop_id":"4004","stop_code":"4004","stop_name":"Sor Ángela De La Cruz - Infanta Mercedes","routes":["011"]}},{"type":"Feature","geometry":{"type":"Point","coordinates":[-3.69404,40.4591]},"properties":{"stop_id":"4005","stop_code":"4005","stop_name":"Sor Ángela De La Cruz - Orense","routes":["011"]}},{"type":"Feature","geometry":{"type":"Point","coordinates":[-3.69402,40.45948]},"properties":{"stop_id":"4006","stop_code":"4006","stop_name":"Sor Ángela De La Cruz - Orense","routes":["011"]}},{"type":"Feature","geometry":{"type":"Point","coordinates":[-3.69094,40.45901]},"properties":{"stop_id":"4007","stop_code":"4007","stop_name":"Sor Ángela De La Cruz - Cuzco","routes":["011"]}},{"type":"Feature","geometry":{"type":"Point","coordinates":[-3.69231,40.45939]},"properties":{"stop_id":"4008","stop_code":"4008","stop_name":"Sor Ángela De La Cruz - Cuzco","routes":["011"]}},{"type":"Feature","geometry":{"type":"Point","coordinates":[-3.59637,40.40191]},"properties":{"stop_id":"4011","stop_code":"4011","stop_name":"Puerta De Arganda","routes":["452","718"]}},{"type":"Feature","geometry":{"type":"Point","coordinates":[-3.5947,40.4031]},"properties":{"stop_id":"4012","stop_code":"4012","stop_name":"Rivas - Gran Vía Del Este","routes":["452"]}},{"type":"Feature","geometry":{"type":"Point","coordinates":[-3.59435,40.40314]},"properties":{"stop_id":"4013","stop_code":"4013","stop_name":"Rivas - Gran Vía Del Este","routes":["452"]}},{"type":"Feature","geometry":{"type":"Point","coordinates":[-3.59201,40.40072]},"properties":{"stop_id":"4014","stop_code":"4014","stop_name":"Rivas - Boyer","routes":["452"]}},{"type":"Feature","geometry":{"type":"Point","coordinates":[-3.59168,40.40079]},"properties":{"stop_id":"4015","stop_code":"4015","stop_name":"Rivas - Boyer","routes":["452"]}},{"type":"Feature","geometry":{"type":"Point","coordinates":[-3.58889,40.39827]},"properties":{"stop_id":"4016","stop_code":"4016","stop_name":"Rivas - Forjas","routes":["452"]}},{"type":"Feature","geometry":{"type":"Point","coordinates":[-3.58868,40.39847]},"properties":{"stop_id":"4017","stop_code":"4017","stop_name":"Rivas - Forjas","routes":["452"]}},{"type":"Feature","geometry":{"type":"Point","coordinates":[-3.5855,40.39632]},"properties":{"stop_id":"4018","stop_code":"4018","stop_name":"Rivas - Avenida Del Parque","routes":["452"]}},{"type":"Feature","geometry":{"type":"Point","coordinates":[-3.75199,40.37229]},"properties":{"stop_id":"4019","stop_code":"4019","stop_name":"Metro Carabanchel Alto","routes":["035","047","517"]}},{"type":"Feature","geometry":{"type":"Point","coordinates":[-3.75186,40.37213]},"properties":{"stop_id":"4020","stop_code":"4020","stop_name":"Metro Carabanchel Alto","routes":["035","047","517"]}},{"type":"Feature","geometry":{"type":"Point","coordinates":[-3.71809,40.43576]},"properties":{"stop_id":"4021","stop_code":"4021","stop_name":"Isaac Peral - Fernández De Los Ríos","routes":["001","044","062","068","082","132","138","521"]}},{"type":"Feature","geometry":{"type":"Point","coordinates":[-3.71842,40.43579]},"properties":{"stop_id":"4022","stop_code":"4022","stop_name":"Isaac Peral - Fernández De Los Ríos","routes":["001","044","062","069","082","132","138","521"]}},{"type":"Feature","geometry":{"type":"Point","coordinates":[-3.70284,40.41474]},"properties":{"stop_id":"4025","stop_code":"4025","stop_name":"Benavente","routes":["362","601","603"]}},{"type":"Feature","geometry":{"type":"Point","coordinates":[-3.72264,40.43124]},"properties":{"stop_id":"4026","stop_code":"4026","stop_name":"Romero Robledo","routes":["021","062"]}},{"type":"Feature","geometry":{"type":"Point","coordinates":[-3.62759,40.37528]},"properties":{"stop_id":"4027","stop_code":"4027","stop_name":"Cabezamesada - Tineo","routes":["509"]}},{"type":"Feature","geometry":{"type":"Point","coordinates":[-3.69365,40.40248]},"properties":{"stop_id":"4032","stop_code":"4032","stop_name":"Metro Palos De La Frontera","routes":["401"]}},{"type":"Feature","geometry":{"type":"Point","coordinates":[-3.61046,40.4918]},"properties":{"stop_id":"4033","stop_code":"4033","stop_name":"Samaranch - Fernández Ordoñez","routes":["171","174"]}},{"type":"Feature","geometry":{"type":"Point","coordinates":[-3.61087,40.49177]},"properties":{"stop_id":"4034","stop_code":"4034","stop_name":"Samaranch - Fernández Ordoñez","routes":["171","174"]}},{"type":"Feature","geometry":{"type":"Point","coordinates":[-3.7039,40.4076]},"properties":{"stop_id":"4035","stop_code":"4035","stop_name":"Mercado San Fernando","routes":["601"]}},{"type":"Feature","geometry":{"type":"Point","coordinates":[-3.70548,40.40918]},"properties":{"stop_id":"4036","stop_code":"4036","stop_name":"Embajadores - Centro Mayores","routes":["601"]}},{"type":"Feature","geometry":{"type":"Point","coordinates":[-3.70701,40.41094]},"properties":{"stop_id":"4037","stop_code":"4037","stop_name":"Cascorro","routes":["601"]}},{"type":"Feature","geometry":{"type":"Point","coordinates":[-3.70076,40.41627]},"properties":{"stop_id":"4039","stop_code":"4039","stop_name":"Canalejas","routes":["362","601","603"]}},{"type":"Feature","geometry":{"type":"Point","coordinates":[-3.70045,40.41626]},"properties":{"stop_id":"4040","stop_code":"4040","stop_name":"Canalejas","routes":["362","601","603"]}},{"type":"Feature","geometry":{"type":"Point","coordinates":[-3.7032,40.41416]},"properties":{"stop_id":"4042","stop_code":"4042","stop_name":"Benavente","routes":["362","601","603"]}},{"type":"Feature","geometry":{"type":"Point","coordinates":[-3.70173,40.41208]},"properties":{"stop_id":"4043","stop_code":"4043","stop_name":"Magdalena","routes":["601"]}},{"type":"Feature","geometry":{"type":"Point","coordinates":[-3.70171,40.41058]},"properties":{"stop_id":"4044","stop_code":"4044","stop_name":"San Carlos","routes":["601"]}},{"type":"Feature","geometry":{"type":"Point","coordinates":[-3.70115,40.40861]},"properties":{"stop_id":"4045","stop_code":"4045","stop_name":"Lavapiés","routes":["601"]}},{"type":"Feature","geometry":{"type":"Point","coordinates":[-3.61234,40.44207]},"properties":{"stop_id":"4046","stop_code":"4046","stop_name":"San Mariano - Néctar","routes":["028","505"]}},{"type":"Feature","geometry":{"type":"Point","coordinates":[-3.61156,40.44083]},"properties":{"stop_id":"4047","stop_code":"4047","stop_name":"San Mariano - Canal Del Bósforo","routes":["028","505"]}},{"type":"Feature","geometry":{"type":"Point","coordinates":[-3.60991,40.44357]},"properties":{"stop_id":"4048","stop_code":"4048","stop_name":"Néctar - Esfinge","routes":["048"]}},{"type":"Feature","geometry":{"type":"Point","coordinates":[-3.60855,40.44168]},"properties":{"stop_id":"4049","stop_code":"4049","stop_name":"Esfinge - Canal Del Bósforo","routes":["048"]}},{"type":"Feature","geometry":{"type":"Point","coordinates":[-3.59702,40.39733]},"properties":{"stop_id":"4050","stop_code":"4050","stop_name":"Pirotecnia - Ahumados","routes":["718"]}},{"type":"Feature","geometry":{"type":"Point","coordinates":[-3.5959,40.39742]},"properties":{"stop_id":"4051","stop_code":"4051","stop_name":"Pirotecnia - Pedro Escarbassiere","routes":["718"]}},{"type":"Feature","geometry":{"type":"Point","coordinates":[-3.67945,40.43194]},"properties":{"stop_id":"4052","stop_code":"4052","stop_name":"Marqués De Salamanca","routes":["029","052","502"]}},{"type":"Feature","geometry":{"type":"Point","coordinates":[-3.58425,40.44283]},"properties":{"stop_id":"4053","stop_code":"4053","stop_name":"Deyanira - Campezo","routes":["077","088","505"]}},{"type":"Feature","geometry":{"type":"Point","coordinates":[-3.68257,40.4219]},"properties":{"stop_id":"4055","stop_code":"4055","stop_name":"Escuelas Aguirre - Casa Árabe","routes":["015","052","146","502","503","505","507"]}},{"type":"Feature","geometry":{"type":"Point","coordinates":[-3.7026,40.40552]},"properties":{"stop_id":"4057","stop_code":"4057","stop_name":"Embajadores","routes":["601"]}},{"type":"Feature","geometry":{"type":"Point","coordinates":[-3.70695,40.41315]},"properties":{"stop_id":"4058","stop_code":"4058","stop_name":"Colegiata","routes":["362","601","603"]}},{"type":"Feature","geometry":{"type":"Point","coordinates":[-3.70118,40.40714]},"properties":{"stop_id":"4060","stop_code":"4060","stop_name":"Miguel Servet","routes":["601"]}},{"type":"Feature","geometry":{"type":"Point","coordinates":[-3.61726,40.38731]},"properties":{"stop_id":"4061","stop_code":"4061","stop_name":"Hospital Infanta Leonor - Acceso Principal","routes":["481"]}},{"type":"Feature","geometry":{"type":"Point","coordinates":[-3.61915,40.38754]},"properties":{"stop_id":"4062","stop_code":"4062","stop_name":"Hospital Infanta Leonor","routes":["481"]}},{"type":"Feature","geometry":{"type":"Point","coordinates":[-3.61623,40.38696]},"properties":{"stop_id":"4063","stop_code":"4063","stop_name":"Hospital Infanta Leonor - Urgencias","routes":["481"]}},{"type":"Feature","geometry":{"type":"Point","coordinates":[-3.58374,40.4427]},"properties":{"stop_id":"4065","stop_code":"4065","stop_name":"Deyanira - Campezo","routes":["077","505"]}},{"type":"Feature","geometry":{"type":"Point","coordinates":[-3.72088,40.41998]},"properties":{"stop_id":"4070","stop_code":"4070","stop_name":"Glorieta De San Vicente","routes":["025","039","062","069","138","158","518","519","530"]}},{"type":"Feature","geometry":{"type":"Point","coordinates":[-3.62583,40.37401]},"properties":{"stop_id":"4071","stop_code":"4071","stop_name":"Cabeza Mesada - Puerto Porzuna","routes":["103"]}},{"type":"Feature","geometry":{"type":"Point","coordinates":[-3.62757,40.37171]},"properties":{"stop_id":"4073","stop_code":"4073","stop_name":"Valderrebollo - Ecobulevar","routes":["103"]}},{"type":"Feature","geometry":{"type":"Point","coordinates":[-3.62761,40.37306]},"properties":{"stop_id":"4074","stop_code":"4074","stop_name":"Valderrebollo - Centro Alzheimer","routes":["103"]}},{"type":"Feature","geometry":{"type":"Point","coordinates":[-3.6272,40.37463]},"properties":{"stop_id":"4075","stop_code":"4075","stop_name":"Cabezamesada - Tineo","routes":["103"]}},{"type":"Feature","geometry":{"type":"Point","coordinates":[-3.62514,40.37314]},"properties":{"stop_id":"4076","stop_code":"4076","stop_name":"Cabeza Mesada - Puerto Porzuna","routes":["103"]}},{"type":"Feature","geometry":{"type":"Point","coordinates":[-3.57548,40.44379]},"properties":{"stop_id":"4077","stop_code":"4077","stop_name":"Yécora - Invierno","routes":["077","088","167","505"]}},{"type":"Feature","geometry":{"type":"Point","coordinates":[-3.73157,40.38885]},"properties":{"stop_id":"4078","stop_code":"4078","stop_name":"Oporto","routes":["034","035","526"]}},{"type":"Feature","geometry":{"type":"Point","coordinates":[-3.63482,40.46264]},"properties":{"stop_id":"4080","stop_code":"4080","stop_name":"Machupichu - Silvano","routes":["120"]}},{"type":"Feature","geometry":{"type":"Point","coordinates":[-3.63496,40.46282]},"properties":{"stop_id":"4081","stop_code":"4081","stop_name":"Machupichu - Silvano","routes":["120"]}},{"type":"Feature","geometry":{"type":"Point","coordinates":[-3.69998,40.45893]},"properties":{"stop_id":"4083","stop_code":"4083","stop_name":"Bravo Murillo - María Zayas","routes":["066","124","523"]}},{"type":"Feature","geometry":{"type":"Point","coordinates":[-3.74168,40.36319]},"properties":{"stop_id":"4084","stop_code":"4084","stop_name":"Carabanchel Alto","routes":["035","118"]}},{"type":"Feature","geometry":{"type":"Point","coordinates":[-3.69809,40.46107]},"properties":{"stop_id":"4085","stop_code":"4085","stop_name":"Metro Tetuán","routes":["066","124"]}},{"type":"Feature","geometry":{"type":"Point","coordinates":[-3.64568,40.39033]},"properties":{"stop_id":"4088","stop_code":"4088","stop_name":"Alto Del Arenal","routes":["057"]}},{"type":"Feature","geometry":{"type":"Point","coordinates":[-3.74767,40.36272]},"properties":{"stop_id":"4090","stop_code":"4090","stop_name":"La Peseta - Maravedí","routes":["035","118","401","516"]}},{"type":"Feature","geometry":{"type":"Point","coordinates":[-3.74409,40.3635]},"properties":{"stop_id":"4091","stop_code":"4091","stop_name":"La Peseta - Vía Lusitana","routes":["035","118","516"]}},{"type":"Feature","geometry":{"type":"Point","coordinates":[-3.74428,40.36385]},"properties":{"stop_id":"4092","stop_code":"4092","stop_name":"La Peseta - Vía Lusitana","routes":["035","118","516"]}},{"type":"Feature","geometry":{"type":"Point","coordinates":[-3.74113,40.36289]},"properties":{"stop_id":"4093","stop_code":"4093","stop_name":"Real - Centro Comercial","routes":["035"]}},{"type":"Feature","geometry":{"type":"Point","coordinates":[-3.70197,40.42021]},"properties":{"stop_id":"4094","stop_code":"4094","stop_name":"Gran Vía - Montera","routes":["001","002","046","074","146","361","362","516","518","519","520","521"]}},{"type":"Feature","geometry":{"type":"Point","coordinates":[-3.70212,40.41999]},"properties":{"stop_id":"4096","stop_code":"4096","stop_name":"Metro Gran Vía","routes":["362"]}},{"type":"Feature","geometry":{"type":"Point","coordinates":[-3.68712,40.38919]},"properties":{"stop_id":"4100","stop_code":"4100","stop_name":"Planetario","routes":["148","156","869"]}},{"type":"Feature","geometry":{"type":"Point","coordinates":[-3.68724,40.38936]},"properties":{"stop_id":"4101","stop_code":"4101","stop_name":"Planetario","routes":["148","156","870"]}},{"type":"Feature","geometry":{"type":"Point","coordinates":[-3.63755,40.39165]},"properties":{"stop_id":"4102","stop_code":"4102","stop_name":"Rafael Alberti - San Claudio","routes":["054"]}},{"type":"Feature","geometry":{"type":"Point","coordinates":[-3.63781,40.39192]},"properties":{"stop_id":"4103","stop_code":"4103","stop_name":"Rafael Alberti - San Claudio","routes":["054"]}},{"type":"Feature","geometry":{"type":"Point","coordinates":[-3.61633,40.38707]},"properties":{"stop_id":"4105","stop_code":"4105","stop_name":"Hospital Infanta Leonor - Urgencias","routes":["481"]}},{"type":"Feature","geometry":{"type":"Point","coordinates":[-3.69989,40.41998]},"properties":{"stop_id":"4108","stop_code":"4108","stop_name":"Gran Vía - Pedro Zerolo","routes":["003","046","362"]}},{"type":"Feature","geometry":{"type":"Point","coordinates":[-3.60097,40.36803]},"properties":{"stop_id":"4112","stop_code":"4112","stop_name":"La Gavia - Centro Comercial","routes":["142","145","509"]}},{"type":"Feature","geometry":{"type":"Point","coordinates":[-3.69241,40.36576]},"properties":{"stop_id":"4113","stop_code":"4113","stop_name":"Orovilla - Silvina","routes":["123"]}},{"type":"Feature","geometry":{"type":"Point","coordinates":[-3.69226,40.3659]},"properties":{"stop_id":"4114","stop_code":"4114","stop_name":"Orovilla - Silvina","routes":["123"]}},{"type":"Feature","geometry":{"type":"Point","coordinates":[-3.71876,40.41041]},"properties":{"stop_id":"4115","stop_code":"4115","stop_name":"Melancólicos - Imperial","routes":["062"]}},{"type":"Feature","geometry":{"type":"Point","coordinates":[-3.70504,40.40167]},"properties":{"stop_id":"4118","stop_code":"4118","stop_name":"Paseo De La Esperanza - Vallejo Nájera","routes":["062"]}},{"type":"Feature","geometry":{"type":"Point","coordinates":[-3.70348,40.399]},"properties":{"stop_id":"4119","stop_code":"4119","stop_name":"Paseo De La Esperanza - Gargantilla","routes":["062"]}},{"type":"Feature","geometry":{"type":"Point","coordinates":[-3.70311,40.39889]},"properties":{"stop_id":"4120","stop_code":"4120","stop_name":"Paseo De La Esperanza - Gargantilla","routes":["062"]}},{"type":"Feature","geometry":{"type":"Point","coordinates":[-3.70447,40.39744]},"properties":{"stop_id":"4121","stop_code":"4121","stop_name":"Arganda - Puente Praga","routes":["062"]}},{"type":"Feature","geometry":{"type":"Point","coordinates":[-3.70424,40.39752]},"properties":{"stop_id":"4122","stop_code":"4122","stop_name":"Arganda - Puente Praga","routes":["062"]}},{"type":"Feature","geometry":{"type":"Point","coordinates":[-3.71892,40.40519]},"properties":{"stop_id":"4123","stop_code":"4123","stop_name":"Cobos De Segovia","routes":["062"]}},{"type":"Feature","geometry":{"type":"Point","coordinates":[-3.71949,40.40794]},"properties":{"stop_id":"4124","stop_code":"4124","stop_name":"Melancólicos","routes":["062"]}},{"type":"Feature","geometry":{"type":"Point","coordinates":[-3.70175,40.42204]},"properties":{"stop_id":"4129","stop_code":"4129","stop_name":"Valverde","routes":["362"]}},{"type":"Feature","geometry":{"type":"Point","coordinates":[-3.70247,40.42379]},"properties":{"stop_id":"4130","stop_code":"4130","stop_name":"San Ildefonso","routes":["362"]}},{"type":"Feature","geometry":{"type":"Point","coordinates":[-3.70397,40.42284]},"properties":{"stop_id":"4131","stop_code":"4131","stop_name":"Corredera","routes":["362"]}},{"type":"Feature","geometry":{"type":"Point","coordinates":[-3.70542,40.4239]},"properties":{"stop_id":"4132","stop_code":"4132","stop_name":"Pez - Jesús Del Valle","routes":["362"]}},{"type":"Feature","geometry":{"type":"Point","coordinates":[-3.70697,40.4244]},"properties":{"stop_id":"4133","stop_code":"4133","stop_name":"Noviciado","routes":["362"]}},{"type":"Feature","geometry":{"type":"Point","coordinates":[-3.70882,40.42441]},"properties":{"stop_id":"4134","stop_code":"4134","stop_name":"Reyes","routes":["362"]}},{"type":"Feature","geometry":{"type":"Point","coordinates":[-3.70932,40.42648]},"properties":{"stop_id":"4135","stop_code":"4135","stop_name":"Comendadoras","routes":["362"]}},{"type":"Feature","geometry":{"type":"Point","coordinates":[-3.70952,40.4282]},"properties":{"stop_id":"4136","stop_code":"4136","stop_name":"Conde Duque","routes":["362"]}},{"type":"Feature","geometry":{"type":"Point","coordinates":[-3.71465,40.42961]},"properties":{"stop_id":"4137","stop_code":"4137","stop_name":"Princesa - Centro Comercial","routes":["362","363"]}},{"type":"Feature","geometry":{"type":"Point","coordinates":[-3.71269,40.42955]},"properties":{"stop_id":"4138","stop_code":"4138","stop_name":"Santa Cruz Marcenado","routes":["362"]}},{"type":"Feature","geometry":{"type":"Point","coordinates":[-3.70976,40.42869]},"properties":{"stop_id":"4139","stop_code":"4139","stop_name":"Conde Duque","routes":["362"]}},{"type":"Feature","geometry":{"type":"Point","coordinates":[-3.71084,40.42707]},"properties":{"stop_id":"4140","stop_code":"4140","stop_name":"Centro Cultural Conde Duque","routes":["362"]}},{"type":"Feature","geometry":{"type":"Point","coordinates":[-3.7096,40.42578]},"properties":{"stop_id":"4141","stop_code":"4141","stop_name":"Travesia Conde Duque","routes":["362"]}},{"type":"Feature","geometry":{"type":"Point","coordinates":[-3.70761,40.42559]},"properties":{"stop_id":"4142","stop_code":"4142","stop_name":"Noviciado","routes":["362"]}},{"type":"Feature","geometry":{"type":"Point","coordinates":[-3.70227,40.4242]},"properties":{"stop_id":"4144","stop_code":"4144","stop_name":"San Ildefonso","routes":["362"]}},{"type":"Feature","geometry":{"type":"Point","coordinates":[-3.70273,40.42199]},"properties":{"stop_id":"4145","stop_code":"4145","stop_name":"Barco","routes":["362"]}},{"type":"Feature","geometry":{"type":"Point","coordinates":[-3.69694,40.46328]},"properties":{"stop_id":"4147","stop_code":"4147","stop_name":"Plaza De La Remonta","routes":["066","124","523"]}},{"type":"Feature","geometry":{"type":"Point","coordinates":[-3.72061,40.47222]},"properties":{"stop_id":"4149","stop_code":"4149","stop_name":"Joaquín Lorenzo - Cesar Manrique","routes":["042"]}},{"type":"Feature","geometry":{"type":"Point","coordinates":[-3.69907,40.39391]},"properties":{"stop_id":"4150","stop_code":"4150","stop_name":"Casa Del Reloj","routes":["062"]}},{"type":"Feature","geometry":{"type":"Point","coordinates":[-3.69896,40.39413]},"properties":{"stop_id":"4151","stop_code":"4151","stop_name":"Casa Del Reloj","routes":["062"]}},{"type":"Feature","geometry":{"type":"Point","coordinates":[-3.69762,40.39373]},"properties":{"stop_id":"4152","stop_code":"4152","stop_name":"Guillermo De Osma","routes":["062"]}},{"type":"Feature","geometry":{"type":"Point","coordinates":[-3.69504,40.39387]},"properties":{"stop_id":"4154","stop_code":"4154","stop_name":"Beata","routes":["062"]}},{"type":"Feature","geometry":{"type":"Point","coordinates":[-3.68837,40.47541]},"properties":{"stop_id":"4156","stop_code":"4156","stop_name":"Cuatro Torres","routes":["147"]}},{"type":"Feature","geometry":{"type":"Point","coordinates":[-3.59448,40.47087]},"properties":{"stop_id":"4158","stop_code":"4158","stop_name":"Valhondo - Tornado","routes":["151"]}},{"type":"Feature","geometry":{"type":"Point","coordinates":[-3.59475,40.47089]},"properties":{"stop_id":"4159","stop_code":"4159","stop_name":"Valhondo - Tornado","routes":["151"]}},{"type":"Feature","geometry":{"type":"Point","coordinates":[-3.59289,40.47318]},"properties":{"stop_id":"4162","stop_code":"4162","stop_name":"Playa De Barlovento","routes":["151","166"]}},{"type":"Feature","geometry":{"type":"Point","coordinates":[-3.59345,40.47326]},"properties":{"stop_id":"4163","stop_code":"4163","stop_name":"Playa De Barlovento","routes":["151","166"]}},{"type":"Feature","geometry":{"type":"Point","coordinates":[-3.58744,40.47358]},"properties":{"stop_id":"4164","stop_code":"4164","stop_name":"Playa De América","routes":["151","166"]}},{"type":"Feature","geometry":{"type":"Point","coordinates":[-3.58762,40.47363]},"properties":{"stop_id":"4165","stop_code":"4165","stop_name":"Playa De América","routes":["151","166","504"]}},{"type":"Feature","geometry":{"type":"Point","coordinates":[-3.58535,40.47546]},"properties":{"stop_id":"4166","stop_code":"4166","stop_name":"Playa De Riazor","routes":["151"]}},{"type":"Feature","geometry":{"type":"Point","coordinates":[-3.58546,40.47552]},"properties":{"stop_id":"4167","stop_code":"4167","stop_name":"Playa De Riazor","routes":["151"]}},{"type":"Feature","geometry":{"type":"Point","coordinates":[-3.58264,40.47563]},"properties":{"stop_id":"4168","stop_code":"4168","stop_name":"Metro Barajas","routes":["166"]}},{"type":"Feature","geometry":{"type":"Point","coordinates":[-3.58264,40.47575]},"properties":{"stop_id":"4169","stop_code":"4169","stop_name":"Barajas","routes":["151","166","504"]}},{"type":"Feature","geometry":{"type":"Point","coordinates":[-3.59425,40.46734]},"properties":{"stop_id":"4170","stop_code":"4170","stop_name":"Bahía De La Concha","routes":["151","166"]}},{"type":"Feature","geometry":{"type":"Point","coordinates":[-3.59441,40.4673]},"properties":{"stop_id":"4171","stop_code":"4171","stop_name":"Bahía De La Concha","routes":["151","166"]}},{"type":"Feature","geometry":{"type":"Point","coordinates":[-3.66395,40.36778]},"properties":{"stop_id":"4173","stop_code":"4173","stop_name":"Instituto Raúl Vázquez","routes":["180","453"]}},{"type":"Feature","geometry":{"type":"Point","coordinates":[-3.66394,40.36789]},"properties":{"stop_id":"4174","stop_code":"4174","stop_name":"Instituto Raúl Vázquez","routes":["180","453"]}},{"type":"Feature","geometry":{"type":"Point","coordinates":[-3.71837,40.43894]},"properties":{"stop_id":"4175","stop_code":"4175","stop_name":"Fundación Jiménez Diaz","routes":["082","132"]}},{"type":"Feature","geometry":{"type":"Point","coordinates":[-3.68949,40.45222]},"properties":{"stop_id":"4179","stop_code":"4179","stop_name":"Lima - Santiago Bernabéu","routes":["014","043","120","150"]}},{"type":"Feature","geometry":{"type":"Point","coordinates":[-3.75711,40.36264]},"properties":{"stop_id":"4180","stop_code":"4180","stop_name":"La Peseta","routes":["118"]}},{"type":"Feature","geometry":{"type":"Point","coordinates":[-3.74228,40.36842]},"properties":{"stop_id":"4181","stop_code":"4181","stop_name":"Euro - Aguacate","routes":["108","118"]}},{"type":"Feature","geometry":{"type":"Point","coordinates":[-3.74219,40.36853]},"properties":{"stop_id":"4182","stop_code":"4182","stop_name":"Euro - Aguacate","routes":["108","118"]}},{"type":"Feature","geometry":{"type":"Point","coordinates":[-3.74074,40.3673]},"properties":{"stop_id":"4183","stop_code":"4183","stop_name":"Cementerio Carabanchel","routes":["118","516"]}},{"type":"Feature","geometry":{"type":"Point","coordinates":[-3.74065,40.36737]},"properties":{"stop_id":"4184","stop_code":"4184","stop_name":"Cementerio Carabanchel","routes":["118","516"]}},{"type":"Feature","geometry":{"type":"Point","coordinates":[-3.73839,40.36541]},"properties":{"stop_id":"4185","stop_code":"4185","stop_name":"Thaler - Centro Comercial","routes":["118","516"]}},{"type":"Feature","geometry":{"type":"Point","coordinates":[-3.73845,40.36511]},"properties":{"stop_id":"4186","stop_code":"4186","stop_name":"Thaler - Centro Comercial","routes":["118","516"]}},{"type":"Feature","geometry":{"type":"Point","coordinates":[-3.74034,40.3632]},"properties":{"stop_id":"4187","stop_code":"4187","stop_name":"Calderilla - Centro Comercial","routes":["118","401","516"]}},{"type":"Feature","geometry":{"type":"Point","coordinates":[-3.74032,40.36319]},"properties":{"stop_id":"4188","stop_code":"4188","stop_name":"Calderilla - Centro Comercial","routes":["118","401","516"]}},{"type":"Feature","geometry":{"type":"Point","coordinates":[-3.79027,40.46053]},"properties":{"stop_id":"4190","stop_code":"4190","stop_name":"Pico Ocejón - Ana Teresa","routes":["160","528"]}},{"type":"Feature","geometry":{"type":"Point","coordinates":[-3.61297,40.42724]},"properties":{"stop_id":"4192","stop_code":"4192","stop_name":"Arcos De Jalón - Avenida De Canillejas","routes":["004"]}},{"type":"Feature","geometry":{"type":"Point","coordinates":[-3.68687,40.46833]},"properties":{"stop_id":"4194","stop_code":"4194","stop_name":"Enrique Larreta","routes":["005","066"]}},{"type":"Feature","geometry":{"type":"Point","coordinates":[-3.61166,40.42389]},"properties":{"stop_id":"4195","stop_code":"4195","stop_name":"Avenida De Canillejas - Rusia","routes":["004"]}},{"type":"Feature","geometry":{"type":"Point","coordinates":[-3.61136,40.42396]},"properties":{"stop_id":"4196","stop_code":"4196","stop_name":"Avenida De Canillejas - Rusia","routes":["004"]}},{"type":"Feature","geometry":{"type":"Point","coordinates":[-3.61148,40.42161]},"properties":{"stop_id":"4197","stop_code":"4197","stop_name":"Avenida De Canillejas - Aquitania","routes":["004","506"]}},{"type":"Feature","geometry":{"type":"Point","coordinates":[-3.73293,40.43442]},"properties":{"stop_id":"4198","stop_code":"4198","stop_name":"Puente De Los Franceses","routes":["093","160","161","528"]}},{"type":"Feature","geometry":{"type":"Point","coordinates":[-3.7296,40.39011]},"properties":{"stop_id":"4202","stop_code":"4202","stop_name":"Clarisas","routes":["034","035","118","526"]}},{"type":"Feature","geometry":{"type":"Point","coordinates":[-3.76532,40.37325]},"properties":{"stop_id":"4204","stop_code":"4204","stop_name":"Joaquín Turina - La Fortuna","routes":["034"]}},{"type":"Feature","geometry":{"type":"Point","coordinates":[-3.76463,40.37287]},"properties":{"stop_id":"4205","stop_code":"4205","stop_name":"Joaquín Turina - La Fortuna","routes":["034"]}},{"type":"Feature","geometry":{"type":"Point","coordinates":[-3.74463,40.40964]},"properties":{"stop_id":"4207","stop_code":"4207","stop_name":"Robledal","routes":["033"]}},{"type":"Feature","geometry":{"type":"Point","coordinates":[-3.61249,40.42072]},"properties":{"stop_id":"4210","stop_code":"4210","stop_name":"Aquitania - Toscana","routes":["106","140","153","159","402","507"]}},{"type":"Feature","geometry":{"type":"Point","coordinates":[-3.72417,40.4138]},"properties":{"stop_id":"4213","stop_code":"4213","stop_name":"Puente De Segovia - Paseo De Extremadura","routes":["025"]}},{"type":"Feature","geometry":{"type":"Point","coordinates":[-3.70125,40.46602]},"properties":{"stop_id":"4217","stop_code":"4217","stop_name":"Blanco Argibay - Moquetas","routes":["049"]}},{"type":"Feature","geometry":{"type":"Point","coordinates":[-3.75325,40.36204]},"properties":{"stop_id":"4219","stop_code":"4219","stop_name":"La Peseta","routes":["516"]}},{"type":"Feature","geometry":{"type":"Point","coordinates":[-3.65275,40.49216]},"properties":{"stop_id":"4220","stop_code":"4220","stop_name":"Ingeniero Herrera - Príncipe Carlos","routes":["170","501"]}},{"type":"Feature","geometry":{"type":"Point","coordinates":[-3.65161,40.48948]},"properties":{"stop_id":"4221","stop_code":"4221","stop_name":"Álvarez De Villaamil","routes":["170","501"]}},{"type":"Feature","geometry":{"type":"Point","coordinates":[-3.67062,40.51211]},"properties":{"stop_id":"4222","stop_code":"4222","stop_name":"Las Tablas","routes":["524"]}},{"type":"Feature","geometry":{"type":"Point","coordinates":[-3.6207,40.36731]},"properties":{"stop_id":"4223","stop_code":"4223","stop_name":"Granja San Ildefonso - Batres","routes":["142"]}},{"type":"Feature","geometry":{"type":"Point","coordinates":[-3.70006,40.42667]},"properties":{"stop_id":"4229","stop_code":"4229","stop_name":"Tribunal","routes":["149"]}},{"type":"Feature","geometry":{"type":"Point","coordinates":[-3.62428,40.41859]},"properties":{"stop_id":"4230","stop_code":"4230","stop_name":"Hermanos García Noblejas - Alsacia","routes":["070","167"]}},{"type":"Feature","geometry":{"type":"Point","coordinates":[-3.72283,40.42995]},"properties":{"stop_id":"4232","stop_code":"4232","stop_name":"Pintor Rosales","routes":["021","062","074"]}},{"type":"Feature","geometry":{"type":"Point","coordinates":[-3.72066,40.42912]},"properties":{"stop_id":"4233","stop_code":"4233","stop_name":"Marqués De Urquijo - Teleférico","routes":["021"]}},{"type":"Feature","geometry":{"type":"Point","coordinates":[-3.72346,40.43061]},"properties":{"stop_id":"4234","stop_code":"4234","stop_name":"Pintor Rosales","routes":["074"]}},{"type":"Feature","geometry":{"type":"Point","coordinates":[-3.72377,40.43239]},"properties":{"stop_id":"4235","stop_code":"4235","stop_name":"Lisboa","routes":["074"]}},{"type":"Feature","geometry":{"type":"Point","coordinates":[-3.70832,40.35249]},"properties":{"stop_id":"4237","stop_code":"4237","stop_name":"Carretera De Villaverde - Puebla Sanabria","routes":["131"]}},{"type":"Feature","geometry":{"type":"Point","coordinates":[-3.70816,40.35259]},"properties":{"stop_id":"4238","stop_code":"4238","stop_name":"Carretera De Villaverde - Puebla Sanabria","routes":["131"]}},{"type":"Feature","geometry":{"type":"Point","coordinates":[-3.72134,40.39495]},"properties":{"stop_id":"4239","stop_code":"4239","stop_name":"General Ricardos - Comandante Fontanes","routes":["034","035","118","119","526"]}},{"type":"Feature","geometry":{"type":"Point","coordinates":[-3.59765,40.36641]},"properties":{"stop_id":"4242","stop_code":"4242","stop_name":"Las Suertes - Cañada Del Santísimo","routes":["145","509"]}},{"type":"Feature","geometry":{"type":"Point","coordinates":[-3.67671,40.43817]},"properties":{"stop_id":"4244","stop_code":"4244","stop_name":"Avenida De América","routes":["200"]}},{"type":"Feature","geometry":{"type":"Point","coordinates":[-3.67653,40.43827]},"properties":{"stop_id":"4245","stop_code":"4245","stop_name":"Avenida De América","routes":["122"]}},{"type":"Feature","geometry":{"type":"Point","coordinates":[-3.67637,40.43836]},"properties":{"stop_id":"4246","stop_code":"4246","stop_name":"Avenida De América","routes":["114"]}},{"type":"Feature","geometry":{"type":"Point","coordinates":[-3.67619,40.43847]},"properties":{"stop_id":"4247","stop_code":"4247","stop_name":"Avenida De América","routes":["115"]}},{"type":"Feature","geometry":{"type":"Point","coordinates":[-3.70475,40.47]},"properties":{"stop_id":"4264","stop_code":"4264","stop_name":"Paseo De La Dirección - Jaramagos","routes":["049","522"]}},{"type":"Feature","geometry":{"type":"Point","coordinates":[-3.76568,40.37214]},"properties":{"stop_id":"4265","stop_code":"4265","stop_name":"La Fortuna - Joaquín Turina","routes":["155"]}},{"type":"Feature","geometry":{"type":"Point","coordinates":[-3.61765,40.4942]},"properties":{"stop_id":"4266","stop_code":"4266","stop_name":"Samaranch - Fina De Calderón","routes":["171","174"]}},{"type":"Feature","geometry":{"type":"Point","coordinates":[-3.6171,40.49388]},"properties":{"stop_id":"4267","stop_code":"4267","stop_name":"Samaranch - Fina De Calderón","routes":["171","174"]}},{"type":"Feature","geometry":{"type":"Point","coordinates":[-3.61986,40.49521]},"properties":{"stop_id":"4268","stop_code":"4268","stop_name":"Gutiérrez Mellado - Secundino Zuazo","routes":["171","174","502"]}},{"type":"Feature","geometry":{"type":"Point","coordinates":[-3.62014,40.49445]},"properties":{"stop_id":"4269","stop_code":"4269","stop_name":"Gutiérrez Mellado - Samaranch","routes":["171","174","502"]}},{"type":"Feature","geometry":{"type":"Point","coordinates":[-3.63112,40.48195]},"properties":{"stop_id":"4270","stop_code":"4270","stop_name":"Caléndula","routes":["087"]}},{"type":"Feature","geometry":{"type":"Point","coordinates":[-3.72027,40.4954]},"properties":{"stop_id":"4273","stop_code":"4273","stop_name":"Arroyo Del Monte - Ventisquero Condesa","routes":["049","170"]}},{"type":"Feature","geometry":{"type":"Point","coordinates":[-3.71975,40.49536]},"properties":{"stop_id":"4274","stop_code":"4274","stop_name":"Arroyo Del Monte - Ventisquero Condesa","routes":["049","170"]}},{"type":"Feature","geometry":{"type":"Point","coordinates":[-3.6299,40.39017]},"properties":{"stop_id":"4278","stop_code":"4278","stop_name":"Telecomunicación Y Topografía","routes":["090"]}},{"type":"Feature","geometry":{"type":"Point","coordinates":[-3.63085,40.38769]},"properties":{"stop_id":"4279","stop_code":"4279","stop_name":"Colegio Educación Especial Vallecas","routes":["090"]}},{"type":"Feature","geometry":{"type":"Point","coordinates":[-3.62948,40.3872]},"properties":{"stop_id":"4280","stop_code":"4280","stop_name":"Instituto Palomeras - Vallecas","routes":["090"]}},{"type":"Feature","geometry":{"type":"Point","coordinates":[-3.62695,40.38859]},"properties":{"stop_id":"4281","stop_code":"4281","stop_name":"Polideportivo Campus Sur","routes":["090"]}},{"type":"Feature","geometry":{"type":"Point","coordinates":[-3.72562,40.49471]},"properties":{"stop_id":"4282","stop_code":"4282","stop_name":"Estación De Pitis","routes":["064","082"]}},{"type":"Feature","geometry":{"type":"Point","coordinates":[-3.64114,40.39543]},"properties":{"stop_id":"4283","stop_code":"4283","stop_name":"Mediterráneo - Fuente Carrantona","routes":["090","145"]}},{"type":"Feature","geometry":{"type":"Point","coordinates":[-3.70458,40.44679]},"properties":{"stop_id":"4284","stop_code":"4284","stop_name":"Cuatro Caminos","routes":["045","091","127"]}},{"type":"Feature","geometry":{"type":"Point","coordinates":[-3.72774,40.45214]},"properties":{"stop_id":"4285","stop_code":"4285","stop_name":"Paraninfo - Telecomunicaciones","routes":["082","091","092","099","520"]}},{"type":"Feature","geometry":{"type":"Point","coordinates":[-3.73156,40.448]},"properties":{"stop_id":"4287","stop_code":"4287","stop_name":"Escuela De Caminos","routes":["091","092"]}},{"type":"Feature","geometry":{"type":"Point","coordinates":[-3.73153,40.44786]},"properties":{"stop_id":"4288","stop_code":"4288","stop_name":"Escuela De Caminos","routes":["091","092"]}},{"type":"Feature","geometry":{"type":"Point","coordinates":[-3.73361,40.44931]},"properties":{"stop_id":"4289","stop_code":"4289","stop_name":"Filosofía B","routes":["091","092"]}},{"type":"Feature","geometry":{"type":"Point","coordinates":[-3.73416,40.44844]},"properties":{"stop_id":"4290","stop_code":"4290","stop_name":"Ciudad Universitaria","routes":["091","092"]}},{"type":"Feature","geometry":{"type":"Point","coordinates":[-3.72871,40.44814]},"properties":{"stop_id":"4291","stop_code":"4291","stop_name":"Avenida Complutense - Jardín Botánico","routes":["091"]}},{"type":"Feature","geometry":{"type":"Point","coordinates":[-3.72482,40.49432]},"properties":{"stop_id":"4292","stop_code":"4292","stop_name":"Pitis","routes":["064","082","520"]}},{"type":"Feature","geometry":{"type":"Point","coordinates":[-3.70546,40.46403]},"properties":{"stop_id":"4293","stop_code":"4293","stop_name":"Marqués De Viana","routes":["011"]}},{"type":"Feature","geometry":{"type":"Point","coordinates":[-3.73353,40.43448]},"properties":{"stop_id":"4295","stop_code":"4295","stop_name":"Puente De Los Franceses","routes":["046","520","528"]}},{"type":"Feature","geometry":{"type":"Point","coordinates":[-3.74546,40.47546]},"properties":{"stop_id":"4298","stop_code":"4298","stop_name":"Herrera Oria - Instituto De Estudios Fiscales","routes":["083","133","179"]}},{"type":"Feature","geometry":{"type":"Point","coordinates":[-3.79199,40.43199]},"properties":{"stop_id":"4299","stop_code":"4299","stop_name":"Somosaguas","routes":["093","096"]}},{"type":"Feature","geometry":{"type":"Point","coordinates":[-3.79082,40.43094]},"properties":{"stop_id":"4300","stop_code":"4300","stop_name":"Políticas Y Sociología","routes":["093","096"]}},{"type":"Feature","geometry":{"type":"Point","coordinates":[-3.76343,40.39201]},"properties":{"stop_id":"4301","stop_code":"4301","stop_name":"Maqueda - Tembleque","routes":["096"]}},{"type":"Feature","geometry":{"type":"Point","coordinates":[-3.77421,40.39715]},"properties":{"stop_id":"4302","stop_code":"4302","stop_name":"Colonia Jardín","routes":["096"]}},{"type":"Feature","geometry":{"type":"Point","coordinates":[-3.7684,40.39466]},"properties":{"stop_id":"4303","stop_code":"4303","stop_name":"Campamento","routes":["096"]}},{"type":"Feature","geometry":{"type":"Point","coordinates":[-3.72787,40.43588]},"properties":{"stop_id":"4306","stop_code":"4306","stop_name":"Séneca - Antonio De Nebrija","routes":["099"]}},{"type":"Feature","geometry":{"type":"Point","coordinates":[-3.80352,40.46934]},"properties":{"stop_id":"4307","stop_code":"4307","stop_name":"Zumaya - Amorebieta","routes":["162"]}},{"type":"Feature","geometry":{"type":"Point","coordinates":[-3.74831,40.459]},"properties":{"stop_id":"4308","stop_code":"4308","stop_name":"Puente De San Fernando","routes":["162"]}},{"type":"Feature","geometry":{"type":"Point","coordinates":[-3.76935,40.46231]},"properties":{"stop_id":"4309","stop_code":"4309","stop_name":"Padre Huidobro - Carretera De Castilla","routes":["162"]}},{"type":"Feature","geometry":{"type":"Point","coordinates":[-3.76933,40.46174]},"properties":{"stop_id":"4311","stop_code":"4311","stop_name":"Padre Huidobro - Carretera De Castilla","routes":["162"]}},{"type":"Feature","geometry":{"type":"Point","coordinates":[-3.67525,40.33963]},"properties":{"stop_id":"4312","stop_code":"4312","stop_name":"Ganados Del Salobral","routes":["085","123","512"]}},{"type":"Feature","geometry":{"type":"Point","coordinates":[-3.67585,40.34002]},"properties":{"stop_id":"4313","stop_code":"4313","stop_name":"Plaza De Los Metales","routes":["085","123","512"]}},{"type":"Feature","geometry":{"type":"Point","coordinates":[-3.67897,40.33961]},"properties":{"stop_id":"4314","stop_code":"4314","stop_name":"Butarque","routes":["085","123","512"]}},{"type":"Feature","geometry":{"type":"Point","coordinates":[-3.60177,40.36777]},"properties":{"stop_id":"4315","stop_code":"4315","stop_name":"Gutiérrez Maroto - Centro Comercial","routes":["142","145"]}},{"type":"Feature","geometry":{"type":"Point","coordinates":[-3.59647,40.36259]},"properties":{"stop_id":"4317","stop_code":"4317","stop_name":"Ensanche De Vallecas - Antonio Gades","routes":["142"]}},{"type":"Feature","geometry":{"type":"Point","coordinates":[-3.60014,40.36609]},"properties":{"stop_id":"4318","stop_code":"4318","stop_name":"Rafael De León","routes":["142"]}},{"type":"Feature","geometry":{"type":"Point","coordinates":[-3.60295,40.36606]},"properties":{"stop_id":"4319","stop_code":"4319","stop_name":"Ensanche De Vallecas - Gutiérrez Maroto","routes":["145"]}},{"type":"Feature","geometry":{"type":"Point","coordinates":[-3.60365,40.36606]},"properties":{"stop_id":"4320","stop_code":"4320","stop_name":"Ensanche De Vallecas - Gutiérrez Maroto","routes":["145"]}},{"type":"Feature","geometry":{"type":"Point","coordinates":[-3.59458,40.36466]},"properties":{"stop_id":"4321","stop_code":"4321","stop_name":"Las Suertes - Antonio Gades","routes":["145"]}},{"type":"Feature","geometry":{"type":"Point","coordinates":[-3.58941,40.36426]},"properties":{"stop_id":"4322","stop_code":"4322","stop_name":"Cardenal Tarancón - Pilar Madariaga","routes":["145"]}},{"type":"Feature","geometry":{"type":"Point","coordinates":[-3.6744,40.39558]},"properties":{"stop_id":"4323","stop_code":"4323","stop_name":"Acanto","routes":["113"]}},{"type":"Feature","geometry":{"type":"Point","coordinates":[-3.67735,40.39516]},"properties":{"stop_id":"4324","stop_code":"4324","stop_name":"Méndez Álvaro","routes":["113"]}},{"type":"Feature","geometry":{"type":"Point","coordinates":[-3.66838,40.39904]},"properties":{"stop_id":"4325","stop_code":"4325","stop_name":"Puente De Vallecas - Peña Prieta","routes":["008","056","113","141"]}},{"type":"Feature","geometry":{"type":"Point","coordinates":[-3.65385,40.45307]},"properties":{"stop_id":"4331","stop_code":"4331","stop_name":"Jefatura Provincial Tráfico","routes":["011","070","122"]}},{"type":"Feature","geometry":{"type":"Point","coordinates":[-3.77689,40.37528]},"properties":{"stop_id":"4334","stop_code":"4334","stop_name":"Aldeanueva De La Vera","routes":["039"]}},{"type":"Feature","geometry":{"type":"Point","coordinates":[-3.69122,40.4385]},"properties":{"stop_id":"4337","stop_code":"4337","stop_name":"Gregorio Marañón","routes":["014","027","045","150","522","524"]}},{"type":"Feature","geometry":{"type":"Point","coordinates":[-3.69147,40.43554]},"properties":{"stop_id":"4338","stop_code":"4338","stop_name":"Miguel Ángel","routes":["007","040","147"]}},{"type":"Feature","geometry":{"type":"Point","coordinates":[-3.69146,40.46413]},"properties":{"stop_id":"4340","stop_code":"4340","stop_name":"Joan Maragall - Ine","routes":["149"]}},{"type":"Feature","geometry":{"type":"Point","coordinates":[-3.64445,40.39553]},"properties":{"stop_id":"4341","stop_code":"4341","stop_name":"El Bosco - Humanes","routes":["063","509"]}},{"type":"Feature","geometry":{"type":"Point","coordinates":[-3.70304,40.38615]},"properties":{"stop_id":"4352","stop_code":"4352","stop_name":"Marcelo Usera - Olvido","routes":["047","247","515"]}},{"type":"Feature","geometry":{"type":"Point","coordinates":[-3.61932,40.40528]},"properties":{"stop_id":"4353","stop_code":"4353","stop_name":"Indalecio Prieto - Camino Viejo Vicálvaro","routes":["130"]}},{"type":"Feature","geometry":{"type":"Point","coordinates":[-3.708,40.46824]},"properties":{"stop_id":"4354","stop_code":"4354","stop_name":"Blanco Argibay - Paseo De La Dirección","routes":["049","522"]}},{"type":"Feature","geometry":{"type":"Point","coordinates":[-3.70814,40.46814]},"properties":{"stop_id":"4355","stop_code":"4355","stop_name":"Blanco Argibay - Paseo De La Dirección","routes":["049","522"]}},{"type":"Feature","geometry":{"type":"Point","coordinates":[-3.67488,40.43277]},"properties":{"stop_id":"4358","stop_code":"4358","stop_name":"Conde De Peñalver - Juan Bravo","routes":["061"]}},{"type":"Feature","geometry":{"type":"Point","coordinates":[-3.66455,40.41867]},"properties":{"stop_id":"4359","stop_code":"4359","stop_name":"Juan Esplandiú - Sainz De Baranda","routes":["215"]}},{"type":"Feature","geometry":{"type":"Point","coordinates":[-3.6647,40.41876]},"properties":{"stop_id":"4360","stop_code":"4360","stop_name":"Juan Esplandiú - Sainz De Baranda","routes":["215"]}},{"type":"Feature","geometry":{"type":"Point","coordinates":[-3.66222,40.41852]},"properties":{"stop_id":"4361","stop_code":"4361","stop_name":"Juan Esplandiú 9","routes":["215"]}},{"type":"Feature","geometry":{"type":"Point","coordinates":[-3.66165,40.41862]},"properties":{"stop_id":"4362","stop_code":"4362","stop_name":"Juan Esplandiú 9","routes":["215"]}},{"type":"Feature","geometry":{"type":"Point","coordinates":[-3.66355,40.41672]},"properties":{"stop_id":"4363","stop_code":"4363","stop_name":"Parque Roma","routes":["215"]}},{"type":"Feature","geometry":{"type":"Point","coordinates":[-3.66279,40.41661]},"properties":{"stop_id":"4365","stop_code":"4365","stop_name":"Juan Esplandiú 4","routes":["215"]}},{"type":"Feature","geometry":{"type":"Point","coordinates":[-3.64155,40.48473]},"properties":{"stop_id":"4366","stop_code":"4366","stop_name":"Fuerzas Armadas - Pi Y Margall","routes":["174","831"]}},{"type":"Feature","geometry":{"type":"Point","coordinates":[-3.62374,40.38163]},"properties":{"stop_id":"4367","stop_code":"4367","stop_name":"Sierra Guadalupe","routes":["054","058","103","142","143","525"]}},{"type":"Feature","geometry":{"type":"Point","coordinates":[-3.62196,40.37989]},"properties":{"stop_id":"4368","stop_code":"4368","stop_name":"Villa Vallecas","routes":["054","058","103","142"]}},{"type":"Feature","geometry":{"type":"Point","coordinates":[-3.64929,40.42694]},"properties":{"stop_id":"4369","stop_code":"4369","stop_name":"Santa Prisca","routes":["015"]}},{"type":"Feature","geometry":{"type":"Point","coordinates":[-3.64932,40.4272]},"properties":{"stop_id":"4370","stop_code":"4370","stop_name":"Santa Prisca","routes":["015"]}},{"type":"Feature","geometry":{"type":"Point","coordinates":[-3.63535,40.40068]},"properties":{"stop_id":"4371","stop_code":"4371","stop_name":"Pavones","routes":["071","404"]}},{"type":"Feature","geometry":{"type":"Point","coordinates":[-3.63529,40.4008]},"properties":{"stop_id":"4372","stop_code":"4372","stop_name":"Pavones","routes":["071","404"]}},{"type":"Feature","geometry":{"type":"Point","coordinates":[-3.6292,40.39909]},"properties":{"stop_id":"4373","stop_code":"4373","stop_name":"Centro De Salud Pavones","routes":["008","071","404","508"]}},{"type":"Feature","geometry":{"type":"Point","coordinates":[-3.63033,40.39957]},"properties":{"stop_id":"4374","stop_code":"4374","stop_name":"Centro De Salud Pavones","routes":["008","030","071","404","508"]}},{"type":"Feature","geometry":{"type":"Point","coordinates":[-3.58049,40.45625]},"properties":{"stop_id":"4375","stop_code":"4375","stop_name":"Centro De Carga Aérea 1","routes":["114"]}},{"type":"Feature","geometry":{"type":"Point","coordinates":[-3.58056,40.4556]},"properties":{"stop_id":"4376","stop_code":"4376","stop_name":"Centro De Carga Aérea 1","routes":["114"]}},{"type":"Feature","geometry":{"type":"Point","coordinates":[-3.57833,40.45429]},"properties":{"stop_id":"4377","stop_code":"4377","stop_name":"Centro De Carga Aérea 2","routes":["114"]}},{"type":"Feature","geometry":{"type":"Point","coordinates":[-3.57816,40.45368]},"properties":{"stop_id":"4378","stop_code":"4378","stop_name":"Centro De Carga Aérea 2","routes":["114"]}},{"type":"Feature","geometry":{"type":"Point","coordinates":[-3.57534,40.45209]},"properties":{"stop_id":"4379","stop_code":"4379","stop_name":"Centro De Carga Aérea 3","routes":["114"]}},{"type":"Feature","geometry":{"type":"Point","coordinates":[-3.57569,40.45202]},"properties":{"stop_id":"4380","stop_code":"4380","stop_name":"Centro De Carga Aérea 4","routes":["114"]}},{"type":"Feature","geometry":{"type":"Point","coordinates":[-3.62543,40.44533]},"properties":{"stop_id":"4381","stop_code":"4381","stop_name":"Plaza De Las Olivas","routes":["104"]}},{"type":"Feature","geometry":{"type":"Point","coordinates":[-3.67368,40.51196]},"properties":{"stop_id":"4382","stop_code":"4382","stop_name":"Isabel Colbrand - Palas De Rey","routes":["175"]}},{"type":"Feature","geometry":{"type":"Point","coordinates":[-3.62493,40.44386]},"properties":{"stop_id":"4385","stop_code":"4385","stop_name":"Plaza Ensidesa","routes":["104"]}},{"type":"Feature","geometry":{"type":"Point","coordinates":[-3.62641,40.44738]},"properties":{"stop_id":"4386","stop_code":"4386","stop_name":"Los Molinos","routes":["104"]}},{"type":"Feature","geometry":{"type":"Point","coordinates":[-3.61315,40.42785]},"properties":{"stop_id":"4389","stop_code":"4389","stop_name":"Pobladura Del Valle - Avenida Canillejas","routes":["048","153","167"]}},{"type":"Feature","geometry":{"type":"Point","coordinates":[-3.61181,40.43359]},"properties":{"stop_id":"4390","stop_code":"4390","stop_name":"Avenida De Canillejas - Albaida","routes":["048","167"]}},{"type":"Feature","geometry":{"type":"Point","coordinates":[-3.61998,40.42923]},"properties":{"stop_id":"4391","stop_code":"4391","stop_name":"Alberique - Albaida","routes":["038"]}},{"type":"Feature","geometry":{"type":"Point","coordinates":[-3.62255,40.42759]},"properties":{"stop_id":"4392","stop_code":"4392","stop_name":"Simancas","routes":["038"]}},{"type":"Feature","geometry":{"type":"Point","coordinates":[-3.61269,40.434]},"properties":{"stop_id":"4393","stop_code":"4393","stop_name":"Avenida De Canillejas - Albaida","routes":["038","153","165"]}},{"type":"Feature","geometry":{"type":"Point","coordinates":[-3.60744,40.43268]},"properties":{"stop_id":"4394","stop_code":"4394","stop_name":"Las Rosas - Metro Las Musas","routes":["038"]}},{"type":"Feature","geometry":{"type":"Point","coordinates":[-3.63074,40.40827]},"properties":{"stop_id":"4395","stop_code":"4395","stop_name":"Fuente Carrantona - García Tapia","routes":["140"]}},{"type":"Feature","geometry":{"type":"Point","coordinates":[-3.6309,40.40868]},"properties":{"stop_id":"4396","stop_code":"4396","stop_name":"Fuente Carrantona - García Tapia","routes":["140"]}},{"type":"Feature","geometry":{"type":"Point","coordinates":[-3.6153,40.49695]},"properties":{"stop_id":"4397","stop_code":"4397","stop_name":"Félix Candela","routes":["171","174","502"]}},{"type":"Feature","geometry":{"type":"Point","coordinates":[-3.62295,40.41745]},"properties":{"stop_id":"4398","stop_code":"4398","stop_name":"Alsacia","routes":["165"]}},{"type":"Feature","geometry":{"type":"Point","coordinates":[-3.60454,40.42489]},"properties":{"stop_id":"4399","stop_code":"4399","stop_name":"Ginebra - Suecia","routes":["038"]}},{"type":"Feature","geometry":{"type":"Point","coordinates":[-3.62014,40.41964]},"properties":{"stop_id":"4400","stop_code":"4400","stop_name":"Avenida De Guadalajara - Capri","routes":["106","140","159","507"]}},{"type":"Feature","geometry":{"type":"Point","coordinates":[-3.7222,40.49099]},"properties":{"stop_id":"4402","stop_code":"4402","stop_name":"Pradera De Vaquerizas","routes":["064"]}},{"type":"Feature","geometry":{"type":"Point","coordinates":[-3.72237,40.49085]},"properties":{"stop_id":"4403","stop_code":"4403","stop_name":"Pradera De Vaquerizas","routes":["064"]}},{"type":"Feature","geometry":{"type":"Point","coordinates":[-3.72397,40.49232]},"properties":{"stop_id":"4404","stop_code":"4404","stop_name":"Senda Del Infante - Olga Ramos","routes":["064"]}},{"type":"Feature","geometry":{"type":"Point","coordinates":[-3.7241,40.49217]},"properties":{"stop_id":"4405","stop_code":"4405","stop_name":"Senda Del Infante - Olga Ramos","routes":["049","064","170"]}},{"type":"Feature","geometry":{"type":"Point","coordinates":[-3.54249,40.39386]},"properties":{"stop_id":"4406","stop_code":"4406","stop_name":"Cañada Real","routes":["718"]}},{"type":"Feature","geometry":{"type":"Point","coordinates":[-3.60901,40.42197]},"properties":{"stop_id":"4407","stop_code":"4407","stop_name":"Suecia - Rumanía","routes":["140","153","402"]}},{"type":"Feature","geometry":{"type":"Point","coordinates":[-3.60919,40.42211]},"properties":{"stop_id":"4408","stop_code":"4408","stop_name":"Suecia - Rumanía","routes":["140","153","402"]}},{"type":"Feature","geometry":{"type":"Point","coordinates":[-3.60664,40.42285]},"properties":{"stop_id":"4409","stop_code":"4409","stop_name":"Suecia - Francfort","routes":["140","153"]}},{"type":"Feature","geometry":{"type":"Point","coordinates":[-3.60673,40.42298]},"properties":{"stop_id":"4410","stop_code":"4410","stop_name":"Suecia - Francfort","routes":["140","153"]}},{"type":"Feature","geometry":{"type":"Point","coordinates":[-3.60392,40.42409]},"properties":{"stop_id":"4411","stop_code":"4411","stop_name":"Metro Las Rosas","routes":["140","153","402"]}},{"type":"Feature","geometry":{"type":"Point","coordinates":[-3.60413,40.42418]},"properties":{"stop_id":"4412","stop_code":"4412","stop_name":"Metro Las Rosas","routes":["140","402"]}},{"type":"Feature","geometry":{"type":"Point","coordinates":[-3.60425,40.42663]},"properties":{"stop_id":"4413","stop_code":"4413","stop_name":"Suecia - Bucarest","routes":["038","140","506"]}},{"type":"Feature","geometry":{"type":"Point","coordinates":[-3.60456,40.42643]},"properties":{"stop_id":"4414","stop_code":"4414","stop_name":"Suecia - Bucarest","routes":["038","140","506"]}},{"type":"Feature","geometry":{"type":"Point","coordinates":[-3.60491,40.42916]},"properties":{"stop_id":"4415","stop_code":"4415","stop_name":"Suecia - Manchester","routes":["140","402","506"]}},{"type":"Feature","geometry":{"type":"Point","coordinates":[-3.60515,40.42919]},"properties":{"stop_id":"4416","stop_code":"4416","stop_name":"Suecia - Manchester","routes":["140","402","506"]}},{"type":"Feature","geometry":{"type":"Point","coordinates":[-3.60564,40.43222]},"properties":{"stop_id":"4417","stop_code":"4417","stop_name":"Suecia - Catania","routes":["140","402"]}},{"type":"Feature","geometry":{"type":"Point","coordinates":[-3.60592,40.43208]},"properties":{"stop_id":"4418","stop_code":"4418","stop_name":"Suecia - Catania","routes":["140"]}},{"type":"Feature","geometry":{"type":"Point","coordinates":[-3.60828,40.43326]},"properties":{"stop_id":"4419","stop_code":"4419","stop_name":"Metro Las Musas","routes":["140"]}},{"type":"Feature","geometry":{"type":"Point","coordinates":[-3.60732,40.43327]},"properties":{"stop_id":"4420","stop_code":"4420","stop_name":"Metro Las Musas","routes":["140"]}},{"type":"Feature","geometry":{"type":"Point","coordinates":[-3.61139,40.43284]},"properties":{"stop_id":"4421","stop_code":"4421","stop_name":"Sevilla Diago - Avenida De Canillejas","routes":["038","140"]}},{"type":"Feature","geometry":{"type":"Point","coordinates":[-3.6354,40.40045]},"properties":{"stop_id":"4422","stop_code":"4422","stop_name":"Pavones","routes":["030","508"]}},{"type":"Feature","geometry":{"type":"Point","coordinates":[-3.61423,40.43971]},"properties":{"stop_id":"4423","stop_code":"4423","stop_name":"Canal Del Bósforo - Avenida De Canillejas","routes":["140"]}},{"type":"Feature","geometry":{"type":"Point","coordinates":[-3.61406,40.4396]},"properties":{"stop_id":"4424","stop_code":"4424","stop_name":"Canal Del Bósforo - Avenida De Canillejas","routes":["140"]}},{"type":"Feature","geometry":{"type":"Point","coordinates":[-3.61543,40.44087]},"properties":{"stop_id":"4426","stop_code":"4426","stop_name":"Avenida De Canillejas - Néctar","routes":["140","165"]}},{"type":"Feature","geometry":{"type":"Point","coordinates":[-3.61646,40.44278]},"properties":{"stop_id":"4427","stop_code":"4427","stop_name":"Torre Arias","routes":["140","153"]}},{"type":"Feature","geometry":{"type":"Point","coordinates":[-3.63796,40.44271]},"properties":{"stop_id":"4428","stop_code":"4428","stop_name":"López De Aranda","routes":["146"]}},{"type":"Feature","geometry":{"type":"Point","coordinates":[-3.63874,40.44254]},"properties":{"stop_id":"4429","stop_code":"4429","stop_name":"López De Aranda","routes":["146"]}},{"type":"Feature","geometry":{"type":"Point","coordinates":[-3.63568,40.44375]},"properties":{"stop_id":"4430","stop_code":"4430","stop_name":"López De Aranda - Tampico","routes":["146"]}},{"type":"Feature","geometry":{"type":"Point","coordinates":[-3.63579,40.44387]},"properties":{"stop_id":"4431","stop_code":"4431","stop_name":"López De Aranda - Tampico","routes":["146"]}},{"type":"Feature","geometry":{"type":"Point","coordinates":[-3.63582,40.44543]},"properties":{"stop_id":"4432","stop_code":"4432","stop_name":"Tampico","routes":["146"]}},{"type":"Feature","geometry":{"type":"Point","coordinates":[-3.63561,40.44488]},"properties":{"stop_id":"4433","stop_code":"4433","stop_name":"Tampico","routes":["146"]}},{"type":"Feature","geometry":{"type":"Point","coordinates":[-3.62676,40.44759]},"properties":{"stop_id":"4434","stop_code":"4434","stop_name":"Los Molinos","routes":["114","146"]}},{"type":"Feature","geometry":{"type":"Point","coordinates":[-3.62725,40.44777]},"properties":{"stop_id":"4435","stop_code":"4435","stop_name":"Los Molinos","routes":["114","504"]}},{"type":"Feature","geometry":{"type":"Point","coordinates":[-3.71844,40.48847]},"properties":{"stop_id":"4436","stop_code":"4436","stop_name":"Pradera De Corralillos","routes":["049","064"]}},{"type":"Feature","geometry":{"type":"Point","coordinates":[-3.71948,40.48858]},"properties":{"stop_id":"4437","stop_code":"4437","stop_name":"Pradera De Corralillos","routes":["064"]}},{"type":"Feature","geometry":{"type":"Point","coordinates":[-3.61741,40.4293]},"properties":{"stop_id":"4441","stop_code":"4441","stop_name":"Alberique - Comisaría","routes":["038"]}},{"type":"Feature","geometry":{"type":"Point","coordinates":[-3.61746,40.4295]},"properties":{"stop_id":"4442","stop_code":"4442","stop_name":"Alberique - Comisaría","routes":["038"]}},{"type":"Feature","geometry":{"type":"Point","coordinates":[-3.60643,40.43006]},"properties":{"stop_id":"4443","stop_code":"4443","stop_name":"Julia García Boután - Niza","routes":["038","506"]}},{"type":"Feature","geometry":{"type":"Point","coordinates":[-3.60681,40.43024]},"properties":{"stop_id":"4444","stop_code":"4444","stop_name":"Julia García Boután - Niza","routes":["038","506"]}},{"type":"Feature","geometry":{"type":"Point","coordinates":[-3.60488,40.43021]},"properties":{"stop_id":"4445","stop_code":"4445","stop_name":"Julia García Boután - Suecia","routes":["038"]}},{"type":"Feature","geometry":{"type":"Point","coordinates":[-3.60498,40.43049]},"properties":{"stop_id":"4446","stop_code":"4446","stop_name":"Julia García Boután - Suecia","routes":["038"]}},{"type":"Feature","geometry":{"type":"Point","coordinates":[-3.60183,40.42983]},"properties":{"stop_id":"4447","stop_code":"4447","stop_name":"Sofía - Manchester","routes":["038"]}},{"type":"Feature","geometry":{"type":"Point","coordinates":[-3.60155,40.42991]},"properties":{"stop_id":"4448","stop_code":"4448","stop_name":"Sofía - Manchester","routes":["038"]}},{"type":"Feature","geometry":{"type":"Point","coordinates":[-3.60134,40.42764]},"properties":{"stop_id":"4449","stop_code":"4449","stop_name":"Sofía - Budapest","routes":["038"]}},{"type":"Feature","geometry":{"type":"Point","coordinates":[-3.60105,40.4278]},"properties":{"stop_id":"4450","stop_code":"4450","stop_name":"Sofía - Budapest","routes":["038"]}},{"type":"Feature","geometry":{"type":"Point","coordinates":[-3.60591,40.42494]},"properties":{"stop_id":"4451","stop_code":"4451","stop_name":"Las Rosas","routes":["038","506"]}},{"type":"Feature","geometry":{"type":"Point","coordinates":[-3.64421,40.43361]},"properties":{"stop_id":"4454","stop_code":"4454","stop_name":"Gutierre De Cetina - Alcalá","routes":["109"]}},{"type":"Feature","geometry":{"type":"Point","coordinates":[-3.64446,40.43109]},"properties":{"stop_id":"4455","stop_code":"4455","stop_name":"Vital Aza - Ezequiel Solana","routes":["109"]}},{"type":"Feature","geometry":{"type":"Point","coordinates":[-3.63685,40.42404]},"properties":{"stop_id":"4456","stop_code":"4456","stop_name":"Gandhi - San Telesforo","routes":["109"]}},{"type":"Feature","geometry":{"type":"Point","coordinates":[-3.63654,40.42397]},"properties":{"stop_id":"4457","stop_code":"4457","stop_name":"Gandhi - San Telesforo","routes":["109"]}},{"type":"Feature","geometry":{"type":"Point","coordinates":[-3.63411,40.42426]},"properties":{"stop_id":"4458","stop_code":"4458","stop_name":"Gandhi - Luis Ruiz","routes":["109"]}},{"type":"Feature","geometry":{"type":"Point","coordinates":[-3.634,40.42446]},"properties":{"stop_id":"4459","stop_code":"4459","stop_name":"Gandhi - Luis Ruiz","routes":["109"]}},{"type":"Feature","geometry":{"type":"Point","coordinates":[-3.63082,40.42563]},"properties":{"stop_id":"4460","stop_code":"4460","stop_name":"Gandhi - José Arcones Gil","routes":["109"]}},{"type":"Feature","geometry":{"type":"Point","coordinates":[-3.64141,40.42984]},"properties":{"stop_id":"4462","stop_code":"4462","stop_name":"Ascao","routes":["028","109","506"]}},{"type":"Feature","geometry":{"type":"Point","coordinates":[-3.653,40.42041]},"properties":{"stop_id":"4473","stop_code":"4473","stop_name":"Blas De Otero - Santa Irene","routes":["110","113","210"]}},{"type":"Feature","geometry":{"type":"Point","coordinates":[-3.64723,40.42755]},"properties":{"stop_id":"4474","stop_code":"4474","stop_name":"La Elipa","routes":["015"]}},{"type":"Feature","geometry":{"type":"Point","coordinates":[-3.65348,40.40774]},"properties":{"stop_id":"4475","stop_code":"4475","stop_name":"Corregidor Sancho De Córdoba","routes":["030","032","508"]}},{"type":"Feature","geometry":{"type":"Point","coordinates":[-3.71043,40.43517]},"properties":{"stop_id":"4477","stop_code":"4477","stop_name":"Galileo","routes":["002"]}},{"type":"Feature","geometry":{"type":"Point","coordinates":[-3.7084,40.43604]},"properties":{"stop_id":"4478","stop_code":"4478","stop_name":"Vallehermoso - Donoso Cortés","routes":["002"]}},{"type":"Feature","geometry":{"type":"Point","coordinates":[-3.70826,40.43804]},"properties":{"stop_id":"4479","stop_code":"4479","stop_name":"Vallehermoso - Cea Bermúdez","routes":["002"]}},{"type":"Feature","geometry":{"type":"Point","coordinates":[-3.71305,40.40297]},"properties":{"stop_id":"4481","stop_code":"4481","stop_name":"Toledo - Pasillo Verde","routes":["018","023","035"]}},{"type":"Feature","geometry":{"type":"Point","coordinates":[-3.70462,40.397]},"properties":{"stop_id":"4484","stop_code":"4484","stop_name":"Puente Praga","routes":["018","512"]}},{"type":"Feature","geometry":{"type":"Point","coordinates":[-3.70465,40.39724]},"properties":{"stop_id":"4485","stop_code":"4485","stop_name":"Puente Praga","routes":["018","512"]}},{"type":"Feature","geometry":{"type":"Point","coordinates":[-3.70073,40.50676]},"properties":{"stop_id":"4486","stop_code":"4486","stop_name":"Cementerio De Fuencarral","routes":["704"]}},{"type":"Feature","geometry":{"type":"Point","coordinates":[-3.67072,40.50014]},"properties":{"stop_id":"4488","stop_code":"4488","stop_name":"Valcarlos - Puente La Reina","routes":["172","372"]}},{"type":"Feature","geometry":{"type":"Point","coordinates":[-3.67042,40.49996]},"properties":{"stop_id":"4489","stop_code":"4489","stop_name":"Valcarlos - Puente La Reina","routes":["172","372"]}},{"type":"Feature","geometry":{"type":"Point","coordinates":[-3.67357,40.49766]},"properties":{"stop_id":"4490","stop_code":"4490","stop_name":"Camino De Santiago - Valcarlos","routes":["172","372"]}},{"type":"Feature","geometry":{"type":"Point","coordinates":[-3.67349,40.49733]},"properties":{"stop_id":"4491","stop_code":"4491","stop_name":"Camino De Santiago - Valcarlos","routes":["172","372"]}},{"type":"Feature","geometry":{"type":"Point","coordinates":[-3.67311,40.50577]},"properties":{"stop_id":"4492","stop_code":"4492","stop_name":"Camino De Santiago - San Millán Cogolla","routes":["172","372","833"]}},{"type":"Feature","geometry":{"type":"Point","coordinates":[-3.66967,40.50923]},"properties":{"stop_id":"4493","stop_code":"4493","stop_name":"Metro Las Tablas","routes":["172","175","176","372"]}},{"type":"Feature","geometry":{"type":"Point","coordinates":[-3.70296,40.447]},"properties":{"stop_id":"4494","stop_code":"4494","stop_name":"Cuatro Caminos","routes":["149"]}},{"type":"Feature","geometry":{"type":"Point","coordinates":[-3.6649,40.50568]},"properties":{"stop_id":"4495","stop_code":"4495","stop_name":"Las Tablas Sur","routes":["176"]}},{"type":"Feature","geometry":{"type":"Point","coordinates":[-3.70425,40.44175]},"properties":{"stop_id":"4496","stop_code":"4496","stop_name":"Juan Zorrilla","routes":["003","037","149","523"]}},{"type":"Feature","geometry":{"type":"Point","coordinates":[-3.61263,40.43657]},"properties":{"stop_id":"4497","stop_code":"4497","stop_name":"Avenida De Canillejas - Fenelón","routes":["048","140","505"]}},{"type":"Feature","geometry":{"type":"Point","coordinates":[-3.73426,40.43547]},"properties":{"stop_id":"4499","stop_code":"4499","stop_name":"Senda Del Rey","routes":["046","520"]}},{"type":"Feature","geometry":{"type":"Point","coordinates":[-3.73197,40.43619]},"properties":{"stop_id":"4500","stop_code":"4500","stop_name":"Consejo Superior De Deportes","routes":["046","520"]}},{"type":"Feature","geometry":{"type":"Point","coordinates":[-3.67659,40.51081]},"properties":{"stop_id":"4501","stop_code":"4501","stop_name":"Isabel Colbrand - Molinaseca","routes":["175"]}},{"type":"Feature","geometry":{"type":"Point","coordinates":[-3.67047,40.51111]},"properties":{"stop_id":"4502","stop_code":"4502","stop_name":"Glorieta De Lalín","routes":["175"]}},{"type":"Feature","geometry":{"type":"Point","coordinates":[-3.66993,40.51155]},"properties":{"stop_id":"4503","stop_code":"4503","stop_name":"Glorieta De Lalín","routes":["175"]}},{"type":"Feature","geometry":{"type":"Point","coordinates":[-3.76582,40.38413]},"properties":{"stop_id":"4504","stop_code":"4504","stop_name":"Junta Municipal Latina","routes":["139","518"]}},{"type":"Feature","geometry":{"type":"Point","coordinates":[-3.76378,40.38503]},"properties":{"stop_id":"4505","stop_code":"4505","stop_name":"Junta Municipal Latina","routes":["017","138","139","155","518"]}},{"type":"Feature","geometry":{"type":"Point","coordinates":[-3.67147,40.51385]},"properties":{"stop_id":"4506","stop_code":"4506","stop_name":"Isabel Colbrand - María Tubau","routes":["175"]}},{"type":"Feature","geometry":{"type":"Point","coordinates":[-3.61692,40.42083]},"properties":{"stop_id":"4507","stop_code":"4507","stop_name":"Avenida Guadalajara - República Eslovaca","routes":["106","140","159","402","507"]}},{"type":"Feature","geometry":{"type":"Point","coordinates":[-3.66573,40.50433]},"properties":{"stop_id":"4508","stop_code":"4508","stop_name":"Las Tablas Norte","routes":["175"]}},{"type":"Feature","geometry":{"type":"Point","coordinates":[-3.61297,40.42235]},"properties":{"stop_id":"4509","stop_code":"4509","stop_name":"Avenida De Guadalajara - Albericia","routes":["106","140","159","402","507"]}},{"type":"Feature","geometry":{"type":"Point","coordinates":[-3.62855,40.44791]},"properties":{"stop_id":"4510","stop_code":"4510","stop_name":"Los Molinos","routes":["146"]}},{"type":"Feature","geometry":{"type":"Point","coordinates":[-3.64147,40.44138]},"properties":{"stop_id":"4511","stop_code":"4511","stop_name":"Arturo Soria - José Del Hierro","routes":["048","146"]}},{"type":"Feature","geometry":{"type":"Point","coordinates":[-3.73102,40.40517]},"properties":{"stop_id":"4512","stop_code":"4512","stop_name":"Barrio Goya","routes":["119"]}},{"type":"Feature","geometry":{"type":"Point","coordinates":[-3.67059,40.50782]},"properties":{"stop_id":"4513","stop_code":"4513","stop_name":"Metro Las Tablas","routes":["172","175","372","833"]}},{"type":"Feature","geometry":{"type":"Point","coordinates":[-3.71793,40.43843]},"properties":{"stop_id":"4514","stop_code":"4514","stop_name":"Cristo Rey","routes":["001","044","069","082","132"]}},{"type":"Feature","geometry":{"type":"Point","coordinates":[-3.62287,40.44218]},"properties":{"stop_id":"4515","stop_code":"4515","stop_name":"Alcalá - 25 De Septiembre","routes":["105"]}},{"type":"Feature","geometry":{"type":"Point","coordinates":[-3.63223,40.39939]},"properties":{"stop_id":"4516","stop_code":"4516","stop_name":"Valdebernardo - Hacienda De Pavones","routes":["008","020"]}},{"type":"Feature","geometry":{"type":"Point","coordinates":[-3.65213,40.38019]},"properties":{"stop_id":"4517","stop_code":"4517","stop_name":"Mogambo","routes":["010"]}},{"type":"Feature","geometry":{"type":"Point","coordinates":[-3.71108,40.39953]},"properties":{"stop_id":"4518","stop_code":"4518","stop_name":"Yeserías","routes":["018","512"]}},{"type":"Feature","geometry":{"type":"Point","coordinates":[-3.71084,40.39976]},"properties":{"stop_id":"4519","stop_code":"4519","stop_name":"Yeserías","routes":["018","512"]}},{"type":"Feature","geometry":{"type":"Point","coordinates":[-3.64948,40.43519]},"properties":{"stop_id":"4520","stop_code":"4520","stop_name":"Virgen De Lluc - Argentina","routes":["021"]}},{"type":"Feature","geometry":{"type":"Point","coordinates":[-3.67639,40.42502]},"properties":{"stop_id":"4521","stop_code":"4521","stop_name":"Felipe II","routes":["021","053"]}},{"type":"Feature","geometry":{"type":"Point","coordinates":[-3.6112,40.42719]},"properties":{"stop_id":"4522","stop_code":"4522","stop_name":"Avenida De Canillejas - Pobladura Valle","routes":["048","167","506"]}},{"type":"Feature","geometry":{"type":"Point","coordinates":[-3.61145,40.42721]},"properties":{"stop_id":"4523","stop_code":"4523","stop_name":"Avenida Canillejas - Pobladura Del Valle","routes":["048","167","506"]}},{"type":"Feature","geometry":{"type":"Point","coordinates":[-3.70183,40.38144]},"properties":{"stop_id":"4524","stop_code":"4524","stop_name":"Cristo De La Victoria - Olvido","routes":["078"]}},{"type":"Feature","geometry":{"type":"Point","coordinates":[-3.70168,40.38138]},"properties":{"stop_id":"4525","stop_code":"4525","stop_name":"Cristo De La Victoria - Olvido","routes":["078"]}},{"type":"Feature","geometry":{"type":"Point","coordinates":[-3.74522,40.38754]},"properties":{"stop_id":"4528","stop_code":"4528","stop_name":"Carabanchel - Hospital Militar","routes":["017","517","526"]}},{"type":"Feature","geometry":{"type":"Point","coordinates":[-3.62131,40.43741]},"properties":{"stop_id":"4529","stop_code":"4529","stop_name":"San Romualdo - Julián Camarillo","routes":["105"]}},{"type":"Feature","geometry":{"type":"Point","coordinates":[-3.62153,40.43882]},"properties":{"stop_id":"4530","stop_code":"4530","stop_name":"San Romualdo - Albasanz","routes":["105"]}},{"type":"Feature","geometry":{"type":"Point","coordinates":[-3.62195,40.43872]},"properties":{"stop_id":"4531","stop_code":"4531","stop_name":"San Romualdo - Albasanz","routes":["105","505"]}},{"type":"Feature","geometry":{"type":"Point","coordinates":[-3.62314,40.44157]},"properties":{"stop_id":"4532","stop_code":"4532","stop_name":"Alcalá - 25 De Septiembre","routes":["105"]}},{"type":"Feature","geometry":{"type":"Point","coordinates":[-3.73599,40.40182]},"properties":{"stop_id":"4533","stop_code":"4533","stop_name":"Concejal Francisco Jiménez - Cocheras","routes":["119"]}},{"type":"Feature","geometry":{"type":"Point","coordinates":[-3.73619,40.40201]},"properties":{"stop_id":"4534","stop_code":"4534","stop_name":"Concejal Francisco Jiménez - Cocheras","routes":["119"]}},{"type":"Feature","geometry":{"type":"Point","coordinates":[-3.73118,40.40303]},"properties":{"stop_id":"4535","stop_code":"4535","stop_name":"Concejal Francisco Jiménez - Caramuel","routes":["119"]}},{"type":"Feature","geometry":{"type":"Point","coordinates":[-3.7313,40.40313]},"properties":{"stop_id":"4536","stop_code":"4536","stop_name":"Concejal Francisco Jiménez - Caramuel","routes":["119"]}},{"type":"Feature","geometry":{"type":"Point","coordinates":[-3.63196,40.40032]},"properties":{"stop_id":"4537","stop_code":"4537","stop_name":"Valdebernardo - Pavones","routes":["032"]}},{"type":"Feature","geometry":{"type":"Point","coordinates":[-3.65967,40.46133]},"properties":{"stop_id":"4538","stop_code":"4538","stop_name":"López De Hoyos - Navarro Amandi","routes":["009","072","073"]}},{"type":"Feature","geometry":{"type":"Point","coordinates":[-3.6489,40.38582]},"properties":{"stop_id":"4540","stop_code":"4540","stop_name":"Parque De La Constitución","routes":["010"]}},{"type":"Feature","geometry":{"type":"Point","coordinates":[-3.71591,40.43941]},"properties":{"stop_id":"4541","stop_code":"4541","stop_name":"Cristo Rey","routes":["012"]}},{"type":"Feature","geometry":{"type":"Point","coordinates":[-3.72719,40.41318]},"properties":{"stop_id":"4542","stop_code":"4542","stop_name":"Metro Puerta Del Ángel","routes":["518"]}},{"type":"Feature","geometry":{"type":"Point","coordinates":[-3.75526,40.38416]},"properties":{"stop_id":"4543","stop_code":"4543","stop_name":"Ocaña - Diamante","routes":["017","526"]}},{"type":"Feature","geometry":{"type":"Point","coordinates":[-3.75495,40.38409]},"properties":{"stop_id":"4544","stop_code":"4544","stop_name":"Ocaña - Diamante","routes":["017","526"]}},{"type":"Feature","geometry":{"type":"Point","coordinates":[-3.62654,40.48172]},"properties":{"stop_id":"4545","stop_code":"4545","stop_name":"Isidro González Velázquez","routes":["502"]}},{"type":"Feature","geometry":{"type":"Point","coordinates":[-3.60847,40.4041]},"properties":{"stop_id":"4546","stop_code":"4546","stop_name":"Metro Vicálvaro","routes":["004","106","403","405","507"]}},{"type":"Feature","geometry":{"type":"Point","coordinates":[-3.60941,40.40615]},"properties":{"stop_id":"4547","stop_code":"4547","stop_name":"Artilleros - Campus Universitario","routes":["100"]}},{"type":"Feature","geometry":{"type":"Point","coordinates":[-3.60943,40.4089]},"properties":{"stop_id":"4548","stop_code":"4548","stop_name":"Plaza De La Vicalvarada","routes":["100","106","507"]}},{"type":"Feature","geometry":{"type":"Point","coordinates":[-3.61311,40.40661]},"properties":{"stop_id":"4549","stop_code":"4549","stop_name":"Avenida De Daroca - Calahorra","routes":["004","100","106","507"]}},{"type":"Feature","geometry":{"type":"Point","coordinates":[-3.60456,40.40392]},"properties":{"stop_id":"4552","stop_code":"4552","stop_name":"San Cipriano","routes":["004","106","403","405","507"]}},{"type":"Feature","geometry":{"type":"Point","coordinates":[-3.60202,40.40383]},"properties":{"stop_id":"4555","stop_code":"4555","stop_name":"San Cipriano - Forges","routes":["004","106","507"]}},{"type":"Feature","geometry":{"type":"Point","coordinates":[-3.6022,40.40407]},"properties":{"stop_id":"4556","stop_code":"4556","stop_name":"San Cipriano - Forges","routes":["004","106"]}},{"type":"Feature","geometry":{"type":"Point","coordinates":[-3.6064,40.4081]},"properties":{"stop_id":"4559","stop_code":"4559","stop_name":"Villablanca - Lago Van","routes":["100","159","506"]}},{"type":"Feature","geometry":{"type":"Point","coordinates":[-3.60698,40.40867]},"properties":{"stop_id":"4560","stop_code":"4560","stop_name":"Villablanca - Lago Van","routes":["100","159","506"]}},{"type":"Feature","geometry":{"type":"Point","coordinates":[-3.60298,40.40669]},"properties":{"stop_id":"4561","stop_code":"4561","stop_name":"Villablanca - Jardín De La Duquesa","routes":["100","159"]}},{"type":"Feature","geometry":{"type":"Point","coordinates":[-3.60425,40.40757]},"properties":{"stop_id":"4562","stop_code":"4562","stop_name":"Villablanca - Polideportivo","routes":["100","159"]}},{"type":"Feature","geometry":{"type":"Point","coordinates":[-3.60008,40.40552]},"properties":{"stop_id":"4563","stop_code":"4563","stop_name":"Villablanca - Sepiolita","routes":["100","106","159","506","507"]}},{"type":"Feature","geometry":{"type":"Point","coordinates":[-3.5998,40.40574]},"properties":{"stop_id":"4564","stop_code":"4564","stop_name":"Villablanca - Sepiolita","routes":["100","106","159","506","507"]}},{"type":"Feature","geometry":{"type":"Point","coordinates":[-3.6093,40.40457]},"properties":{"stop_id":"4565","stop_code":"4565","stop_name":"Metro Vicálvaro","routes":["100"]}},{"type":"Feature","geometry":{"type":"Point","coordinates":[-3.60888,40.40484]},"properties":{"stop_id":"4566","stop_code":"4566","stop_name":"Vicálvaro","routes":["130"]}},{"type":"Feature","geometry":{"type":"Point","coordinates":[-3.65506,40.42966]},"properties":{"stop_id":"4567","stop_code":"4567","stop_name":"Avenida De Daroca - Apóstol Santiago","routes":["106","507"]}},{"type":"Feature","geometry":{"type":"Point","coordinates":[-3.6012,40.40485]},"properties":{"stop_id":"4568","stop_code":"4568","stop_name":"Forges - Efigenia","routes":["106"]}},{"type":"Feature","geometry":{"type":"Point","coordinates":[-3.60115,40.40465]},"properties":{"stop_id":"4569","stop_code":"4569","stop_name":"Forges - Efigenia","routes":["106"]}},{"type":"Feature","geometry":{"type":"Point","coordinates":[-3.60268,40.40544]},"properties":{"stop_id":"4570","stop_code":"4570","stop_name":"Forges - Jardín De La Duquesa","routes":["106","507"]}},{"type":"Feature","geometry":{"type":"Point","coordinates":[-3.60267,40.4053]},"properties":{"stop_id":"4571","stop_code":"4571","stop_name":"Forges - Jardín De La Duquesa","routes":["106"]}},{"type":"Feature","geometry":{"type":"Point","coordinates":[-3.60304,40.39896]},"properties":{"stop_id":"4575","stop_code":"4575","stop_name":"Aurora Boreal - Minerva","routes":["403"]}},{"type":"Feature","geometry":{"type":"Point","coordinates":[-3.61662,40.40629]},"properties":{"stop_id":"4576","stop_code":"4576","stop_name":"Casalarreina - Gallo","routes":["100","130"]}},{"type":"Feature","geometry":{"type":"Point","coordinates":[-3.78365,40.44915]},"properties":{"stop_id":"4577","stop_code":"4577","stop_name":"Rosas De Aravaca - Estación","routes":["160"]}},{"type":"Feature","geometry":{"type":"Point","coordinates":[-3.785,40.4495]},"properties":{"stop_id":"4578","stop_code":"4578","stop_name":"Estación De Aravaca - Río Arlanzón","routes":["160","161","163","528"]}},{"type":"Feature","geometry":{"type":"Point","coordinates":[-3.78518,40.44924]},"properties":{"stop_id":"4579","stop_code":"4579","stop_name":"Estación De Aravaca - Río Arlanzón","routes":["160","161","163","528"]}},{"type":"Feature","geometry":{"type":"Point","coordinates":[-3.78505,40.45161]},"properties":{"stop_id":"4580","stop_code":"4580","stop_name":"Golondrina - Arroyo Pozuelo","routes":["160","161","163"]}},{"type":"Feature","geometry":{"type":"Point","coordinates":[-3.78521,40.45139]},"properties":{"stop_id":"4581","stop_code":"4581","stop_name":"Golondrina - Arroyo Pozuelo","routes":["160","161","163"]}},{"type":"Feature","geometry":{"type":"Point","coordinates":[-3.78507,40.45345]},"properties":{"stop_id":"4582","stop_code":"4582","stop_name":"Golondrina - Virgen De Los Rosales","routes":["160","161"]}},{"type":"Feature","geometry":{"type":"Point","coordinates":[-3.78526,40.4531]},"properties":{"stop_id":"4583","stop_code":"4583","stop_name":"Golondrina - Virgen De Los Rosales","routes":["160","161"]}},{"type":"Feature","geometry":{"type":"Point","coordinates":[-3.78517,40.45532]},"properties":{"stop_id":"4584","stop_code":"4584","stop_name":"Golondrina - Brújula","routes":["160","161","163","528"]}},{"type":"Feature","geometry":{"type":"Point","coordinates":[-3.59712,40.40158]},"properties":{"stop_id":"4585","stop_code":"4585","stop_name":"Puerta De Arganda","routes":["403"]}},{"type":"Feature","geometry":{"type":"Point","coordinates":[-3.62008,40.39623]},"properties":{"stop_id":"4586","stop_code":"4586","stop_name":"Cordel De Pavones","routes":["404"]}},{"type":"Feature","geometry":{"type":"Point","coordinates":[-3.7228,40.38708]},"properties":{"stop_id":"4587","stop_code":"4587","stop_name":"Opañel","routes":["055","081","517","870"]}},{"type":"Feature","geometry":{"type":"Point","coordinates":[-3.62314,40.41732]},"properties":{"stop_id":"4588","stop_code":"4588","stop_name":"Alsacia","routes":["159"]}},{"type":"Feature","geometry":{"type":"Point","coordinates":[-3.64576,40.39873]},"properties":{"stop_id":"4594","stop_code":"4594","stop_name":"Arroyo Fontarrón - Pío Felipe","routes":["063","509"]}},{"type":"Feature","geometry":{"type":"Point","coordinates":[-3.73432,40.37685]},"properties":{"stop_id":"4595","stop_code":"4595","stop_name":"Abrantes - Camino Viejo Leganés","routes":["118","516"]}},{"type":"Feature","geometry":{"type":"Point","coordinates":[-3.66325,40.38183]},"properties":{"stop_id":"4597","stop_code":"4597","stop_name":"Madrid Sur","routes":["057","144","511"]}},{"type":"Feature","geometry":{"type":"Point","coordinates":[-3.66146,40.38018]},"properties":{"stop_id":"4598","stop_code":"4598","stop_name":"Palomeras Bajas - Romeo Y Julieta","routes":["057","144"]}},{"type":"Feature","geometry":{"type":"Point","coordinates":[-3.63773,40.46959]},"properties":{"stop_id":"4599","stop_code":"4599","stop_name":"Mar De Cristal","routes":["087","120","172","372"]}},{"type":"Feature","geometry":{"type":"Point","coordinates":[-3.6535,40.46716]},"properties":{"stop_id":"4600","stop_code":"4600","stop_name":"López De Hoyos - Gran Vía De Hortaleza","routes":["087"]}},{"type":"Feature","geometry":{"type":"Point","coordinates":[-3.6468,40.39957]},"properties":{"stop_id":"4601","stop_code":"4601","stop_name":"Arroyo Fontarrón - Encomienda De Palacios","routes":["063","143","509"]}},{"type":"Feature","geometry":{"type":"Point","coordinates":[-3.63878,40.4692]},"properties":{"stop_id":"4602","stop_code":"4602","stop_name":"Mar De Cristal","routes":["451"]}},{"type":"Feature","geometry":{"type":"Point","coordinates":[-3.63965,40.47001]},"properties":{"stop_id":"4603","stop_code":"4603","stop_name":"Mar De Cristal","routes":["172","372"]}},{"type":"Feature","geometry":{"type":"Point","coordinates":[-3.71799,40.43799]},"properties":{"stop_id":"4608","stop_code":"4608","stop_name":"Cristo Rey","routes":["062","138"]}},{"type":"Feature","geometry":{"type":"Point","coordinates":[-3.72927,40.38382]},"properties":{"stop_id":"4609","stop_code":"4609","stop_name":"Camino Viejo Leganés - Pelícano","routes":["118","516"]}},{"type":"Feature","geometry":{"type":"Point","coordinates":[-3.61116,40.42171]},"properties":{"stop_id":"4611","stop_code":"4611","stop_name":"Avenida De Canillejas - Suecia","routes":["004","106","159","506","507"]}},{"type":"Feature","geometry":{"type":"Point","coordinates":[-3.6108,40.41683]},"properties":{"stop_id":"4612","stop_code":"4612","stop_name":"Avenida De Canillejas - M40","routes":["004","106","159"]}},{"type":"Feature","geometry":{"type":"Point","coordinates":[-3.61061,40.4169]},"properties":{"stop_id":"4613","stop_code":"4613","stop_name":"Avenida De Canillejas - M40","routes":["004","106","159"]}},{"type":"Feature","geometry":{"type":"Point","coordinates":[-3.69021,40.46264]},"properties":{"stop_id":"4615","stop_code":"4615","stop_name":"Castellana - Rosario Pino","routes":["149"]}},{"type":"Feature","geometry":{"type":"Point","coordinates":[-3.71416,40.37838]},"properties":{"stop_id":"4616","stop_code":"4616","stop_name":"Parque De La Paloma","routes":["078"]}},{"type":"Feature","geometry":{"type":"Point","coordinates":[-3.71382,40.37823]},"properties":{"stop_id":"4617","stop_code":"4617","stop_name":"Parque De La Paloma","routes":["078"]}},{"type":"Feature","geometry":{"type":"Point","coordinates":[-3.71589,40.37773]},"properties":{"stop_id":"4618","stop_code":"4618","stop_name":"Avena - Heno","routes":["078"]}},{"type":"Feature","geometry":{"type":"Point","coordinates":[-3.71572,40.37776]},"properties":{"stop_id":"4619","stop_code":"4619","stop_name":"Avena - Heno","routes":["078"]}},{"type":"Feature","geometry":{"type":"Point","coordinates":[-3.71591,40.37593]},"properties":{"stop_id":"4620","stop_code":"4620","stop_name":"Avena - Beltrán Y Rózpide","routes":["078"]}},{"type":"Feature","geometry":{"type":"Point","coordinates":[-3.71571,40.37601]},"properties":{"stop_id":"4621","stop_code":"4621","stop_name":"Avena - Beltrán Y Rózpide","routes":["078"]}},{"type":"Feature","geometry":{"type":"Point","coordinates":[-3.71276,40.37551]},"properties":{"stop_id":"4622","stop_code":"4622","stop_name":"Polideportivo Orcasitas","routes":["078"]}},{"type":"Feature","geometry":{"type":"Point","coordinates":[-3.71285,40.3756]},"properties":{"stop_id":"4623","stop_code":"4623","stop_name":"Polideportivo Orcasitas","routes":["078"]}},{"type":"Feature","geometry":{"type":"Point","coordinates":[-3.71064,40.36939]},"properties":{"stop_id":"4624","stop_code":"4624","stop_name":"Gran Avenida - Camino Viejo Villaverde","routes":["078","081","116","515"]}},{"type":"Feature","geometry":{"type":"Point","coordinates":[-3.71001,40.36976]},"properties":{"stop_id":"4625","stop_code":"4625","stop_name":"Gran Avenida - Camino Viejo Villaverde","routes":["078","081","116"]}},{"type":"Feature","geometry":{"type":"Point","coordinates":[-3.71366,40.35627]},"properties":{"stop_id":"4626","stop_code":"4626","stop_name":"Rafaela Ybarra Acceso Peugeot","routes":["131"]}},{"type":"Feature","geometry":{"type":"Point","coordinates":[-3.71335,40.35631]},"properties":{"stop_id":"4627","stop_code":"4627","stop_name":"Rafaela Ybarra Acceso Peugeot","routes":["131"]}},{"type":"Feature","geometry":{"type":"Point","coordinates":[-3.80107,40.46898]},"properties":{"stop_id":"4628","stop_code":"4628","stop_name":"Príncipe De Viana - Proción","routes":["162"]}},{"type":"Feature","geometry":{"type":"Point","coordinates":[-3.80171,40.46867]},"properties":{"stop_id":"4629","stop_code":"4629","stop_name":"Príncipe De Viana - Proción","routes":["162"]}},{"type":"Feature","geometry":{"type":"Point","coordinates":[-3.65406,40.36543]},"properties":{"stop_id":"4630","stop_code":"4630","stop_name":"Centro Transportes Madrid","routes":["130","453"]}},{"type":"Feature","geometry":{"type":"Point","coordinates":[-3.76757,40.39445]},"properties":{"stop_id":"4632","stop_code":"4632","stop_name":"Campamento","routes":["131"]}},{"type":"Feature","geometry":{"type":"Point","coordinates":[-3.73078,40.4069]},"properties":{"stop_id":"4633","stop_code":"4633","stop_name":"Caramuel - Sepúlveda","routes":["138","518"]}},{"type":"Feature","geometry":{"type":"Point","coordinates":[-3.73009,40.40673]},"properties":{"stop_id":"4634","stop_code":"4634","stop_name":"Caramuel - Sepúlveda","routes":["138","518"]}},{"type":"Feature","geometry":{"type":"Point","coordinates":[-3.62332,40.41696]},"properties":{"stop_id":"4635","stop_code":"4635","stop_name":"Alsacia","routes":["106","140","402","507"]}},{"type":"Feature","geometry":{"type":"Point","coordinates":[-3.61999,40.418]},"properties":{"stop_id":"4636","stop_code":"4636","stop_name":"Aquitania - Capri","routes":["106","140","159","402","507"]}},{"type":"Feature","geometry":{"type":"Point","coordinates":[-3.61575,40.41951]},"properties":{"stop_id":"4637","stop_code":"4637","stop_name":"Aquitania - República Eslovaca","routes":["106","140","159","402","507"]}},{"type":"Feature","geometry":{"type":"Point","coordinates":[-3.61129,40.44917]},"properties":{"stop_id":"4639","stop_code":"4639","stop_name":"Avenida De Jaca","routes":["140"]}},{"type":"Feature","geometry":{"type":"Point","coordinates":[-3.64006,40.40785]},"properties":{"stop_id":"4640","stop_code":"4640","stop_name":"Pico Artilleros","routes":["030","032","508"]}},{"type":"Feature","geometry":{"type":"Point","coordinates":[-3.63986,40.40799]},"properties":{"stop_id":"4641","stop_code":"4641","stop_name":"Pico Artilleros","routes":["030","032","508"]}},{"type":"Feature","geometry":{"type":"Point","coordinates":[-3.69814,40.4383]},"properties":{"stop_id":"4642","stop_code":"4642","stop_name":"Alonso Cano","routes":["012"]}},{"type":"Feature","geometry":{"type":"Point","coordinates":[-3.71953,40.46506]},"properties":{"stop_id":"4643","stop_code":"4643","stop_name":"Antonio Machado - Sinesio Delgado","routes":["126","127","132"]}},{"type":"Feature","geometry":{"type":"Point","coordinates":[-3.65628,40.3755]},"properties":{"stop_id":"4644","stop_code":"4644","stop_name":"Avenida De Entrevías - Esteban Carros","routes":["511"]}},{"type":"Feature","geometry":{"type":"Point","coordinates":[-3.65678,40.37558]},"properties":{"stop_id":"4645","stop_code":"4645","stop_name":"Avenida De Entrevías - Esteban Carros","routes":["103","511"]}},{"type":"Feature","geometry":{"type":"Point","coordinates":[-3.71153,40.38501]},"properties":{"stop_id":"4646","stop_code":"4646","stop_name":"Rafaela Ybarra - Marcelo Usera","routes":["515"]}},{"type":"Feature","geometry":{"type":"Point","coordinates":[-3.61048,40.40466]},"properties":{"stop_id":"4647","stop_code":"4647","stop_name":"Avenida De Daroca - Campus Universitario","routes":["004","100","106"]}},{"type":"Feature","geometry":{"type":"Point","coordinates":[-3.69413,40.47955]},"properties":{"stop_id":"4651","stop_code":"4651","stop_name":"Monforte De Lemos - Polideportivo","routes":["134","137","179"]}},{"type":"Feature","geometry":{"type":"Point","coordinates":[-3.72453,40.40327]},"properties":{"stop_id":"4652","stop_code":"4652","stop_name":"Puente San Isidro - Ermita Del Santo","routes":["050"]}},{"type":"Feature","geometry":{"type":"Point","coordinates":[-3.74178,40.37973]},"properties":{"stop_id":"4653","stop_code":"4653","stop_name":"Junta Municipal Carabanchel","routes":["108"]}},{"type":"Feature","geometry":{"type":"Point","coordinates":[-3.6229,40.41864]},"properties":{"stop_id":"4655","stop_code":"4655","stop_name":"Alsacia","routes":["106","140","402","507"]}},{"type":"Feature","geometry":{"type":"Point","coordinates":[-3.66733,40.42105]},"properties":{"stop_id":"4656","stop_code":"4656","stop_name":"O Donnell - Colonia Iturbe","routes":["028","071"]}},{"type":"Feature","geometry":{"type":"Point","coordinates":[-3.66217,40.37691]},"properties":{"stop_id":"4657","stop_code":"4657","stop_name":"Avenida De Entrevías - Villacarrillo","routes":["102","103","511"]}},{"type":"Feature","geometry":{"type":"Point","coordinates":[-3.58041,40.47081]},"properties":{"stop_id":"4659","stop_code":"4659","stop_name":"Avenida General","routes":["105","115","166"]}},{"type":"Feature","geometry":{"type":"Point","coordinates":[-3.72462,40.41386]},"properties":{"stop_id":"4660","stop_code":"4660","stop_name":"Puente De Segovia - Paseo De Extremadura","routes":["025"]}},{"type":"Feature","geometry":{"type":"Point","coordinates":[-3.72113,40.38432]},"properties":{"stop_id":"4661","stop_code":"4661","stop_name":"Braganza","routes":["047","247"]}},{"type":"Feature","geometry":{"type":"Point","coordinates":[-3.69347,40.35874]},"properties":{"stop_id":"4662","stop_code":"4662","stop_name":"Avenida De Andalucía - Felicidad","routes":["022","059","079","085"]}},{"type":"Feature","geometry":{"type":"Point","coordinates":[-3.69307,40.35829]},"properties":{"stop_id":"4663","stop_code":"4663","stop_name":"Avenida De Andalucía - Felicidad","routes":["022","059","079","085"]}},{"type":"Feature","geometry":{"type":"Point","coordinates":[-3.69322,40.35274]},"properties":{"stop_id":"4664","stop_code":"4664","stop_name":"Avenida De Andalucía - Anoeta","routes":["022","059","079","085"]}},{"type":"Feature","geometry":{"type":"Point","coordinates":[-3.69288,40.3524]},"properties":{"stop_id":"4665","stop_code":"4665","stop_name":"Avenida De Andalucía - Anoeta","routes":["022","059","079","085"]}},{"type":"Feature","geometry":{"type":"Point","coordinates":[-3.71147,40.40243]},"properties":{"stop_id":"4669","stop_code":"4669","stop_name":"Pirámides Cercanías","routes":["034","036","062","116","118","119"]}},{"type":"Feature","geometry":{"type":"Point","coordinates":[-3.73453,40.38685]},"properties":{"stop_id":"4670","stop_code":"4670","stop_name":"Puerta Bonita","routes":["034","035","517"]}},{"type":"Feature","geometry":{"type":"Point","coordinates":[-3.73417,40.38687]},"properties":{"stop_id":"4671","stop_code":"4671","stop_name":"Puerta Bonita","routes":["034","035","517"]}},{"type":"Feature","geometry":{"type":"Point","coordinates":[-3.68854,40.38716]},"properties":{"stop_id":"4673","stop_code":"4673","stop_name":"Puerto De Béjar","routes":["062"]}},{"type":"Feature","geometry":{"type":"Point","coordinates":[-3.66733,40.38978]},"properties":{"stop_id":"4674","stop_code":"4674","stop_name":"Párroco Emilio Franco - Palomeras","routes":["024"]}},{"type":"Feature","geometry":{"type":"Point","coordinates":[-3.69671,40.43076]},"properties":{"stop_id":"4675","stop_code":"4675","stop_name":"Santa Engracia - Caracas","routes":["003"]}},{"type":"Feature","geometry":{"type":"Point","coordinates":[-3.6813,40.44094]},"properties":{"stop_id":"4676","stop_code":"4676","stop_name":"Glorieta López De Hoyos","routes":["068"]}},{"type":"Feature","geometry":{"type":"Point","coordinates":[-3.68112,40.44127]},"properties":{"stop_id":"4677","stop_code":"4677","stop_name":"Glorieta López De Hoyos","routes":["069"]}},{"type":"Feature","geometry":{"type":"Point","coordinates":[-3.68486,40.44435]},"properties":{"stop_id":"4678","stop_code":"4678","stop_name":"República Argentina","routes":["068","870"]}},{"type":"Feature","geometry":{"type":"Point","coordinates":[-3.63236,40.38375]},"properties":{"stop_id":"4680","stop_code":"4680","stop_name":"Polideportivo Palomeras","routes":["058","103","142","143"]}},{"type":"Feature","geometry":{"type":"Point","coordinates":[-3.62613,40.38336]},"properties":{"stop_id":"4682","stop_code":"4682","stop_name":"Democracia - Arboleda","routes":["054","058","103","142","143"]}},{"type":"Feature","geometry":{"type":"Point","coordinates":[-3.62624,40.38354]},"properties":{"stop_id":"4683","stop_code":"4683","stop_name":"Democracia - Arboleda","routes":["054","058","103","142","143"]}},{"type":"Feature","geometry":{"type":"Point","coordinates":[-3.62041,40.37588]},"properties":{"stop_id":"4684","stop_code":"4684","stop_name":"Congosto - Puerto Porzuna","routes":["054","509"]}},{"type":"Feature","geometry":{"type":"Point","coordinates":[-3.62021,40.37584]},"properties":{"stop_id":"4685","stop_code":"4685","stop_name":"Congosto - Puerto Porzuna","routes":["054"]}},{"type":"Feature","geometry":{"type":"Point","coordinates":[-3.61998,40.37401]},"properties":{"stop_id":"4686","stop_code":"4686","stop_name":"Congosto - Peña Rivera","routes":["054","509"]}},{"type":"Feature","geometry":{"type":"Point","coordinates":[-3.61982,40.37415]},"properties":{"stop_id":"4687","stop_code":"4687","stop_name":"Congosto - Peña Rivera","routes":["054"]}},{"type":"Feature","geometry":{"type":"Point","coordinates":[-3.61858,40.37064]},"properties":{"stop_id":"4689","stop_code":"4689","stop_name":"Peña Cervera - Congosto","routes":["142"]}},{"type":"Feature","geometry":{"type":"Point","coordinates":[-3.61528,40.38382]},"properties":{"stop_id":"4691","stop_code":"4691","stop_name":"Enrique García Álvarez - Camino Vasares","routes":["058","509"]}},{"type":"Feature","geometry":{"type":"Point","coordinates":[-3.61557,40.38368]},"properties":{"stop_id":"4692","stop_code":"4692","stop_name":"Enrique García Álvarez - Camino Vasares","routes":["058"]}},{"type":"Feature","geometry":{"type":"Point","coordinates":[-3.62424,40.38191]},"properties":{"stop_id":"4693","stop_code":"4693","stop_name":"Sierra Guadalupe","routes":["130","454","481"]}},{"type":"Feature","geometry":{"type":"Point","coordinates":[-3.62494,40.38127]},"properties":{"stop_id":"4694","stop_code":"4694","stop_name":"Sierra Guadalupe - San Jaime","routes":["130","454"]}},{"type":"Feature","geometry":{"type":"Point","coordinates":[-3.6193,40.37783]},"properties":{"stop_id":"4696","stop_code":"4696","stop_name":"Montes De Barbanza - Sierra Del Eje","routes":["054","103","142","509"]}},{"type":"Feature","geometry":{"type":"Point","coordinates":[-3.61859,40.37161]},"properties":{"stop_id":"4697","stop_code":"4697","stop_name":"Congosto","routes":["054","509"]}},{"type":"Feature","geometry":{"type":"Point","coordinates":[-3.62081,40.3704]},"properties":{"stop_id":"4698","stop_code":"4698","stop_name":"Fuentidueña - Peña Cervera","routes":["142"]}},{"type":"Feature","geometry":{"type":"Point","coordinates":[-3.62199,40.37204]},"properties":{"stop_id":"4699","stop_code":"4699","stop_name":"Fuentidueña - Centro De Salud","routes":["142","509"]}},{"type":"Feature","geometry":{"type":"Point","coordinates":[-3.62265,40.37459]},"properties":{"stop_id":"4700","stop_code":"4700","stop_name":"Polideportivo Guillén Prim","routes":["103","142"]}},{"type":"Feature","geometry":{"type":"Point","coordinates":[-3.62094,40.3759]},"properties":{"stop_id":"4701","stop_code":"4701","stop_name":"Congosto - Puerto Porzuna","routes":["103","142"]}},{"type":"Feature","geometry":{"type":"Point","coordinates":[-3.62769,40.3881]},"properties":{"stop_id":"4702","stop_code":"4702","stop_name":"Polideportivo Campus Sur","routes":["090"]}},{"type":"Feature","geometry":{"type":"Point","coordinates":[-3.72597,40.49488]},"properties":{"stop_id":"4703","stop_code":"4703","stop_name":"Estación De Pitis","routes":["170"]}},{"type":"Feature","geometry":{"type":"Point","coordinates":[-3.6262,40.38055]},"properties":{"stop_id":"4704","stop_code":"4704","stop_name":"San Jaime - Sierra Gador","routes":["130","454"]}},{"type":"Feature","geometry":{"type":"Point","coordinates":[-3.75194,40.38645]},"properties":{"stop_id":"4705","stop_code":"4705","stop_name":"Nuestra Señora De La Luz","routes":["017","526"]}},{"type":"Feature","geometry":{"type":"Point","coordinates":[-3.74971,40.38537]},"properties":{"stop_id":"4706","stop_code":"4706","stop_name":"Eugenia De Montijo","routes":["017","526"]}},{"type":"Feature","geometry":{"type":"Point","coordinates":[-3.5712,40.47026]},"properties":{"stop_id":"4707","stop_code":"4707","stop_name":"Aeropuerto T3","routes":["101","200","532"]}},{"type":"Feature","geometry":{"type":"Point","coordinates":[-3.62951,40.42591]},"properties":{"stop_id":"4708","stop_code":"4708","stop_name":"Hermanos García Noblejas - Gandhi","routes":["004","038","048","070","109","506"]}},{"type":"Feature","geometry":{"type":"Point","coordinates":[-3.68981,40.45424]},"properties":{"stop_id":"4709","stop_code":"4709","stop_name":"Rafael Salgado","routes":["150"]}},{"type":"Feature","geometry":{"type":"Point","coordinates":[-3.68691,40.43252]},"properties":{"stop_id":"4710","stop_code":"4710","stop_name":"Serrano - Juan Bravo","routes":["009","019","051"]}},{"type":"Feature","geometry":{"type":"Point","coordinates":[-3.74375,40.38985]},"properties":{"stop_id":"4711","stop_code":"4711","stop_name":"Vía Carpetana - Casimiro Escudero","routes":["017"]}},{"type":"Feature","geometry":{"type":"Point","coordinates":[-3.66965,40.4161]},"properties":{"stop_id":"4712","stop_code":"4712","stop_name":"Sainz De Baranda","routes":["030","056","143","156","508","529","870"]}},{"type":"Feature","geometry":{"type":"Point","coordinates":[-3.66918,40.41618]},"properties":{"stop_id":"4713","stop_code":"4713","stop_name":"Sainz De Baranda","routes":["030","056","143","156","508","530","869"]}},{"type":"Feature","geometry":{"type":"Point","coordinates":[-3.66985,40.41318]},"properties":{"stop_id":"4714","stop_code":"4714","stop_name":"Samaria","routes":["030","056","143","156","508"]}},{"type":"Feature","geometry":{"type":"Point","coordinates":[-3.66948,40.41318]},"properties":{"stop_id":"4715","stop_code":"4715","stop_name":"Samaria","routes":["030","056","143","156"]}},{"type":"Feature","geometry":{"type":"Point","coordinates":[-3.67089,40.40593]},"properties":{"stop_id":"4716","stop_code":"4716","stop_name":"Conde De Casal - Doctor Esquerdo","routes":["056","156"]}},{"type":"Feature","geometry":{"type":"Point","coordinates":[-3.67029,40.40604]},"properties":{"stop_id":"4717","stop_code":"4717","stop_name":"Conde De Casal - Doctor Esquerdo","routes":["056","156"]}},{"type":"Feature","geometry":{"type":"Point","coordinates":[-3.66515,40.45021]},"properties":{"stop_id":"4721","stop_code":"4721","stop_name":"López De Hoyos - Padre Claret","routes":["009","072","073","502"]}},{"type":"Feature","geometry":{"type":"Point","coordinates":[-3.5599,40.4053]},"properties":{"stop_id":"4722","stop_code":"4722","stop_name":"Miguel Delibes - Cantinflas","routes":["159","405","506"]}},{"type":"Feature","geometry":{"type":"Point","coordinates":[-3.63325,40.38201]},"properties":{"stop_id":"4725","stop_code":"4725","stop_name":"Polideportivo Palomeras","routes":["054"]}},{"type":"Feature","geometry":{"type":"Point","coordinates":[-3.63363,40.3824]},"properties":{"stop_id":"4726","stop_code":"4726","stop_name":"Polideportivo Palomeras","routes":["054"]}},{"type":"Feature","geometry":{"type":"Point","coordinates":[-3.63064,40.38239]},"properties":{"stop_id":"4727","stop_code":"4727","stop_name":"Cocherón De La Villa - Avenida De La Albufera","routes":["054"]}},{"type":"Feature","geometry":{"type":"Point","coordinates":[-3.69347,40.36196]},"properties":{"stop_id":"4728","stop_code":"4728","stop_name":"Avenida De Andalucía - Centro Comercial","routes":["018","086","513","514"]}},{"type":"Feature","geometry":{"type":"Point","coordinates":[-3.63077,40.38257]},"properties":{"stop_id":"4729","stop_code":"4729","stop_name":"Cocherón De La Villa - Avenida De La Albufera","routes":["054"]}},{"type":"Feature","geometry":{"type":"Point","coordinates":[-3.71835,40.48827]},"properties":{"stop_id":"4731","stop_code":"4731","stop_name":"Pradera De Corralillos","routes":["049"]}},{"type":"Feature","geometry":{"type":"Point","coordinates":[-3.7222,40.4959]},"properties":{"stop_id":"4732","stop_code":"4732","stop_name":"Juanita Cruz - María De Maeztu","routes":["049","170"]}},{"type":"Feature","geometry":{"type":"Point","coordinates":[-3.72539,40.48663]},"properties":{"stop_id":"4733","stop_code":"4733","stop_name":"Peña Del Águila","routes":["049"]}},{"type":"Feature","geometry":{"type":"Point","coordinates":[-3.72548,40.49535]},"properties":{"stop_id":"4734","stop_code":"4734","stop_name":"Estación De Pitis","routes":["049"]}},{"type":"Feature","geometry":{"type":"Point","coordinates":[-3.71632,40.48863]},"properties":{"stop_id":"4736","stop_code":"4736","stop_name":"Ventisquero De La Condesa - Valle Enmedio","routes":["049"]}},{"type":"Feature","geometry":{"type":"Point","coordinates":[-3.71654,40.48861]},"properties":{"stop_id":"4737","stop_code":"4737","stop_name":"Ventisquero De La Condesa - Valle Enmedio","routes":["049"]}},{"type":"Feature","geometry":{"type":"Point","coordinates":[-3.67729,40.33804]},"properties":{"stop_id":"4739","stop_code":"4739","stop_name":"Ganados Del Salobral - Maricara","routes":["085","123"]}},{"type":"Feature","geometry":{"type":"Point","coordinates":[-3.7164,40.49006]},"properties":{"stop_id":"4740","stop_code":"4740","stop_name":"Metro Mirasierra","routes":["049"]}},{"type":"Feature","geometry":{"type":"Point","coordinates":[-3.70669,40.48449]},"properties":{"stop_id":"4741","stop_code":"4741","stop_name":"Metro Herrera Oria","routes":["067","124","133"]}},{"type":"Feature","geometry":{"type":"Point","coordinates":[-3.69143,40.4383]},"properties":{"stop_id":"4742","stop_code":"4742","stop_name":"Gregorio Marañón","routes":["007","040","147"]}},{"type":"Feature","geometry":{"type":"Point","coordinates":[-3.67012,40.38135]},"properties":{"stop_id":"4743","stop_code":"4743","stop_name":"Plaza De Las Regiones","routes":["144"]}},{"type":"Feature","geometry":{"type":"Point","coordinates":[-3.62782,40.37407]},"properties":{"stop_id":"4750","stop_code":"4750","stop_name":"Valderrebollo - Tineo","routes":["103"]}},{"type":"Feature","geometry":{"type":"Point","coordinates":[-3.66915,40.38117]},"properties":{"stop_id":"4751","stop_code":"4751","stop_name":"Entrevías","routes":["144"]}},{"type":"Feature","geometry":{"type":"Point","coordinates":[-3.64711,40.479]},"properties":{"stop_id":"4752","stop_code":"4752","stop_name":"Santa Adela","routes":["107"]}},{"type":"Feature","geometry":{"type":"Point","coordinates":[-3.70159,40.47711]},"properties":{"stop_id":"4754","stop_code":"4754","stop_name":"Finisterre - Fernández Almagro","routes":["147"]}},{"type":"Feature","geometry":{"type":"Point","coordinates":[-3.63072,40.40735]},"properties":{"stop_id":"4755","stop_code":"4755","stop_name":"Fuente Carrantona - García Tapia","routes":["030"]}},{"type":"Feature","geometry":{"type":"Point","coordinates":[-3.63044,40.40767]},"properties":{"stop_id":"4756","stop_code":"4756","stop_name":"Fuente Carrantona - García Tapia","routes":["030"]}},{"type":"Feature","geometry":{"type":"Point","coordinates":[-3.62792,40.40676]},"properties":{"stop_id":"4757","stop_code":"4757","stop_name":"García Tapia - Laponia","routes":["030","100","508"]}},{"type":"Feature","geometry":{"type":"Point","coordinates":[-3.62802,40.40712]},"properties":{"stop_id":"4758","stop_code":"4758","stop_name":"García Tapia - Laponia","routes":["030","100","508"]}},{"type":"Feature","geometry":{"type":"Point","coordinates":[-3.62753,40.40415]},"properties":{"stop_id":"4760","stop_code":"4760","stop_name":"El Cairo","routes":["030"]}},{"type":"Feature","geometry":{"type":"Point","coordinates":[-3.62782,40.40541]},"properties":{"stop_id":"4761","stop_code":"4761","stop_name":"Laponia","routes":["030"]}},{"type":"Feature","geometry":{"type":"Point","coordinates":[-3.62668,40.41634]},"properties":{"stop_id":"4762","stop_code":"4762","stop_name":"Fuente Carrantona - Avenida De Daroca","routes":["140","402"]}},{"type":"Feature","geometry":{"type":"Point","coordinates":[-3.62621,40.41617]},"properties":{"stop_id":"4763","stop_code":"4763","stop_name":"Fuente Carrantona - Avenida De Daroca","routes":["140","402"]}},{"type":"Feature","geometry":{"type":"Point","coordinates":[-3.62519,40.43565]},"properties":{"stop_id":"4764","stop_code":"4764","stop_name":"Julián Camarillo - Rufino González","routes":["105"]}},{"type":"Feature","geometry":{"type":"Point","coordinates":[-3.626,40.43556]},"properties":{"stop_id":"4765","stop_code":"4765","stop_name":"Julián Camarillo - Rufino González","routes":["105"]}},{"type":"Feature","geometry":{"type":"Point","coordinates":[-3.74076,40.39281]},"properties":{"stop_id":"4766","stop_code":"4766","stop_name":"Carpetana","routes":["055","119","869"]}},{"type":"Feature","geometry":{"type":"Point","coordinates":[-3.67017,40.44034]},"properties":{"stop_id":"4770","stop_code":"4770","stop_name":"Avenida De América - Corazón De María","routes":["114","115","122"]}},{"type":"Feature","geometry":{"type":"Point","coordinates":[-3.76994,40.46401]},"properties":{"stop_id":"4771","stop_code":"4771","stop_name":"Valdemarín - Argentona","routes":["161"]}},{"type":"Feature","geometry":{"type":"Point","coordinates":[-3.76991,40.46409]},"properties":{"stop_id":"4772","stop_code":"4772","stop_name":"Valdemarín - Argentona","routes":["161"]}},{"type":"Feature","geometry":{"type":"Point","coordinates":[-3.72521,40.48596]},"properties":{"stop_id":"4777","stop_code":"4777","stop_name":"Peña Del Águila","routes":["049"]}},{"type":"Feature","geometry":{"type":"Point","coordinates":[-3.78557,40.45586]},"properties":{"stop_id":"4779","stop_code":"4779","stop_name":"Acamar - Golondrina","routes":["163"]}},{"type":"Feature","geometry":{"type":"Point","coordinates":[-3.71113,40.40759]},"properties":{"stop_id":"4780","stop_code":"4780","stop_name":"Toledo - La Paloma","routes":["017","018","023","035"]}},{"type":"Feature","geometry":{"type":"Point","coordinates":[-3.75234,40.3998]},"properties":{"stop_id":"4781","stop_code":"4781","stop_name":"Concejal Francisco Jiménez - Berlanas","routes":["039","055"]}},{"type":"Feature","geometry":{"type":"Point","coordinates":[-3.7499,40.39994]},"properties":{"stop_id":"4782","stop_code":"4782","stop_name":"Concejal Francisco Jiménez - Carboneras","routes":["039","055","518"]}},{"type":"Feature","geometry":{"type":"Point","coordinates":[-3.6115,40.4345]},"properties":{"stop_id":"4783","stop_code":"4783","stop_name":"Arcentales - Avenida De Canillejas","routes":["038","140","167"]}},{"type":"Feature","geometry":{"type":"Point","coordinates":[-3.60865,40.43494]},"properties":{"stop_id":"4784","stop_code":"4784","stop_name":"Junta Municipal San Blas - Canillejas","routes":["038","140","167"]}},{"type":"Feature","geometry":{"type":"Point","coordinates":[-3.63096,40.47869]},"properties":{"stop_id":"4785","stop_code":"4785","stop_name":"Maruja Mallo - Camino Del Olivar","routes":["087"]}},{"type":"Feature","geometry":{"type":"Point","coordinates":[-3.63074,40.47987]},"properties":{"stop_id":"4786","stop_code":"4786","stop_name":"Maruja Mallo - Montoro","routes":["087"]}},{"type":"Feature","geometry":{"type":"Point","coordinates":[-3.60362,40.38051]},"properties":{"stop_id":"4787","stop_code":"4787","stop_name":"Fuentespina - Centro De Salud","routes":["058","063"]}},{"type":"Feature","geometry":{"type":"Point","coordinates":[-3.60348,40.38043]},"properties":{"stop_id":"4788","stop_code":"4788","stop_name":"Fuentespina - Centro De Salud","routes":["063","145"]}},{"type":"Feature","geometry":{"type":"Point","coordinates":[-3.78344,40.45581]},"properties":{"stop_id":"4789","stop_code":"4789","stop_name":"Golondrina - Veleta","routes":["160","161"]}},{"type":"Feature","geometry":{"type":"Point","coordinates":[-3.78154,40.45583]},"properties":{"stop_id":"4790","stop_code":"4790","stop_name":"Glorieta Cirilo Martín Martín","routes":["160","161","528"]}},{"type":"Feature","geometry":{"type":"Point","coordinates":[-3.78158,40.45597]},"properties":{"stop_id":"4791","stop_code":"4791","stop_name":"Glorieta Cirilo Martín Martín","routes":["160","161","528"]}},{"type":"Feature","geometry":{"type":"Point","coordinates":[-3.78417,40.45594]},"properties":{"stop_id":"4792","stop_code":"4792","stop_name":"Golondrina - Galaxia","routes":["160","161","528"]}},{"type":"Feature","geometry":{"type":"Point","coordinates":[-3.77983,40.45695]},"properties":{"stop_id":"4793","stop_code":"4793","stop_name":"Carretera De Húmera - Riaza","routes":["160","161","528"]}},{"type":"Feature","geometry":{"type":"Point","coordinates":[-3.77991,40.457]},"properties":{"stop_id":"4794","stop_code":"4794","stop_name":"Carretera De Húmera - Riaza","routes":["160","161","528"]}},{"type":"Feature","geometry":{"type":"Point","coordinates":[-3.7883,40.45916]},"properties":{"stop_id":"4795","stop_code":"4795","stop_name":"Pico Ocejón - Osa Mayor","routes":["160","163"]}},{"type":"Feature","geometry":{"type":"Point","coordinates":[-3.57799,40.40597]},"properties":{"stop_id":"4796","stop_code":"4796","stop_name":"Torrejón De La Calzada - Cerceda","routes":["159","506"]}},{"type":"Feature","geometry":{"type":"Point","coordinates":[-3.57835,40.40614]},"properties":{"stop_id":"4797","stop_code":"4797","stop_name":"Torrejón De La Calzada - Cerceda","routes":["159","506"]}},{"type":"Feature","geometry":{"type":"Point","coordinates":[-3.56351,40.4067]},"properties":{"stop_id":"4801","stop_code":"4801","stop_name":"Miguel Delibes - Alto Del Esparragal","routes":["159","405","506"]}},{"type":"Feature","geometry":{"type":"Point","coordinates":[-3.67904,40.39602]},"properties":{"stop_id":"4802","stop_code":"4802","stop_name":"Méndez Álvaro","routes":["008","156","869"]}},{"type":"Feature","geometry":{"type":"Point","coordinates":[-3.56324,40.40702]},"properties":{"stop_id":"4803","stop_code":"4803","stop_name":"Miguel Delibes - Alto Del Esparragal","routes":["159","405","506"]}},{"type":"Feature","geometry":{"type":"Point","coordinates":[-3.65437,40.36526]},"properties":{"stop_id":"4805","stop_code":"4805","stop_name":"Centro Transportes Madrid","routes":["130","453"]}},{"type":"Feature","geometry":{"type":"Point","coordinates":[-3.65666,40.36352]},"properties":{"stop_id":"4806","stop_code":"4806","stop_name":"Mercamadrid - Naves Auxiliares","routes":["130","453"]}},{"type":"Feature","geometry":{"type":"Point","coordinates":[-3.65642,40.36336]},"properties":{"stop_id":"4807","stop_code":"4807","stop_name":"Mercamadrid - Naves Auxiliares","routes":["130","453"]}},{"type":"Feature","geometry":{"type":"Point","coordinates":[-3.66264,40.35954]},"properties":{"stop_id":"4809","stop_code":"4809","stop_name":"Mercamadrid - Zona Comercial","routes":["453"]}},{"type":"Feature","geometry":{"type":"Point","coordinates":[-3.66575,40.35803]},"properties":{"stop_id":"4810","stop_code":"4810","stop_name":"Mercamadrid - Pescados","routes":["453"]}},{"type":"Feature","geometry":{"type":"Point","coordinates":[-3.66535,40.3576]},"properties":{"stop_id":"4811","stop_code":"4811","stop_name":"Mercamadrid - Pescados","routes":["453"]}},{"type":"Feature","geometry":{"type":"Point","coordinates":[-3.66871,40.35898]},"properties":{"stop_id":"4812","stop_code":"4812","stop_name":"Mercamadrid","routes":["453"]}},{"type":"Feature","geometry":{"type":"Point","coordinates":[-3.71222,40.37389]},"properties":{"stop_id":"4814","stop_code":"4814","stop_name":"Rafaela Ybarra - Avenida De Los Poblados","routes":["006","060","078","081","515"]}},{"type":"Feature","geometry":{"type":"Point","coordinates":[-3.712,40.37603]},"properties":{"stop_id":"4815","stop_code":"4815","stop_name":"Polideportivo Orcasitas","routes":["006","060","081","515"]}},{"type":"Feature","geometry":{"type":"Point","coordinates":[-3.71834,40.43381]},"properties":{"stop_id":"4816","stop_code":"4816","stop_name":"Moncloa","routes":["001","044","068","138","361","870"]}},{"type":"Feature","geometry":{"type":"Point","coordinates":[-3.62583,40.44711]},"properties":{"stop_id":"4817","stop_code":"4817","stop_name":"Veinticinco Septiembre - Ricardo Velázquez Bosco","routes":["104"]}},{"type":"Feature","geometry":{"type":"Point","coordinates":[-3.6252,40.44769]},"properties":{"stop_id":"4818","stop_code":"4818","stop_name":"Marquesado Santa Marta - Ricardo Velázquez Bosco","routes":["114","504"]}},{"type":"Feature","geometry":{"type":"Point","coordinates":[-3.73132,40.48767]},"properties":{"stop_id":"4819","stop_code":"4819","stop_name":"Irene Caba Alba - María De Maeztu","routes":["082","520"]}},{"type":"Feature","geometry":{"type":"Point","coordinates":[-3.73158,40.48757]},"properties":{"stop_id":"4820","stop_code":"4820","stop_name":"Irene Caba Alba - María De Maeztu","routes":["082","520"]}},{"type":"Feature","geometry":{"type":"Point","coordinates":[-3.72941,40.48954]},"properties":{"stop_id":"4821","stop_code":"4821","stop_name":"María De Maeztu - María Montessori","routes":["082"]}},{"type":"Feature","geometry":{"type":"Point","coordinates":[-3.72957,40.48963]},"properties":{"stop_id":"4822","stop_code":"4822","stop_name":"María De Maeztu - María Montessori","routes":["082","170"]}},{"type":"Feature","geometry":{"type":"Point","coordinates":[-3.72587,40.49189]},"properties":{"stop_id":"4823","stop_code":"4823","stop_name":"María De Maeztu - Teresa Claramunt","routes":["082","520"]}},{"type":"Feature","geometry":{"type":"Point","coordinates":[-3.726,40.49198]},"properties":{"stop_id":"4824","stop_code":"4824","stop_name":"María De Maeztu - Teresa Claramunt","routes":["082","170","520"]}},{"type":"Feature","geometry":{"type":"Point","coordinates":[-3.68633,40.35369]},"properties":{"stop_id":"4825","stop_code":"4825","stop_name":"Pilar Lorengar - Andrea Jordán","routes":["513"]}},{"type":"Feature","geometry":{"type":"Point","coordinates":[-3.79292,40.37897]},"properties":{"stop_id":"4826","stop_code":"4826","stop_name":"Estación De Cuatro Vientos","routes":["139","898"]}},{"type":"Feature","geometry":{"type":"Point","coordinates":[-3.59584,40.44887]},"properties":{"stop_id":"4827","stop_code":"4827","stop_name":"Avenida Cuarta - Calle Cinco","routes":["077"]}},{"type":"Feature","geometry":{"type":"Point","coordinates":[-3.67697,40.45936]},"properties":{"stop_id":"4831","stop_code":"4831","stop_name":"República Dominicana","routes":["016","029","501"]}},{"type":"Feature","geometry":{"type":"Point","coordinates":[-3.67652,40.45933]},"properties":{"stop_id":"4832","stop_code":"4832","stop_name":"República Dominicana","routes":["016","029","051"]}},{"type":"Feature","geometry":{"type":"Point","coordinates":[-3.6869,40.3561]},"properties":{"stop_id":"4833","stop_code":"4833","stop_name":"Carretera De Vallecas - Coalición","routes":["123","130"]}},{"type":"Feature","geometry":{"type":"Point","coordinates":[-3.68686,40.35596]},"properties":{"stop_id":"4834","stop_code":"4834","stop_name":"Carretera De Vallecas - Coalición","routes":["123","130"]}},{"type":"Feature","geometry":{"type":"Point","coordinates":[-3.65735,40.37607]},"properties":{"stop_id":"4837","stop_code":"4837","stop_name":"Estación El Pozo","routes":["102","103","310","454"]}},{"type":"Feature","geometry":{"type":"Point","coordinates":[-3.65314,40.37794]},"properties":{"stop_id":"4838","stop_code":"4838","stop_name":"Parque De Palomeras","routes":["310","511"]}},{"type":"Feature","geometry":{"type":"Point","coordinates":[-3.69586,40.40451]},"properties":{"stop_id":"4839","stop_code":"4839","stop_name":"Batalla Del Salado - Delicias","routes":["019","045","086"]}},{"type":"Feature","geometry":{"type":"Point","coordinates":[-3.66487,40.37355]},"properties":{"stop_id":"4840","stop_code":"4840","stop_name":"Ronda Sur - Barros","routes":["102","103"]}},{"type":"Feature","geometry":{"type":"Point","coordinates":[-3.65782,40.37347]},"properties":{"stop_id":"4841","stop_code":"4841","stop_name":"Esteban Carros - Cooperativa Eléctrica","routes":["024","102","180"]}},{"type":"Feature","geometry":{"type":"Point","coordinates":[-3.65791,40.37369]},"properties":{"stop_id":"4842","stop_code":"4842","stop_name":"Esteban Carros - Cooperativa Eléctrica","routes":["024","102"]}},{"type":"Feature","geometry":{"type":"Point","coordinates":[-3.65637,40.37494]},"properties":{"stop_id":"4843","stop_code":"4843","stop_name":"Esteban Carros - Padre Llanos","routes":["102"]}},{"type":"Feature","geometry":{"type":"Point","coordinates":[-3.65626,40.37513]},"properties":{"stop_id":"4844","stop_code":"4844","stop_name":"Esteban Carros - Padre Llanos","routes":["102"]}},{"type":"Feature","geometry":{"type":"Point","coordinates":[-3.66518,40.37331]},"properties":{"stop_id":"4845","stop_code":"4845","stop_name":"Ronda Sur - Barros","routes":["102"]}},{"type":"Feature","geometry":{"type":"Point","coordinates":[-3.74205,40.38672]},"properties":{"stop_id":"4846","stop_code":"4846","stop_name":"Marcelino Camacho - Laguna","routes":["035","517"]}},{"type":"Feature","geometry":{"type":"Point","coordinates":[-3.62419,40.41917]},"properties":{"stop_id":"4847","stop_code":"4847","stop_name":"Hermanos García Noblejas - Alsacia","routes":["167"]}},{"type":"Feature","geometry":{"type":"Point","coordinates":[-3.62582,40.42138]},"properties":{"stop_id":"4848","stop_code":"4848","stop_name":"Hermanos García Noblejas - Villaescusa","routes":["167"]}},{"type":"Feature","geometry":{"type":"Point","coordinates":[-3.67691,40.45586]},"properties":{"stop_id":"4849","stop_code":"4849","stop_name":"Ecuador","routes":["007","016","029","051"]}},{"type":"Feature","geometry":{"type":"Point","coordinates":[-3.67737,40.45582]},"properties":{"stop_id":"4850","stop_code":"4850","stop_name":"Ecuador","routes":["007","016","029","051"]}},{"type":"Feature","geometry":{"type":"Point","coordinates":[-3.57002,40.46801]},"properties":{"stop_id":"4853","stop_code":"4853","stop_name":"Aeropuerto T2 - Salidas","routes":["101","200","203","527","532"]}},{"type":"Feature","geometry":{"type":"Point","coordinates":[-3.6892,40.46546]},"properties":{"stop_id":"4855","stop_code":"4855","stop_name":"Plaza Castilla","routes":["179"]}},{"type":"Feature","geometry":{"type":"Point","coordinates":[-3.74399,40.37598]},"properties":{"stop_id":"4857","stop_code":"4857","stop_name":"María Odiaga - Federico Grases","routes":["108"]}},{"type":"Feature","geometry":{"type":"Point","coordinates":[-3.7427,40.37428]},"properties":{"stop_id":"4858","stop_code":"4858","stop_name":"Plaza De Los Navarros","routes":["108"]}},{"type":"Feature","geometry":{"type":"Point","coordinates":[-3.75214,40.38979]},"properties":{"stop_id":"4859","stop_code":"4859","stop_name":"Los Yébenes - Illescas","routes":["031"]}},{"type":"Feature","geometry":{"type":"Point","coordinates":[-3.66214,40.39218]},"properties":{"stop_id":"4861","stop_code":"4861","stop_name":"Arroyo Del Olivar - Monte Perdido","routes":["010"]}},{"type":"Feature","geometry":{"type":"Point","coordinates":[-3.67035,40.39907]},"properties":{"stop_id":"4864","stop_code":"4864","stop_name":"Puente De Vallecas","routes":["010","136","310","510","525"]}},{"type":"Feature","geometry":{"type":"Point","coordinates":[-3.69018,40.36678]},"properties":{"stop_id":"4865","stop_code":"4865","stop_name":"Avenida De Los Rosales - Silvina","routes":["023","512"]}},{"type":"Feature","geometry":{"type":"Point","coordinates":[-3.69013,40.367]},"properties":{"stop_id":"4866","stop_code":"4866","stop_name":"Avenida De Los Rosales - Silvina","routes":["023","512"]}},{"type":"Feature","geometry":{"type":"Point","coordinates":[-3.6886,40.36593]},"properties":{"stop_id":"4867","stop_code":"4867","stop_name":"Avenida De Los Rosales - Rutilo","routes":["023","512"]}},{"type":"Feature","geometry":{"type":"Point","coordinates":[-3.68854,40.36614]},"properties":{"stop_id":"4868","stop_code":"4868","stop_name":"Avenida De Los Rosales - Rutilo","routes":["023","512"]}},{"type":"Feature","geometry":{"type":"Point","coordinates":[-3.71149,40.4063]},"properties":{"stop_id":"4870","stop_code":"4870","stop_name":"Puerta De Toledo","routes":["363"]}},{"type":"Feature","geometry":{"type":"Point","coordinates":[-3.68594,40.35918]},"properties":{"stop_id":"4871","stop_code":"4871","stop_name":"Felicidad - Unanimidad","routes":["023","123"]}},{"type":"Feature","geometry":{"type":"Point","coordinates":[-3.70357,40.42631]},"properties":{"stop_id":"4876","stop_code":"4876","stop_name":"La Palma - San Andrés","routes":["362"]}},{"type":"Feature","geometry":{"type":"Point","coordinates":[-3.82677,40.47609]},"properties":{"stop_id":"4877","stop_code":"4877","stop_name":"Paradores - Guecho","routes":["162"]}},{"type":"Feature","geometry":{"type":"Point","coordinates":[-3.64676,40.44744]},"properties":{"stop_id":"4878","stop_code":"4878","stop_name":"Angelita Cavero","routes":["114","504"]}},{"type":"Feature","geometry":{"type":"Point","coordinates":[-3.64149,40.44775]},"properties":{"stop_id":"4879","stop_code":"4879","stop_name":"Telémaco","routes":["114","504"]}},{"type":"Feature","geometry":{"type":"Point","coordinates":[-3.69826,40.36874]},"properties":{"stop_id":"4880","stop_code":"4880","stop_name":"Moreja","routes":["078","116"]}},{"type":"Feature","geometry":{"type":"Point","coordinates":[-3.75184,40.38663]},"properties":{"stop_id":"4881","stop_code":"4881","stop_name":"Nuestra Señora De La Luz","routes":["017","526"]}},{"type":"Feature","geometry":{"type":"Point","coordinates":[-3.62445,40.44374]},"properties":{"stop_id":"4884","stop_code":"4884","stop_name":"Plaza Ensidesa","routes":["104"]}},{"type":"Feature","geometry":{"type":"Point","coordinates":[-3.61812,40.45692]},"properties":{"stop_id":"4885","stop_code":"4885","stop_name":"Avenida De Los Andes - Centro Comercial","routes":["104","112","122"]}},{"type":"Feature","geometry":{"type":"Point","coordinates":[-3.61823,40.4575]},"properties":{"stop_id":"4886","stop_code":"4886","stop_name":"Avenida De Los Andes - Centro Comercial","routes":["104","112","122"]}},{"type":"Feature","geometry":{"type":"Point","coordinates":[-3.61674,40.45985]},"properties":{"stop_id":"4887","stop_code":"4887","stop_name":"Consejo De Europa","routes":["104"]}},{"type":"Feature","geometry":{"type":"Point","coordinates":[-3.60779,40.4829]},"properties":{"stop_id":"4888","stop_code":"4888","stop_name":"Hospital Isabel Zendal","routes":["709","831"]}},{"type":"Feature","geometry":{"type":"Point","coordinates":[-3.61967,40.46164]},"properties":{"stop_id":"4889","stop_code":"4889","stop_name":"Ribera Del Loira - Sanitas","routes":["104"]}},{"type":"Feature","geometry":{"type":"Point","coordinates":[-3.61955,40.4614]},"properties":{"stop_id":"4890","stop_code":"4890","stop_name":"Ribera Del Loira - Sanitas","routes":["104"]}},{"type":"Feature","geometry":{"type":"Point","coordinates":[-3.62183,40.46337]},"properties":{"stop_id":"4891","stop_code":"4891","stop_name":"Ribera Del Loira - Partenón","routes":["104"]}},{"type":"Feature","geometry":{"type":"Point","coordinates":[-3.62201,40.4633]},"properties":{"stop_id":"4892","stop_code":"4892","stop_name":"Ribera Del Loira - Partenón","routes":["104"]}},{"type":"Feature","geometry":{"type":"Point","coordinates":[-3.62454,40.46656]},"properties":{"stop_id":"4893","stop_code":"4893","stop_name":"Ribera Del Loira - Xerox","routes":["104"]}},{"type":"Feature","geometry":{"type":"Point","coordinates":[-3.62452,40.46627]},"properties":{"stop_id":"4894","stop_code":"4894","stop_name":"Ribera Del Loira - Cámara De Comercio","routes":["104"]}},{"type":"Feature","geometry":{"type":"Point","coordinates":[-3.63109,40.46886]},"properties":{"stop_id":"4895","stop_code":"4895","stop_name":"Aconcagua - Nevado Cumbal","routes":["104","171","451"]}},{"type":"Feature","geometry":{"type":"Point","coordinates":[-3.63096,40.46869]},"properties":{"stop_id":"4896","stop_code":"4896","stop_name":"Aconcagua - Nevado Cumbal","routes":["104","171","451"]}},{"type":"Feature","geometry":{"type":"Point","coordinates":[-3.63435,40.4696]},"properties":{"stop_id":"4897","stop_code":"4897","stop_name":"Ayacucho - Nevado Del Ruiz","routes":["104","171","451"]}},{"type":"Feature","geometry":{"type":"Point","coordinates":[-3.63897,40.46955]},"properties":{"stop_id":"4898","stop_code":"4898","stop_name":"Mar De Cristal","routes":["171"]}},{"type":"Feature","geometry":{"type":"Point","coordinates":[-3.63732,40.4689]},"properties":{"stop_id":"4900","stop_code":"4900","stop_name":"Arequipa - Emigrantes","routes":["104","171","451"]}},{"type":"Feature","geometry":{"type":"Point","coordinates":[-3.63437,40.46859]},"properties":{"stop_id":"4901","stop_code":"4901","stop_name":"Arequipa - Aconcagua","routes":["104","171","451"]}},{"type":"Feature","geometry":{"type":"Point","coordinates":[-3.62215,40.45488]},"properties":{"stop_id":"4902","stop_code":"4902","stop_name":"Avenida De Los Andes - Machupichu","routes":["104","112","122"]}},{"type":"Feature","geometry":{"type":"Point","coordinates":[-3.62585,40.44554]},"properties":{"stop_id":"4903","stop_code":"4903","stop_name":"Plaza De Las Olivas","routes":["104"]}},{"type":"Feature","geometry":{"type":"Point","coordinates":[-3.68944,40.40783]},"properties":{"stop_id":"4904","stop_code":"4904","stop_name":"Atocha","routes":["010","014","026","032"]}},{"type":"Feature","geometry":{"type":"Point","coordinates":[-3.72365,40.40963]},"properties":{"stop_id":"4906","stop_code":"4906","stop_name":"Ermita Del Santo - Avenida Del Manzanares","routes":["025"]}},{"type":"Feature","geometry":{"type":"Point","coordinates":[-3.72345,40.40957]},"properties":{"stop_id":"4907","stop_code":"4907","stop_name":"Ermita Del Santo - Avenida Del Manzanares","routes":["025"]}},{"type":"Feature","geometry":{"type":"Point","coordinates":[-3.67876,40.4675]},"properties":{"stop_id":"4908","stop_code":"4908","stop_name":"Duque De Pastrana","routes":["070","107","129","833"]}},{"type":"Feature","geometry":{"type":"Point","coordinates":[-3.63797,40.46872]},"properties":{"stop_id":"4910","stop_code":"4910","stop_name":"Arequipa - Emigrantes","routes":["112","153"]}},{"type":"Feature","geometry":{"type":"Point","coordinates":[-3.63564,40.46458]},"properties":{"stop_id":"4911","stop_code":"4911","stop_name":"Machupichu - Mota Del Cuervo","routes":["112","153"]}},{"type":"Feature","geometry":{"type":"Point","coordinates":[-3.6355,40.46489]},"properties":{"stop_id":"4912","stop_code":"4912","stop_name":"Machupichu - Mota Del Cuervo","routes":["112","153","503"]}},{"type":"Feature","geometry":{"type":"Point","coordinates":[-3.63293,40.46074]},"properties":{"stop_id":"4913","stop_code":"4913","stop_name":"Machupichu - Manuel Rodrigo","routes":["112","122","153"]}},{"type":"Feature","geometry":{"type":"Point","coordinates":[-3.63293,40.46095]},"properties":{"stop_id":"4914","stop_code":"4914","stop_name":"Machupichu - Manuel Rodrigo","routes":["112","122","153"]}},{"type":"Feature","geometry":{"type":"Point","coordinates":[-3.61561,40.46365]},"properties":{"stop_id":"4915","stop_code":"4915","stop_name":"Feria De Madrid","routes":["112"]}},{"type":"Feature","geometry":{"type":"Point","coordinates":[-3.61343,40.46393]},"properties":{"stop_id":"4916","stop_code":"4916","stop_name":"Partenón - Hamburgo","routes":["112"]}},{"type":"Feature","geometry":{"type":"Point","coordinates":[-3.61319,40.46418]},"properties":{"stop_id":"4917","stop_code":"4917","stop_name":"Partenón - Hamburgo","routes":["112"]}},{"type":"Feature","geometry":{"type":"Point","coordinates":[-3.58286,40.46728]},"properties":{"stop_id":"4920","stop_code":"4920","stop_name":"Ermita Virgen De La Soledad","routes":["112"]}},{"type":"Feature","geometry":{"type":"Point","coordinates":[-3.58849,40.46286]},"properties":{"stop_id":"4921","stop_code":"4921","stop_name":"Avenida De Logroño - Polideportivo","routes":["105","112","115","504"]}},{"type":"Feature","geometry":{"type":"Point","coordinates":[-3.58792,40.46296]},"properties":{"stop_id":"4922","stop_code":"4922","stop_name":"Avenida De Logroño - Polideportivo","routes":["105","112","115","504"]}},{"type":"Feature","geometry":{"type":"Point","coordinates":[-3.58189,40.46745]},"properties":{"stop_id":"4923","stop_code":"4923","stop_name":"Ermita Virgen De La Soledad","routes":["112"]}},{"type":"Feature","geometry":{"type":"Point","coordinates":[-3.59304,40.46094]},"properties":{"stop_id":"4924","stop_code":"4924","stop_name":"Avenida De Logroño - Bahía De Cádiz","routes":["105","112","115","151","166","504"]}},{"type":"Feature","geometry":{"type":"Point","coordinates":[-3.68047,40.42343]},"properties":{"stop_id":"4925","stop_code":"4925","stop_name":"Príncipe De Vergara - Jorge Juan","routes":["052"]}},{"type":"Feature","geometry":{"type":"Point","coordinates":[-3.64945,40.47312]},"properties":{"stop_id":"4931","stop_code":"4931","stop_name":"San Luis - Santos De La Humosa","routes":["107","125","172","372"]}},{"type":"Feature","geometry":{"type":"Point","coordinates":[-3.6959,40.48837]},"properties":{"stop_id":"4932","stop_code":"4932","stop_name":"Hospital Ramón Y Cajal - Consultas","routes":["125","165","166","831"]}},{"type":"Feature","geometry":{"type":"Point","coordinates":[-3.69629,40.4877]},"properties":{"stop_id":"4934","stop_code":"4934","stop_name":"Hospital Ramón Y Cajal - Consultas","routes":["125","165","166"]}},{"type":"Feature","geometry":{"type":"Point","coordinates":[-3.66901,40.47784]},"properties":{"stop_id":"4935","stop_code":"4935","stop_name":"Arturo Soria - Caleruega","routes":["125","501"]}},{"type":"Feature","geometry":{"type":"Point","coordinates":[-3.66706,40.47979]},"properties":{"stop_id":"4946","stop_code":"4946","stop_name":"Pinar De Chamartín","routes":["029"]}},{"type":"Feature","geometry":{"type":"Point","coordinates":[-3.66693,40.47996]},"properties":{"stop_id":"4947","stop_code":"4947","stop_name":"Pinar De Chamartín","routes":["029"]}},{"type":"Feature","geometry":{"type":"Point","coordinates":[-3.66534,40.47863]},"properties":{"stop_id":"4948","stop_code":"4948","stop_name":"Bacares - Golfo De Salónica","routes":["029"]}},{"type":"Feature","geometry":{"type":"Point","coordinates":[-3.66288,40.47699]},"properties":{"stop_id":"4949","stop_code":"4949","stop_name":"Bacares - Vélez Blanco","routes":["029"]}},{"type":"Feature","geometry":{"type":"Point","coordinates":[-3.66461,40.47833]},"properties":{"stop_id":"4950","stop_code":"4950","stop_name":"Bacares - Golfo De Salónica","routes":["029"]}},{"type":"Feature","geometry":{"type":"Point","coordinates":[-3.67659,40.45838]},"properties":{"stop_id":"4951","stop_code":"4951","stop_name":"República Dominicana","routes":["087"]}},{"type":"Feature","geometry":{"type":"Point","coordinates":[-3.59379,40.4514]},"properties":{"stop_id":"4953","stop_code":"4953","stop_name":"Obenque - Velero","routes":["114"]}},{"type":"Feature","geometry":{"type":"Point","coordinates":[-3.59397,40.45146]},"properties":{"stop_id":"4954","stop_code":"4954","stop_name":"Obenque - Velero","routes":["114"]}},{"type":"Feature","geometry":{"type":"Point","coordinates":[-3.59129,40.45311]},"properties":{"stop_id":"4955","stop_code":"4955","stop_name":"Balandro - Canoa","routes":["114"]}},{"type":"Feature","geometry":{"type":"Point","coordinates":[-3.58855,40.45259]},"properties":{"stop_id":"4956","stop_code":"4956","stop_name":"Plaza Del Mar","routes":["114"]}},{"type":"Feature","geometry":{"type":"Point","coordinates":[-3.58858,40.4527]},"properties":{"stop_id":"4957","stop_code":"4957","stop_name":"Plaza Del Mar","routes":["114"]}},{"type":"Feature","geometry":{"type":"Point","coordinates":[-3.59098,40.45358]},"properties":{"stop_id":"4958","stop_code":"4958","stop_name":"Balandro - Canoa","routes":["114"]}},{"type":"Feature","geometry":{"type":"Point","coordinates":[-3.62409,40.43815]},"properties":{"stop_id":"4959","stop_code":"4959","stop_name":"Miguel Yuste - Albasanz","routes":["505"]}},{"type":"Feature","geometry":{"type":"Point","coordinates":[-3.70366,40.44713]},"properties":{"stop_id":"4966","stop_code":"4966","stop_name":"Cuatro Caminos","routes":["124"]}},{"type":"Feature","geometry":{"type":"Point","coordinates":[-3.713,40.49399]},"properties":{"stop_id":"4968","stop_code":"4968","stop_name":"Mirasierra","routes":["133","134"]}},{"type":"Feature","geometry":{"type":"Point","coordinates":[-3.62563,40.40627]},"properties":{"stop_id":"4973","stop_code":"4973","stop_name":"García Tapia - M40","routes":["100"]}},{"type":"Feature","geometry":{"type":"Point","coordinates":[-3.62537,40.40655]},"properties":{"stop_id":"4974","stop_code":"4974","stop_name":"García Tapia - M40","routes":["100"]}},{"type":"Feature","geometry":{"type":"Point","coordinates":[-3.67184,40.39651]},"properties":{"stop_id":"4975","stop_code":"4975","stop_name":"Cerro Negro","routes":["113","148"]}},{"type":"Feature","geometry":{"type":"Point","coordinates":[-3.67253,40.39614]},"properties":{"stop_id":"4976","stop_code":"4976","stop_name":"Cerro Negro","routes":["113","148"]}},{"type":"Feature","geometry":{"type":"Point","coordinates":[-3.65782,40.41053]},"properties":{"stop_id":"4977","stop_code":"4977","stop_name":"Corregidor Diego Valderrábano","routes":["030","032"]}},{"type":"Feature","geometry":{"type":"Point","coordinates":[-3.64345,40.40632]},"properties":{"stop_id":"4978","stop_code":"4978","stop_name":"Vinateros - Cañada","routes":["071"]}},{"type":"Feature","geometry":{"type":"Point","coordinates":[-3.64317,40.40636]},"properties":{"stop_id":"4979","stop_code":"4979","stop_name":"Vinateros - Cañada","routes":["071"]}},{"type":"Feature","geometry":{"type":"Point","coordinates":[-3.6833,40.35301]},"properties":{"stop_id":"4980","stop_code":"4980","stop_name":"Villaverde Bajo Cercanías","routes":["085","123"]}},{"type":"Feature","geometry":{"type":"Point","coordinates":[-3.68163,40.35338]},"properties":{"stop_id":"4981","stop_code":"4981","stop_name":"Vicente Carballal","routes":["085","123"]}},{"type":"Feature","geometry":{"type":"Point","coordinates":[-3.67819,40.35161]},"properties":{"stop_id":"4982","stop_code":"4982","stop_name":"Centro Cultural Los Rosales","routes":["085","123","512"]}},{"type":"Feature","geometry":{"type":"Point","coordinates":[-3.67834,40.35251]},"properties":{"stop_id":"4983","stop_code":"4983","stop_name":"Centro Cultural Los Rosales","routes":["085","123","512"]}},{"type":"Feature","geometry":{"type":"Point","coordinates":[-3.67677,40.34635]},"properties":{"stop_id":"4984","stop_code":"4984","stop_name":"Berrocal - Canchal","routes":["085","123","512"]}},{"type":"Feature","geometry":{"type":"Point","coordinates":[-3.69415,40.40726]},"properties":{"stop_id":"4985","stop_code":"4985","stop_name":"Museo Reina Sofía","routes":["034","069","363","512","515","517","530"]}},{"type":"Feature","geometry":{"type":"Point","coordinates":[-3.75335,40.40591]},"properties":{"stop_id":"4987","stop_code":"4987","stop_name":"Villamanín","routes":["065","866"]}},{"type":"Feature","geometry":{"type":"Point","coordinates":[-3.65805,40.38667]},"properties":{"stop_id":"4990","stop_code":"4990","stop_name":"Javier De Miguel - Costabona","routes":["310"]}},{"type":"Feature","geometry":{"type":"Point","coordinates":[-3.68295,40.44301]},"properties":{"stop_id":"4999","stop_code":"4999","stop_name":"Joaquín Costa - Velázquez","routes":["069","530"]}},{"type":"Feature","geometry":{"type":"Point","coordinates":[-3.70952,40.34649]},"properties":{"stop_id":"5000","stop_code":"5000","stop_name":"Alberto Palacios - Plaza De Ágata","routes":["079"]}},{"type":"Feature","geometry":{"type":"Point","coordinates":[-3.67715,40.42433]},"properties":{"stop_id":"5002","stop_code":"5002","stop_name":"Felipe II","routes":["043"]}},{"type":"Feature","geometry":{"type":"Point","coordinates":[-3.71277,40.36825]},"properties":{"stop_id":"5007","stop_code":"5007","stop_name":"Rafaela Ybarra - Alzola","routes":["060"]}},{"type":"Feature","geometry":{"type":"Point","coordinates":[-3.71044,40.36639]},"properties":{"stop_id":"5008","stop_code":"5008","stop_name":"Simca - Talbot","routes":["060"]}},{"type":"Feature","geometry":{"type":"Point","coordinates":[-3.71124,40.36656]},"properties":{"stop_id":"5009","stop_code":"5009","stop_name":"Simca - Dodge","routes":["060"]}},{"type":"Feature","geometry":{"type":"Point","coordinates":[-3.70837,40.3664]},"properties":{"stop_id":"5010","stop_code":"5010","stop_name":"Simca - Horizon","routes":["060"]}},{"type":"Feature","geometry":{"type":"Point","coordinates":[-3.70892,40.36657]},"properties":{"stop_id":"5011","stop_code":"5011","stop_name":"Simca - Horizon","routes":["060"]}},{"type":"Feature","geometry":{"type":"Point","coordinates":[-3.70594,40.36655]},"properties":{"stop_id":"5012","stop_code":"5012","stop_name":"Orcasitas","routes":["060"]}},{"type":"Feature","geometry":{"type":"Point","coordinates":[-3.69016,40.46669]},"properties":{"stop_id":"5014","stop_code":"5014","stop_name":"Avenida De Asturias - Plaza De Castilla","routes":["523"]}},{"type":"Feature","geometry":{"type":"Point","coordinates":[-3.69053,40.46646]},"properties":{"stop_id":"5015","stop_code":"5015","stop_name":"Avenida De Asturias - Plaza De Castilla","routes":["042","523"]}},{"type":"Feature","geometry":{"type":"Point","coordinates":[-3.69404,40.46855]},"properties":{"stop_id":"5016","stop_code":"5016","stop_name":"Avenida De Asturias - Cañaveral","routes":["042","523"]}},{"type":"Feature","geometry":{"type":"Point","coordinates":[-3.69426,40.46838]},"properties":{"stop_id":"5017","stop_code":"5017","stop_name":"Avenida De Asturias - Cañaveral","routes":["042","523"]}},{"type":"Feature","geometry":{"type":"Point","coordinates":[-3.69613,40.47004]},"properties":{"stop_id":"5018","stop_code":"5018","stop_name":"Metro La Ventilla","routes":["042","523"]}},{"type":"Feature","geometry":{"type":"Point","coordinates":[-3.69637,40.46991]},"properties":{"stop_id":"5019","stop_code":"5019","stop_name":"Metro La Ventilla","routes":["042","523"]}},{"type":"Feature","geometry":{"type":"Point","coordinates":[-3.69888,40.472]},"properties":{"stop_id":"5020","stop_code":"5020","stop_name":"Avenida De Asturias - Pinos Baja","routes":["042","177","523"]}},{"type":"Feature","geometry":{"type":"Point","coordinates":[-3.69909,40.47187]},"properties":{"stop_id":"5021","stop_code":"5021","stop_name":"Avenida De Asturias - Pinos Baja","routes":["042","523"]}},{"type":"Feature","geometry":{"type":"Point","coordinates":[-3.61585,40.45973]},"properties":{"stop_id":"5022","stop_code":"5022","stop_name":"Consejo De Europa - Juan De Borbón","routes":["104","112","122"]}},{"type":"Feature","geometry":{"type":"Point","coordinates":[-3.61675,40.45929]},"properties":{"stop_id":"5023","stop_code":"5023","stop_name":"Consejo De Europa - Juan De Borbón","routes":["104","112","122"]}},{"type":"Feature","geometry":{"type":"Point","coordinates":[-3.66753,40.43952]},"properties":{"stop_id":"5025","stop_code":"5025","stop_name":"Parque De Las Avenidas","routes":["074"]}},{"type":"Feature","geometry":{"type":"Point","coordinates":[-3.62283,40.39773]},"properties":{"stop_id":"5027","stop_code":"5027","stop_name":"Indalecio Prieto - José Prat","routes":["008","071"]}},{"type":"Feature","geometry":{"type":"Point","coordinates":[-3.62526,40.3957]},"properties":{"stop_id":"5028","stop_code":"5028","stop_name":"Copérnico","routes":["008","071"]}},{"type":"Feature","geometry":{"type":"Point","coordinates":[-3.62538,40.39594]},"properties":{"stop_id":"5029","stop_code":"5029","stop_name":"Copérnico","routes":["008","071"]}},{"type":"Feature","geometry":{"type":"Point","coordinates":[-3.623,40.39562]},"properties":{"stop_id":"5030","stop_code":"5030","stop_name":"Indalecio Prieto - Copérnico","routes":["008","071"]}},{"type":"Feature","geometry":{"type":"Point","coordinates":[-3.62361,40.39576]},"properties":{"stop_id":"5031","stop_code":"5031","stop_name":"Indalecio Prieto - Copérnico","routes":["008","071"]}},{"type":"Feature","geometry":{"type":"Point","coordinates":[-3.61976,40.40266]},"properties":{"stop_id":"5032","stop_code":"5032","stop_name":"Indalecio Prieto - Los Juglares","routes":["008"]}},{"type":"Feature","geometry":{"type":"Point","coordinates":[-3.61948,40.40387]},"properties":{"stop_id":"5033","stop_code":"5033","stop_name":"Valdebernardo","routes":["008"]}},{"type":"Feature","geometry":{"type":"Point","coordinates":[-3.67651,40.4243]},"properties":{"stop_id":"5034","stop_code":"5034","stop_name":"Felipe II","routes":["015","029","215","402","403"]}},{"type":"Feature","geometry":{"type":"Point","coordinates":[-3.69414,40.39778]},"properties":{"stop_id":"5036","stop_code":"5036","stop_name":"Delicias - Cáceres","routes":["008","019","045","047","059","085","086","247"]}},{"type":"Feature","geometry":{"type":"Point","coordinates":[-3.64876,40.37191]},"properties":{"stop_id":"5037","stop_code":"5037","stop_name":"Cº Pozo Tio Raimundo - Cº Hormigueras","routes":["130"]}},{"type":"Feature","geometry":{"type":"Point","coordinates":[-3.64902,40.37261]},"properties":{"stop_id":"5038","stop_code":"5038","stop_name":"Hormigueras - Camino Del Pozo","routes":["454"]}},{"type":"Feature","geometry":{"type":"Point","coordinates":[-3.6482,40.3728]},"properties":{"stop_id":"5039","stop_code":"5039","stop_name":"Hormigueras - Camino Del Pozo","routes":["130","454"]}},{"type":"Feature","geometry":{"type":"Point","coordinates":[-3.64678,40.44803]},"properties":{"stop_id":"5040","stop_code":"5040","stop_name":"El Salvador","routes":["021"]}},{"type":"Feature","geometry":{"type":"Point","coordinates":[-3.70333,40.37089]},"properties":{"stop_id":"5045","stop_code":"5045","stop_name":"Avenida De Los Poblados - Tolosa Latour","routes":["081","121"]}},{"type":"Feature","geometry":{"type":"Point","coordinates":[-3.72542,40.38284]},"properties":{"stop_id":"5046","stop_code":"5046","stop_name":"Abrantes - Pelicano","routes":["047","108"]}},{"type":"Feature","geometry":{"type":"Point","coordinates":[-3.55295,40.40559]},"properties":{"stop_id":"5049","stop_code":"5049","stop_name":"Blas De Lezo - Ilusión","routes":["405","506"]}},{"type":"Feature","geometry":{"type":"Point","coordinates":[-3.71635,40.38513]},"properties":{"stop_id":"5050","stop_code":"5050","stop_name":"Plaza Elíptica","routes":["060","081","869"]}},{"type":"Feature","geometry":{"type":"Point","coordinates":[-3.7192,40.38519]},"properties":{"stop_id":"5051","stop_code":"5051","stop_name":"Intercambiador Plaza Elíptica","routes":["055","081","517"]}},{"type":"Feature","geometry":{"type":"Point","coordinates":[-3.61739,40.3698]},"properties":{"stop_id":"5052","stop_code":"5052","stop_name":"Avenida Villa De Vallecas - Congosto","routes":["142"]}},{"type":"Feature","geometry":{"type":"Point","coordinates":[-3.61863,40.37077]},"properties":{"stop_id":"5053","stop_code":"5053","stop_name":"Congosto","routes":["142"]}},{"type":"Feature","geometry":{"type":"Point","coordinates":[-3.69242,40.38961]},"properties":{"stop_id":"5054","stop_code":"5054","stop_name":"Plaza De Italia","routes":["062","148","156","513"]}},{"type":"Feature","geometry":{"type":"Point","coordinates":[-3.64627,40.3944]},"properties":{"stop_id":"5055","stop_code":"5055","stop_name":"Benjamín Palencia - Tossa","routes":["054"]}},{"type":"Feature","geometry":{"type":"Point","coordinates":[-3.64629,40.39459]},"properties":{"stop_id":"5056","stop_code":"5056","stop_name":"Benjamín Palencia - Tossa","routes":["054","510"]}},{"type":"Feature","geometry":{"type":"Point","coordinates":[-3.7327,40.37371]},"properties":{"stop_id":"5057","stop_code":"5057","stop_name":"Avenida De Los Poblados - Vía Lusitana","routes":["116","121","131","155"]}},{"type":"Feature","geometry":{"type":"Point","coordinates":[-3.73967,40.37869]},"properties":{"stop_id":"5058","stop_code":"5058","stop_name":"Padre Amigo","routes":["108"]}},{"type":"Feature","geometry":{"type":"Point","coordinates":[-3.74688,40.37287]},"properties":{"stop_id":"5059","stop_code":"5059","stop_name":"Antonia Rodríguez Sacristán - Centro Salud","routes":["108","118","516"]}},{"type":"Feature","geometry":{"type":"Point","coordinates":[-3.67367,40.48732]},"properties":{"stop_id":"5061","stop_code":"5061","stop_name":"Nudo De Manoteras","routes":["174","833"]}},{"type":"Feature","geometry":{"type":"Point","coordinates":[-3.7601,40.38583]},"properties":{"stop_id":"5064","stop_code":"5064","stop_name":"Aluche","routes":["017","031","518","526"]}},{"type":"Feature","geometry":{"type":"Point","coordinates":[-3.76087,40.38612]},"properties":{"stop_id":"5065","stop_code":"5065","stop_name":"Intercambiador De Aluche","routes":["138"]}},{"type":"Feature","geometry":{"type":"Point","coordinates":[-3.70463,40.35543]},"properties":{"stop_id":"5066","stop_code":"5066","stop_name":"Eduardo Barreiros - El Caserío","routes":["076"]}},{"type":"Feature","geometry":{"type":"Point","coordinates":[-3.70481,40.35543]},"properties":{"stop_id":"5067","stop_code":"5067","stop_name":"Eduardo Barreiros - El Caserío","routes":["076"]}},{"type":"Feature","geometry":{"type":"Point","coordinates":[-3.70319,40.35771]},"properties":{"stop_id":"5068","stop_code":"5068","stop_name":"Eduardo Barreiros - Asombro De Damasco","routes":["076"]}},{"type":"Feature","geometry":{"type":"Point","coordinates":[-3.70337,40.35772]},"properties":{"stop_id":"5069","stop_code":"5069","stop_name":"Eduardo Barreiros - Asombro De Damasco","routes":["076"]}},{"type":"Feature","geometry":{"type":"Point","coordinates":[-3.71238,40.40752]},"properties":{"stop_id":"5070","stop_code":"5070","stop_name":"Puerta De Toledo","routes":["003"]}},{"type":"Feature","geometry":{"type":"Point","coordinates":[-3.81041,40.47033]},"properties":{"stop_id":"5071","stop_code":"5071","stop_name":"Motrico","routes":["162"]}},{"type":"Feature","geometry":{"type":"Point","coordinates":[-3.6772,40.34578]},"properties":{"stop_id":"5072","stop_code":"5072","stop_name":"Berrocal - Canchal","routes":["085","123","512"]}},{"type":"Feature","geometry":{"type":"Point","coordinates":[-3.67487,40.34136]},"properties":{"stop_id":"5073","stop_code":"5073","stop_name":"Plaza De Los Metales","routes":["085","123","512"]}},{"type":"Feature","geometry":{"type":"Point","coordinates":[-3.6754,40.34127]},"properties":{"stop_id":"5074","stop_code":"5074","stop_name":"Plaza De Los Metales","routes":["085","123","512"]}},{"type":"Feature","geometry":{"type":"Point","coordinates":[-3.67695,40.42415]},"properties":{"stop_id":"5075","stop_code":"5075","stop_name":"Felipe II","routes":["029"]}},{"type":"Feature","geometry":{"type":"Point","coordinates":[-3.63591,40.43843]},"properties":{"stop_id":"5076","stop_code":"5076","stop_name":"Alcalá - General Aranaz","routes":["077","104","505"]}},{"type":"Feature","geometry":{"type":"Point","coordinates":[-3.63329,40.43911]},"properties":{"stop_id":"5077","stop_code":"5077","stop_name":"Alcalá - Santa Leonor","routes":["077","104","505"]}},{"type":"Feature","geometry":{"type":"Point","coordinates":[-3.71509,40.39571]},"properties":{"stop_id":"5078","stop_code":"5078","stop_name":"Antonio De Leyva - Jacinto Verdaguer","routes":["116"]}},{"type":"Feature","geometry":{"type":"Point","coordinates":[-3.7162,40.38965]},"properties":{"stop_id":"5079","stop_code":"5079","stop_name":"Antonio De Leyva - Alejandro Sánchez","routes":["116"]}},{"type":"Feature","geometry":{"type":"Point","coordinates":[-3.71544,40.39395]},"properties":{"stop_id":"5080","stop_code":"5080","stop_name":"Parque Comillas","routes":["116"]}},{"type":"Feature","geometry":{"type":"Point","coordinates":[-3.6835,40.37746]},"properties":{"stop_id":"5081","stop_code":"5081","stop_name":"Viveros Raga","routes":["180","453"]}},{"type":"Feature","geometry":{"type":"Point","coordinates":[-3.68316,40.37778]},"properties":{"stop_id":"5082","stop_code":"5082","stop_name":"Viveros Raga","routes":["180","453"]}},{"type":"Feature","geometry":{"type":"Point","coordinates":[-3.68013,40.36995]},"properties":{"stop_id":"5083","stop_code":"5083","stop_name":"Caja Mágica","routes":["180","453"]}},{"type":"Feature","geometry":{"type":"Point","coordinates":[-3.68007,40.37012]},"properties":{"stop_id":"5084","stop_code":"5084","stop_name":"Caja Mágica","routes":["180","453"]}},{"type":"Feature","geometry":{"type":"Point","coordinates":[-3.6853,40.35376]},"properties":{"stop_id":"5085","stop_code":"5085","stop_name":"Campos Ibáñez - Paseo De La Estación","routes":["085","123"]}},{"type":"Feature","geometry":{"type":"Point","coordinates":[-3.68539,40.3539]},"properties":{"stop_id":"5086","stop_code":"5086","stop_name":"Campos Ibáñez - Paseo De La Estación","routes":["085","123"]}},{"type":"Feature","geometry":{"type":"Point","coordinates":[-3.7126,40.37814]},"properties":{"stop_id":"5087","stop_code":"5087","stop_name":"Rafaela Ybarra - Pradolongo","routes":["078"]}},{"type":"Feature","geometry":{"type":"Point","coordinates":[-3.67661,40.42412]},"properties":{"stop_id":"5091","stop_code":"5091","stop_name":"Felipe II","routes":["152"]}},{"type":"Feature","geometry":{"type":"Point","coordinates":[-3.67621,40.4241]},"properties":{"stop_id":"5092","stop_code":"5092","stop_name":"Felipe II","routes":["030"]}},{"type":"Feature","geometry":{"type":"Point","coordinates":[-3.67609,40.42412]},"properties":{"stop_id":"5093","stop_code":"5093","stop_name":"Felipe II","routes":["015","068","503"]}},{"type":"Feature","geometry":{"type":"Point","coordinates":[-3.74462,40.39947]},"properties":{"stop_id":"5094","stop_code":"5094","stop_name":"Laguna","routes":["031","055","119","158","518","869"]}},{"type":"Feature","geometry":{"type":"Point","coordinates":[-3.61644,40.4633]},"properties":{"stop_id":"5097","stop_code":"5097","stop_name":"Feria De Madrid","routes":["112","122"]}},{"type":"Feature","geometry":{"type":"Point","coordinates":[-3.70838,40.44785]},"properties":{"stop_id":"5098","stop_code":"5098","stop_name":"Cruz Roja","routes":["044","127"]}},{"type":"Feature","geometry":{"type":"Point","coordinates":[-3.74065,40.36748]},"properties":{"stop_id":"5099","stop_code":"5099","stop_name":"Cementerio Carabanchel","routes":["108"]}},{"type":"Feature","geometry":{"type":"Point","coordinates":[-3.74421,40.39759]},"properties":{"stop_id":"5100","stop_code":"5100","stop_name":"Alhambra - Cullera","routes":["031","055","119"]}},{"type":"Feature","geometry":{"type":"Point","coordinates":[-3.61625,40.46057]},"properties":{"stop_id":"5102","stop_code":"5102","stop_name":"Juan De Borbón - Ribera Del Sena","routes":["104"]}},{"type":"Feature","geometry":{"type":"Point","coordinates":[-3.70191,40.40509]},"properties":{"stop_id":"5104","stop_code":"5104","stop_name":"Embajadores","routes":["069","530"]}},{"type":"Feature","geometry":{"type":"Point","coordinates":[-3.69619,40.4967]},"properties":{"stop_id":"5105","stop_code":"5105","stop_name":"Fuencarral","routes":["066"]}},{"type":"Feature","geometry":{"type":"Point","coordinates":[-3.59639,40.40259]},"properties":{"stop_id":"5108","stop_code":"5108","stop_name":"Puerta Arganda","routes":["100","405","507"]}},{"type":"Feature","geometry":{"type":"Point","coordinates":[-3.59621,40.40239]},"properties":{"stop_id":"5109","stop_code":"5109","stop_name":"Puerta Arganda","routes":["100","405","507"]}},{"type":"Feature","geometry":{"type":"Point","coordinates":[-3.59943,40.40293]},"properties":{"stop_id":"5110","stop_code":"5110","stop_name":"San Cipriano - Minerva","routes":["071","100","507"]}},{"type":"Feature","geometry":{"type":"Point","coordinates":[-3.59896,40.403]},"properties":{"stop_id":"5111","stop_code":"5111","stop_name":"San Cipriano - Minerva","routes":["071","100","507"]}},{"type":"Feature","geometry":{"type":"Point","coordinates":[-3.60232,40.39993]},"properties":{"stop_id":"5112","stop_code":"5112","stop_name":"Minerva - Omega","routes":["071","100","403","507"]}},{"type":"Feature","geometry":{"type":"Point","coordinates":[-3.60182,40.40008]},"properties":{"stop_id":"5113","stop_code":"5113","stop_name":"Minerva - Omega","routes":["071","100","507"]}},{"type":"Feature","geometry":{"type":"Point","coordinates":[-3.60493,40.39791]},"properties":{"stop_id":"5114","stop_code":"5114","stop_name":"Minerva - Caliza","routes":["071","100","403"]}},{"type":"Feature","geometry":{"type":"Point","coordinates":[-3.60414,40.39802]},"properties":{"stop_id":"5115","stop_code":"5115","stop_name":"Minerva - Caliza","routes":["071","100","403","507"]}},{"type":"Feature","geometry":{"type":"Point","coordinates":[-3.60632,40.39664]},"properties":{"stop_id":"5116","stop_code":"5116","stop_name":"Valderrivas","routes":["100","403","507"]}},{"type":"Feature","geometry":{"type":"Point","coordinates":[-3.60696,40.39761]},"properties":{"stop_id":"5118","stop_code":"5118","stop_name":"Marmolina","routes":["100","403"]}},{"type":"Feature","geometry":{"type":"Point","coordinates":[-3.65099,40.48933]},"properties":{"stop_id":"5121","stop_code":"5121","stop_name":"Príncipe Carlos - Alc. Álvarez Villaamil","routes":["170"]}},{"type":"Feature","geometry":{"type":"Point","coordinates":[-3.65228,40.49202]},"properties":{"stop_id":"5122","stop_code":"5122","stop_name":"Ingeniero Herrera - Príncipe Carlos","routes":["170"]}},{"type":"Feature","geometry":{"type":"Point","coordinates":[-3.65106,40.49577]},"properties":{"stop_id":"5123","stop_code":"5123","stop_name":"Niceto Alcalá Zamora - Octavio Paz","routes":["170"]}},{"type":"Feature","geometry":{"type":"Point","coordinates":[-3.69105,40.37889]},"properties":{"stop_id":"5124","stop_code":"5124","stop_name":"Camino De Perales - San Mario","routes":["023","123","512"]}},{"type":"Feature","geometry":{"type":"Point","coordinates":[-3.69089,40.37901]},"properties":{"stop_id":"5125","stop_code":"5125","stop_name":"Camino De Perales - San Mario","routes":["023","123","512"]}},{"type":"Feature","geometry":{"type":"Point","coordinates":[-3.83316,40.478]},"properties":{"stop_id":"5127","stop_code":"5127","stop_name":"Paradores - Avenida De Casaquemada","routes":["162"]}},{"type":"Feature","geometry":{"type":"Point","coordinates":[-3.69471,40.39122]},"properties":{"stop_id":"5128","stop_code":"5128","stop_name":"Legazpi","routes":["008","045","870"]}},{"type":"Feature","geometry":{"type":"Point","coordinates":[-3.65131,40.49549]},"properties":{"stop_id":"5129","stop_code":"5129","stop_name":"Niceto Alcalá Zamora - Octavio Paz","routes":["170"]}},{"type":"Feature","geometry":{"type":"Point","coordinates":[-3.68606,40.5073]},"properties":{"stop_id":"5130","stop_code":"5130","stop_name":"Monasterio De Arlanza - Nuestra Señora De Valverde","routes":["170"]}},{"type":"Feature","geometry":{"type":"Point","coordinates":[-3.6626,40.47657]},"properties":{"stop_id":"5133","stop_code":"5133","stop_name":"Manoteras","routes":["129"]}},{"type":"Feature","geometry":{"type":"Point","coordinates":[-3.69626,40.41907]},"properties":{"stop_id":"5135","stop_code":"5135","stop_name":"Círculo De Bellas Artes","routes":["001","002","074","146","361"]}},{"type":"Feature","geometry":{"type":"Point","coordinates":[-3.69943,40.41983]},"properties":{"stop_id":"5137","stop_code":"5137","stop_name":"Gran Vía - Pedro Zerolo","routes":["001","002","074","146","361","516","518","519","520","521"]}},{"type":"Feature","geometry":{"type":"Point","coordinates":[-3.69935,40.41957]},"properties":{"stop_id":"5138","stop_code":"5138","stop_name":"Gran Vía - Pedro Zerolo","routes":["001","002","003","046","074","146","361","362","516","518","519","520","521"]}},{"type":"Feature","geometry":{"type":"Point","coordinates":[-3.70996,40.42269]},"properties":{"stop_id":"5139","stop_code":"5139","stop_name":"Gran Vía - Plaza De España","routes":["044","075","133","148"]}},{"type":"Feature","geometry":{"type":"Point","coordinates":[-3.72079,40.44883]},"properties":{"stop_id":"5140","stop_code":"5140","stop_name":"Ramiro De Maeztu - Bernardo Torre Rojas","routes":["091","132"]}},{"type":"Feature","geometry":{"type":"Point","coordinates":[-3.71883,40.44623]},"properties":{"stop_id":"5141","stop_code":"5141","stop_name":"Vicente Aleixandre","routes":["069","530"]}},{"type":"Feature","geometry":{"type":"Point","coordinates":[-3.67501,40.40085]},"properties":{"stop_id":"5143","stop_code":"5143","stop_name":"Pacífico","routes":["008"]}},{"type":"Feature","geometry":{"type":"Point","coordinates":[-3.68581,40.40086]},"properties":{"stop_id":"5144","stop_code":"5144","stop_name":"Méndez Álvaro - Bustamante","routes":["008","102"]}},{"type":"Feature","geometry":{"type":"Point","coordinates":[-3.75322,40.39034]},"properties":{"stop_id":"5145","stop_code":"5145","stop_name":"Illescas 90","routes":["031"]}},{"type":"Feature","geometry":{"type":"Point","coordinates":[-3.66585,40.42969]},"properties":{"stop_id":"5146","stop_code":"5146","stop_name":"Alcalá - Cardenal Belluga","routes":["021","038","053","106","110","146","210"]}},{"type":"Feature","geometry":{"type":"Point","coordinates":[-3.72033,40.4353]},"properties":{"stop_id":"5147","stop_code":"5147","stop_name":"Moncloa","routes":["093"]}},{"type":"Feature","geometry":{"type":"Point","coordinates":[-3.70533,40.41483]},"properties":{"stop_id":"5148","stop_code":"5148","stop_name":"Plaza Mayor","routes":["050"]}},{"type":"Feature","geometry":{"type":"Point","coordinates":[-3.62642,40.39139]},"properties":{"stop_id":"5150","stop_code":"5150","stop_name":"Mediterráneo - Politécnico","routes":["063","145"]}},{"type":"Feature","geometry":{"type":"Point","coordinates":[-3.67084,40.51405]},"properties":{"stop_id":"5151","stop_code":"5151","stop_name":"Portomarín - Isabel Colbrand","routes":["170"]}},{"type":"Feature","geometry":{"type":"Point","coordinates":[-3.67102,40.51386]},"properties":{"stop_id":"5152","stop_code":"5152","stop_name":"Portomarín - Isabel Colbrand","routes":["170"]}},{"type":"Feature","geometry":{"type":"Point","coordinates":[-3.64724,40.4459]},"properties":{"stop_id":"5153","stop_code":"5153","stop_name":"Arturo Soria - Pilar Cavero","routes":["021"]}},{"type":"Feature","geometry":{"type":"Point","coordinates":[-3.70953,40.34655]},"properties":{"stop_id":"5154","stop_code":"5154","stop_name":"Plaza Del Ágata","routes":["022","079"]}},{"type":"Feature","geometry":{"type":"Point","coordinates":[-3.61871,40.4398]},"properties":{"stop_id":"5155","stop_code":"5155","stop_name":"Plaza De Cronos","routes":["028","153"]}},{"type":"Feature","geometry":{"type":"Point","coordinates":[-3.70758,40.4131]},"properties":{"stop_id":"5156","stop_code":"5156","stop_name":"Toledo - Colegiata San Isidro","routes":["362","603"]}},{"type":"Feature","geometry":{"type":"Point","coordinates":[-3.78112,40.37571]},"properties":{"stop_id":"5159","stop_code":"5159","stop_name":"Avenida De La Aviación - Mirabel","routes":["039","138","139","519"]}},{"type":"Feature","geometry":{"type":"Point","coordinates":[-3.68123,40.40411]},"properties":{"stop_id":"5160","stop_code":"5160","stop_name":"Metro Menéndez Pelayo","routes":["102","152","511","513"]}},{"type":"Feature","geometry":{"type":"Point","coordinates":[-3.77053,40.36054]},"properties":{"stop_id":"5162","stop_code":"5162","stop_name":"Pinar De San José - Hospitalidad","routes":["832"]}},{"type":"Feature","geometry":{"type":"Point","coordinates":[-3.62405,40.38135]},"properties":{"stop_id":"5163","stop_code":"5163","stop_name":"Sierra Guadalupe - San Jaime","routes":["054","058","103","142","143","509","525"]}},{"type":"Feature","geometry":{"type":"Point","coordinates":[-3.71532,40.49683]},"properties":{"stop_id":"5164","stop_code":"5164","stop_name":"Costa Brava - Moralzarzal","routes":["170"]}},{"type":"Feature","geometry":{"type":"Point","coordinates":[-3.7152,40.49668]},"properties":{"stop_id":"5165","stop_code":"5165","stop_name":"Costa Brava - Moralzarzal","routes":["170"]}},{"type":"Feature","geometry":{"type":"Point","coordinates":[-3.68597,40.50767]},"properties":{"stop_id":"5166","stop_code":"5166","stop_name":"Monasterio De Arlanza - Nuestra Señora De Valverde","routes":["170"]}},{"type":"Feature","geometry":{"type":"Point","coordinates":[-3.67862,40.44861]},"properties":{"stop_id":"5167","stop_code":"5167","stop_name":"Plaza De Cataluña","routes":["019"]}},{"type":"Feature","geometry":{"type":"Point","coordinates":[-3.73155,40.49044]},"properties":{"stop_id":"5169","stop_code":"5169","stop_name":"Gloria Fuertes - María Montessori","routes":["170"]}},{"type":"Feature","geometry":{"type":"Point","coordinates":[-3.73138,40.48809]},"properties":{"stop_id":"5170","stop_code":"5170","stop_name":"María De Maeztu - Irene Caba Alba","routes":["170"]}},{"type":"Feature","geometry":{"type":"Point","coordinates":[-3.76101,40.40358]},"properties":{"stop_id":"5173","stop_code":"5173","stop_name":"Casa De Campo","routes":["033"]}},{"type":"Feature","geometry":{"type":"Point","coordinates":[-3.72881,40.49231]},"properties":{"stop_id":"5174","stop_code":"5174","stop_name":"Gloria Fuertes - Federica Montseny","routes":["170"]}},{"type":"Feature","geometry":{"type":"Point","coordinates":[-3.7606,40.40358]},"properties":{"stop_id":"5175","stop_code":"5175","stop_name":"Casa De Campo","routes":["025"]}},{"type":"Feature","geometry":{"type":"Point","coordinates":[-3.72676,40.49355]},"properties":{"stop_id":"5176","stop_code":"5176","stop_name":"Senda Del Infante - Gloria Fuertes","routes":["170"]}},{"type":"Feature","geometry":{"type":"Point","coordinates":[-3.75529,40.39546]},"properties":{"stop_id":"5178","stop_code":"5178","stop_name":"Camarena - Centro De Salud","routes":["025","518"]}},{"type":"Feature","geometry":{"type":"Point","coordinates":[-3.75497,40.39549]},"properties":{"stop_id":"5179","stop_code":"5179","stop_name":"Camarena - Centro De Salud","routes":["025","518"]}},{"type":"Feature","geometry":{"type":"Point","coordinates":[-3.76229,40.39402]},"properties":{"stop_id":"5180","stop_code":"5180","stop_name":"Illescas 103","routes":["025","121"]}},{"type":"Feature","geometry":{"type":"Point","coordinates":[-3.76531,40.39701]},"properties":{"stop_id":"5181","stop_code":"5181","stop_name":"Seseña - Centro De Salud","routes":["025"]}},{"type":"Feature","geometry":{"type":"Point","coordinates":[-3.76232,40.39831]},"properties":{"stop_id":"5182","stop_code":"5182","stop_name":"Seseña - Escalona","routes":["025"]}},{"type":"Feature","geometry":{"type":"Point","coordinates":[-3.76259,40.3984]},"properties":{"stop_id":"5183","stop_code":"5183","stop_name":"Seseña - Escalona","routes":["025"]}},{"type":"Feature","geometry":{"type":"Point","coordinates":[-3.75755,40.39762]},"properties":{"stop_id":"5184","stop_code":"5184","stop_name":"Seseña - Valmojado","routes":["025"]}},{"type":"Feature","geometry":{"type":"Point","coordinates":[-3.75718,40.39732]},"properties":{"stop_id":"5185","stop_code":"5185","stop_name":"Seseña - Valmojado","routes":["025"]}},{"type":"Feature","geometry":{"type":"Point","coordinates":[-3.75441,40.40025]},"properties":{"stop_id":"5186","stop_code":"5186","stop_name":"Sepúlveda - Concejal Francisco Jiménez","routes":["039","055"]}},{"type":"Feature","geometry":{"type":"Point","coordinates":[-3.75457,40.40007]},"properties":{"stop_id":"5187","stop_code":"5187","stop_name":"Sepúlveda - Concejal Francisco Jiménez","routes":["039","055"]}},{"type":"Feature","geometry":{"type":"Point","coordinates":[-3.75637,40.39844]},"properties":{"stop_id":"5188","stop_code":"5188","stop_name":"Sepúlveda - Los Yébenes","routes":["036","039","055","519"]}},{"type":"Feature","geometry":{"type":"Point","coordinates":[-3.75597,40.39827]},"properties":{"stop_id":"5192","stop_code":"5192","stop_name":"Sepúlveda - Los Yébenes","routes":["036","039","055","519","866"]}},{"type":"Feature","geometry":{"type":"Point","coordinates":[-3.57083,40.46436]},"properties":{"stop_id":"5195","stop_code":"5195","stop_name":"Aeropuerto T1 - Llegadas","routes":["101","200","532"]}},{"type":"Feature","geometry":{"type":"Point","coordinates":[-3.59049,40.46234]},"properties":{"stop_id":"5197","stop_code":"5197","stop_name":"Avenida De Logroño - Bahía De Almería","routes":["151"]}},{"type":"Feature","geometry":{"type":"Point","coordinates":[-3.59176,40.46383]},"properties":{"stop_id":"5198","stop_code":"5198","stop_name":"Bahía De Palma - Bahía De Almería","routes":["151","166"]}},{"type":"Feature","geometry":{"type":"Point","coordinates":[-3.5926,40.46585]},"properties":{"stop_id":"5199","stop_code":"5199","stop_name":"Bahía De Pollensa - Bahía De Gando","routes":["151"]}},{"type":"Feature","geometry":{"type":"Point","coordinates":[-3.59352,40.4655]},"properties":{"stop_id":"5202","stop_code":"5202","stop_name":"Bahía De Pollensa - Bahía De Gando","routes":["151"]}},{"type":"Feature","geometry":{"type":"Point","coordinates":[-3.59222,40.46404]},"properties":{"stop_id":"5203","stop_code":"5203","stop_name":"Bahía De Palma - Bahía De Almería","routes":["151","166"]}},{"type":"Feature","geometry":{"type":"Point","coordinates":[-3.59137,40.46189]},"properties":{"stop_id":"5204","stop_code":"5204","stop_name":"Avenida De Logroño - Bahía De Palma","routes":["151"]}},{"type":"Feature","geometry":{"type":"Point","coordinates":[-3.7103,40.42367]},"properties":{"stop_id":"5205","stop_code":"5205","stop_name":"Plaza De España - Terminal","routes":["025"]}},{"type":"Feature","geometry":{"type":"Point","coordinates":[-3.71059,40.42434]},"properties":{"stop_id":"5206","stop_code":"5206","stop_name":"Plaza De España - Terminal","routes":["039"]}},{"type":"Feature","geometry":{"type":"Point","coordinates":[-3.72216,40.4855]},"properties":{"stop_id":"5207","stop_code":"5207","stop_name":"Metro Lacoma","routes":["521"]}},{"type":"Feature","geometry":{"type":"Point","coordinates":[-3.63288,40.48008]},"properties":{"stop_id":"5208","stop_code":"5208","stop_name":"Camino Viejo De Burgos","routes":["087","502"]}},{"type":"Feature","geometry":{"type":"Point","coordinates":[-3.63164,40.47934]},"properties":{"stop_id":"5209","stop_code":"5209","stop_name":"Rafaela Aparicio","routes":["502"]}},{"type":"Feature","geometry":{"type":"Point","coordinates":[-3.71648,40.34351]},"properties":{"stop_id":"5211","stop_code":"5211","stop_name":"Alberto Palacios - Ferroviarios","routes":["022","514"]}},{"type":"Feature","geometry":{"type":"Point","coordinates":[-3.7025,40.47502]},"properties":{"stop_id":"5212","stop_code":"5212","stop_name":"Metro Barrio Del Pilar","routes":["128","523"]}},{"type":"Feature","geometry":{"type":"Point","coordinates":[-3.70328,40.47717]},"properties":{"stop_id":"5213","stop_code":"5213","stop_name":"Metro Barrio Del Pilar","routes":["128","523"]}},{"type":"Feature","geometry":{"type":"Point","coordinates":[-3.71571,40.34718]},"properties":{"stop_id":"5214","stop_code":"5214","stop_name":"Ferroviarios","routes":["514"]}},{"type":"Feature","geometry":{"type":"Point","coordinates":[-3.78123,40.37616]},"properties":{"stop_id":"5215","stop_code":"5215","stop_name":"Avenida De La Aviación - Mirabel","routes":["519"]}},{"type":"Feature","geometry":{"type":"Point","coordinates":[-3.70298,40.48408]},"properties":{"stop_id":"5218","stop_code":"5218","stop_name":"Patones - Sangenjo","routes":["522"]}},{"type":"Feature","geometry":{"type":"Point","coordinates":[-3.68852,40.40328]},"properties":{"stop_id":"5221","stop_code":"5221","stop_name":"Méndez Álvaro - Áncora","routes":["511","513"]}},{"type":"Feature","geometry":{"type":"Point","coordinates":[-3.69164,40.40616]},"properties":{"stop_id":"5222","stop_code":"5222","stop_name":"Méndez Álvaro - Estación De Atocha","routes":["511","513"]}},{"type":"Feature","geometry":{"type":"Point","coordinates":[-3.71751,40.48562]},"properties":{"stop_id":"5223","stop_code":"5223","stop_name":"Arroyo Fresno","routes":["521"]}},{"type":"Feature","geometry":{"type":"Point","coordinates":[-3.68017,40.42186]},"properties":{"stop_id":"5230","stop_code":"5230","stop_name":"O Donnell - Retiro","routes":["152"]}},{"type":"Feature","geometry":{"type":"Point","coordinates":[-3.67993,40.422]},"properties":{"stop_id":"5231","stop_code":"5231","stop_name":"O Donnell - Retiro","routes":["152"]}},{"type":"Feature","geometry":{"type":"Point","coordinates":[-3.67927,40.40713]},"properties":{"stop_id":"5232","stop_code":"5232","stop_name":"Mariano De Cavia","routes":["152"]}},{"type":"Feature","geometry":{"type":"Point","coordinates":[-3.67902,40.40699]},"properties":{"stop_id":"5233","stop_code":"5233","stop_name":"Mariano De Cavia","routes":["152"]}},{"type":"Feature","geometry":{"type":"Point","coordinates":[-3.68034,40.40545]},"properties":{"stop_id":"5234","stop_code":"5234","stop_name":"Menéndez Pelayo - Granada","routes":["152"]}},{"type":"Feature","geometry":{"type":"Point","coordinates":[-3.68005,40.4054]},"properties":{"stop_id":"5235","stop_code":"5235","stop_name":"Menéndez Pelayo - Granada","routes":["152"]}},{"type":"Feature","geometry":{"type":"Point","coordinates":[-3.68097,40.40401]},"properties":{"stop_id":"5236","stop_code":"5236","stop_name":"Metro Menéndez Pelayo","routes":["152"]}},{"type":"Feature","geometry":{"type":"Point","coordinates":[-3.67873,40.43957]},"properties":{"stop_id":"5237","stop_code":"5237","stop_name":"Príncipe De Vergara - Francisco Silvela","routes":["029","052","073"]}},{"type":"Feature","geometry":{"type":"Point","coordinates":[-3.61062,40.42951]},"properties":{"stop_id":"5238","stop_code":"5238","stop_name":"Avenida Canillejas - Julia García Boután","routes":["506"]}},{"type":"Feature","geometry":{"type":"Point","coordinates":[-3.69663,40.41852]},"properties":{"stop_id":"5239","stop_code":"5239","stop_name":"Círculo De Bellas Artes","routes":["005","015","020","051","053","150"]}},{"type":"Feature","geometry":{"type":"Point","coordinates":[-3.68197,40.35991]},"properties":{"stop_id":"5244","stop_code":"5244","stop_name":"Carretera De Vallecas - Avenida Rosales","routes":["512"]}},{"type":"Feature","geometry":{"type":"Point","coordinates":[-3.68221,40.36027]},"properties":{"stop_id":"5245","stop_code":"5245","stop_name":"Carretera De Vallecas - Avenida Rosales","routes":["512"]}},{"type":"Feature","geometry":{"type":"Point","coordinates":[-3.71581,40.42025]},"properties":{"stop_id":"5246","stop_code":"5246","stop_name":"Cuesta De San Vicente","routes":["025","039","046","062","068","075","138","158"]}},{"type":"Feature","geometry":{"type":"Point","coordinates":[-3.67832,40.4417]},"properties":{"stop_id":"5249","stop_code":"5249","stop_name":"López De Hoyos - Príncipe De Vergara","routes":["009","073","502"]}},{"type":"Feature","geometry":{"type":"Point","coordinates":[-3.71951,40.41371]},"properties":{"stop_id":"5250","stop_code":"5250","stop_name":"Juan Duque - Segovia","routes":["036","050"]}},{"type":"Feature","geometry":{"type":"Point","coordinates":[-3.68101,40.35462]},"properties":{"stop_id":"5253","stop_code":"5253","stop_name":"Avenida De Los Rosales - Uranio","routes":["512"]}},{"type":"Feature","geometry":{"type":"Point","coordinates":[-3.65082,40.48712]},"properties":{"stop_id":"5255","stop_code":"5255","stop_name":"Francisco Pi Y Margall - Príncipe Carlos","routes":["172","174","372","831"]}},{"type":"Feature","geometry":{"type":"Point","coordinates":[-3.69952,40.37069]},"properties":{"stop_id":"5256","stop_code":"5256","stop_name":"Avenida De Los Poblados - Avenida Orcasur","routes":["515"]}},{"type":"Feature","geometry":{"type":"Point","coordinates":[-3.71985,40.44496]},"properties":{"stop_id":"5263","stop_code":"5263","stop_name":"Marqués De Comillas","routes":["068"]}},{"type":"Feature","geometry":{"type":"Point","coordinates":[-3.66362,40.43808]},"properties":{"stop_id":"5264","stop_code":"5264","stop_name":"Bruselas","routes":["043","053","074","503"]}},{"type":"Feature","geometry":{"type":"Point","coordinates":[-3.69158,40.44843]},"properties":{"stop_id":"5266","stop_code":"5266","stop_name":"Azca","routes":["126"]}},{"type":"Feature","geometry":{"type":"Point","coordinates":[-3.7326,40.48131]},"properties":{"stop_id":"5267","stop_code":"5267","stop_name":"Barrio Peñagrande","routes":["067"]}},{"type":"Feature","geometry":{"type":"Point","coordinates":[-3.69695,40.46501]},"properties":{"stop_id":"5268","stop_code":"5268","stop_name":"Capitan Blanco Argibay - Mundillo","routes":["049","522"]}},{"type":"Feature","geometry":{"type":"Point","coordinates":[-3.70127,40.36809]},"properties":{"stop_id":"5287","stop_code":"5287","stop_name":"Orcasur - Pza Del Pueblo","routes":["078","116","515"]}},{"type":"Feature","geometry":{"type":"Point","coordinates":[-3.71205,40.37787]},"properties":{"stop_id":"5288","stop_code":"5288","stop_name":"Rafaela Ybarra - Parque De La Paloma","routes":["006","060","081","515"]}},{"type":"Feature","geometry":{"type":"Point","coordinates":[-3.71232,40.378]},"properties":{"stop_id":"5289","stop_code":"5289","stop_name":"Parque De La Paloma - Rafaela Ybarra","routes":["078"]}},{"type":"Feature","geometry":{"type":"Point","coordinates":[-3.67402,40.43449]},"properties":{"stop_id":"5296","stop_code":"5296","stop_name":"Diego De León","routes":["012","069","869"]}},{"type":"Feature","geometry":{"type":"Point","coordinates":[-3.6759,40.42442]},"properties":{"stop_id":"5298","stop_code":"5298","stop_name":"Felipe II","routes":["215"]}},{"type":"Feature","geometry":{"type":"Point","coordinates":[-3.56362,40.40152]},"properties":{"stop_id":"5299","stop_code":"5299","stop_name":"Mario Moreno Cantinflas - Victoria Kent","routes":["159"]}},{"type":"Feature","geometry":{"type":"Point","coordinates":[-3.6276,40.42444]},"properties":{"stop_id":"5300","stop_code":"5300","stop_name":"Hermanos García Noblejas - Centro De Salud","routes":["109"]}},{"type":"Feature","geometry":{"type":"Point","coordinates":[-3.76773,40.39529]},"properties":{"stop_id":"5301","stop_code":"5301","stop_name":"Campamento","routes":["131"]}},{"type":"Feature","geometry":{"type":"Point","coordinates":[-3.55864,40.39864]},"properties":{"stop_id":"5302","stop_code":"5302","stop_name":"Victoria Kent - Arroyo Cañaveral","routes":["159"]}},{"type":"Feature","geometry":{"type":"Point","coordinates":[-3.55856,40.39876]},"properties":{"stop_id":"5304","stop_code":"5304","stop_name":"Victoria Kent - Arroyo Cañaveral","routes":["159","506"]}},{"type":"Feature","geometry":{"type":"Point","coordinates":[-3.60997,40.41031]},"properties":{"stop_id":"5306","stop_code":"5306","stop_name":"Avenida De Canillejas - Plaza Vicalvarada","routes":["159"]}},{"type":"Feature","geometry":{"type":"Point","coordinates":[-3.60974,40.41033]},"properties":{"stop_id":"5307","stop_code":"5307","stop_name":"Avenida De Canillejas - Plaza Vicalvarada","routes":["159"]}},{"type":"Feature","geometry":{"type":"Point","coordinates":[-3.55365,40.39605]},"properties":{"stop_id":"5308","stop_code":"5308","stop_name":"Luis Ocaña - Gales","routes":["159"]}},{"type":"Feature","geometry":{"type":"Point","coordinates":[-3.72692,40.46079]},"properties":{"stop_id":"5309","stop_code":"5309","stop_name":"Navalperal - Madrigal","routes":["082","137","520"]}},{"type":"Feature","geometry":{"type":"Point","coordinates":[-3.55358,40.39614]},"properties":{"stop_id":"5310","stop_code":"5310","stop_name":"Luis Ocaña - Gales","routes":["159","506"]}},{"type":"Feature","geometry":{"type":"Point","coordinates":[-3.67189,40.43214]},"properties":{"stop_id":"5311","stop_code":"5311","stop_name":"Francisco Silvela - Juan Bravo","routes":["048"]}},{"type":"Feature","geometry":{"type":"Point","coordinates":[-3.6237,40.37399]},"properties":{"stop_id":"5312","stop_code":"5312","stop_name":"Polideportivo Guillén Prim","routes":["509"]}},{"type":"Feature","geometry":{"type":"Point","coordinates":[-3.54859,40.40107]},"properties":{"stop_id":"5313","stop_code":"5313","stop_name":"Alcalde Andrés Madrid Dávila - Casa Tilly","routes":["159"]}},{"type":"Feature","geometry":{"type":"Point","coordinates":[-3.71861,40.44676]},"properties":{"stop_id":"5316","stop_code":"5316","stop_name":"Vicente Aleixandre","routes":["091","870"]}},{"type":"Feature","geometry":{"type":"Point","coordinates":[-3.61534,40.4495]},"properties":{"stop_id":"5317","stop_code":"5317","stop_name":"Josefa Valcárcel - Gutiérrez Canales","routes":["114","115","504"]}},{"type":"Feature","geometry":{"type":"Point","coordinates":[-3.68286,40.44585]},"properties":{"stop_id":"5318","stop_code":"5318","stop_name":"Doctor Arce","routes":["007"]}},{"type":"Feature","geometry":{"type":"Point","coordinates":[-3.59926,40.40332]},"properties":{"stop_id":"5321","stop_code":"5321","stop_name":"San Cipriano - Minerva","routes":["004","403","405"]}},{"type":"Feature","geometry":{"type":"Point","coordinates":[-3.59917,40.40348]},"properties":{"stop_id":"5322","stop_code":"5322","stop_name":"San Cipriano - Minerva","routes":["004","403","405"]}},{"type":"Feature","geometry":{"type":"Point","coordinates":[-3.62487,40.41779]},"properties":{"stop_id":"5323","stop_code":"5323","stop_name":"Nicolás Salmerón - Alsacia","routes":["106","507"]}},{"type":"Feature","geometry":{"type":"Point","coordinates":[-3.62492,40.41798]},"properties":{"stop_id":"5324","stop_code":"5324","stop_name":"Nicolás Salmerón - Alsacia","routes":["070","106","507"]}},{"type":"Feature","geometry":{"type":"Point","coordinates":[-3.77449,40.39698]},"properties":{"stop_id":"5325","stop_code":"5325","stop_name":"Colonia Jardín","routes":["065","096"]}},{"type":"Feature","geometry":{"type":"Point","coordinates":[-3.6355,40.37671]},"properties":{"stop_id":"5326","stop_code":"5326","stop_name":"Hormigueras - Correos","routes":["130","454"]}},{"type":"Feature","geometry":{"type":"Point","coordinates":[-3.63538,40.37688]},"properties":{"stop_id":"5327","stop_code":"5327","stop_name":"Hormigueras - Correos","routes":["130","454"]}},{"type":"Feature","geometry":{"type":"Point","coordinates":[-3.73957,40.37871]},"properties":{"stop_id":"5328","stop_code":"5328","stop_name":"Padre Amigo","routes":["108"]}},{"type":"Feature","geometry":{"type":"Point","coordinates":[-3.7047,40.48117]},"properties":{"stop_id":"5329","stop_code":"5329","stop_name":"Reales Academias - Imserso","routes":["049","134"]}},{"type":"Feature","geometry":{"type":"Point","coordinates":[-3.70502,40.48097]},"properties":{"stop_id":"5330","stop_code":"5330","stop_name":"Reales Academias - Imserso","routes":["049","134"]}},{"type":"Feature","geometry":{"type":"Point","coordinates":[-3.58794,40.45325]},"properties":{"stop_id":"5331","stop_code":"5331","stop_name":"Avenida De Cantabria","routes":["112","114","115"]}},{"type":"Feature","geometry":{"type":"Point","coordinates":[-3.66721,40.3805]},"properties":{"stop_id":"5332","stop_code":"5332","stop_name":"Avenida De Entrevías - Membezar","routes":["024"]}},{"type":"Feature","geometry":{"type":"Point","coordinates":[-3.68852,40.43579]},"properties":{"stop_id":"5333","stop_code":"5333","stop_name":"Emilio Castelar","routes":["014","027","045","150","501","522","524"]}},{"type":"Feature","geometry":{"type":"Point","coordinates":[-3.70072,40.39918]},"properties":{"stop_id":"5335","stop_code":"5335","stop_name":"Santa María De La Cabeza - Cáceres","routes":["055","060","517"]}},{"type":"Feature","geometry":{"type":"Point","coordinates":[-3.7607,40.4032]},"properties":{"stop_id":"5336","stop_code":"5336","stop_name":"Casa De Campo","routes":["055","065","866"]}},{"type":"Feature","geometry":{"type":"Point","coordinates":[-3.65713,40.4711]},"properties":{"stop_id":"5337","stop_code":"5337","stop_name":"San Luis - Estación Hortaleza","routes":["107","125","172","372"]}},{"type":"Feature","geometry":{"type":"Point","coordinates":[-3.65711,40.47127]},"properties":{"stop_id":"5338","stop_code":"5338","stop_name":"San Luis - Estación Hortaleza","routes":["107","125","172","372"]}},{"type":"Feature","geometry":{"type":"Point","coordinates":[-3.70821,40.3463]},"properties":{"stop_id":"5339","stop_code":"5339","stop_name":"Villaverde Alto","routes":["022","130"]}},{"type":"Feature","geometry":{"type":"Point","coordinates":[-3.6912,40.4494]},"properties":{"stop_id":"5340","stop_code":"5340","stop_name":"Azca","routes":["014","027","040","147","150","522","524"]}},{"type":"Feature","geometry":{"type":"Point","coordinates":[-3.62683,40.469]},"properties":{"stop_id":"5342","stop_code":"5342","stop_name":"Tomás Redondo - Ribera Del Loira","routes":["104"]}},{"type":"Feature","geometry":{"type":"Point","coordinates":[-3.54312,40.44509]},"properties":{"stop_id":"5343","stop_code":"5343","stop_name":"Lola Flores - Padre Poveda","routes":["088"]}},{"type":"Feature","geometry":{"type":"Point","coordinates":[-3.78925,40.46752]},"properties":{"stop_id":"5345","stop_code":"5345","stop_name":"Camino De La Zarzuela - Valdemarín","routes":["162","528"]}},{"type":"Feature","geometry":{"type":"Point","coordinates":[-3.78981,40.4676]},"properties":{"stop_id":"5346","stop_code":"5346","stop_name":"Camino De La Zarzuela - Valdemarín","routes":["162"]}},{"type":"Feature","geometry":{"type":"Point","coordinates":[-3.73017,40.40604]},"properties":{"stop_id":"5347","stop_code":"5347","stop_name":"Caramuel - Sepúlveda","routes":["119"]}},{"type":"Feature","geometry":{"type":"Point","coordinates":[-3.62599,40.45086]},"properties":{"stop_id":"5348","stop_code":"5348","stop_name":"Glorieta Del Yucatán","routes":["114","504"]}},{"type":"Feature","geometry":{"type":"Point","coordinates":[-3.72016,40.37318]},"properties":{"stop_id":"5349","stop_code":"5349","stop_name":"Tanatorio Sur","routes":["702"]}},{"type":"Feature","geometry":{"type":"Point","coordinates":[-3.72179,40.36811]},"properties":{"stop_id":"5350","stop_code":"5350","stop_name":"Cementerio Sur - Entrada Principal","routes":["702"]}},{"type":"Feature","geometry":{"type":"Point","coordinates":[-3.72497,40.36817]},"properties":{"stop_id":"5351","stop_code":"5351","stop_name":"Cementerio Sur - Sección 6e","routes":["702"]}},{"type":"Feature","geometry":{"type":"Point","coordinates":[-3.73148,40.36821]},"properties":{"stop_id":"5352","stop_code":"5352","stop_name":"Cementerio Sur - Sección 19g","routes":["702"]}},{"type":"Feature","geometry":{"type":"Point","coordinates":[-3.73092,40.36798]},"properties":{"stop_id":"5353","stop_code":"5353","stop_name":"Cementerio Sur - Sección 19a","routes":["702"]}},{"type":"Feature","geometry":{"type":"Point","coordinates":[-3.73458,40.36784]},"properties":{"stop_id":"5354","stop_code":"5354","stop_name":"Cementerio Sur","routes":["702"]}},{"type":"Feature","geometry":{"type":"Point","coordinates":[-3.72429,40.36777]},"properties":{"stop_id":"5355","stop_code":"5355","stop_name":"Cementerio Sur - Sección 4f","routes":["702"]}},{"type":"Feature","geometry":{"type":"Point","coordinates":[-3.72172,40.37346]},"properties":{"stop_id":"5356","stop_code":"5356","stop_name":"Tanatorio Sur","routes":["702"]}},{"type":"Feature","geometry":{"type":"Point","coordinates":[-3.7,40.3851]},"properties":{"stop_id":"5358","stop_code":"5358","stop_name":"Santuario","routes":["006","078"]}},{"type":"Feature","geometry":{"type":"Point","coordinates":[-3.71547,40.36888]},"properties":{"stop_id":"5359","stop_code":"5359","stop_name":"Orcasitas","routes":["006"]}},{"type":"Feature","geometry":{"type":"Point","coordinates":[-3.69316,40.40681]},"properties":{"stop_id":"5360","stop_code":"5360","stop_name":"Delicias - Atocha","routes":["059","085","086","102","401"]}},{"type":"Feature","geometry":{"type":"Point","coordinates":[-3.62968,40.41034]},"properties":{"stop_id":"5361","stop_code":"5361","stop_name":"Fuente Carrantona - José Bergamín","routes":["140","404"]}},{"type":"Feature","geometry":{"type":"Point","coordinates":[-3.62991,40.41046]},"properties":{"stop_id":"5362","stop_code":"5362","stop_name":"Fuente Carrantona - José Bergamín","routes":["140","404"]}},{"type":"Feature","geometry":{"type":"Point","coordinates":[-3.68856,40.48006]},"properties":{"stop_id":"5363","stop_code":"5363","stop_name":"Hospital La Paz - Maternidad","routes":["067","124","134","135","179","524"]}},{"type":"Feature","geometry":{"type":"Point","coordinates":[-3.69822,40.4613]},"properties":{"stop_id":"5365","stop_code":"5365","stop_name":"Metro Tetuán","routes":["066","124"]}},{"type":"Feature","geometry":{"type":"Point","coordinates":[-3.60985,40.40772]},"properties":{"stop_id":"5367","stop_code":"5367","stop_name":"Artilleros - Calahorra","routes":["106","507"]}},{"type":"Feature","geometry":{"type":"Point","coordinates":[-3.72966,40.45279]},"properties":{"stop_id":"5370","stop_code":"5370","stop_name":"Paraninfo - Informática","routes":["082","091","092"]}},{"type":"Feature","geometry":{"type":"Point","coordinates":[-3.68841,40.35775]},"properties":{"stop_id":"5371","stop_code":"5371","stop_name":"Alianza - Coalición","routes":["123"]}},{"type":"Feature","geometry":{"type":"Point","coordinates":[-3.69005,40.45631]},"properties":{"stop_id":"5372","stop_code":"5372","stop_name":"Castellana - Profesor Waksman","routes":["005"]}},{"type":"Feature","geometry":{"type":"Point","coordinates":[-3.70035,40.42123]},"properties":{"stop_id":"5376","stop_code":"5376","stop_name":"Hortaleza","routes":["003"]}},{"type":"Feature","geometry":{"type":"Point","coordinates":[-3.68289,40.43796]},"properties":{"stop_id":"5377","stop_code":"5377","stop_name":"Velázquez - María De Molina","routes":["009","019","051"]}},{"type":"Feature","geometry":{"type":"Point","coordinates":[-3.69543,40.37508]},"properties":{"stop_id":"5378","stop_code":"5378","stop_name":"Glorieta De Málaga","routes":["018","022","059","076","079","081","085","086","121","515"]}},{"type":"Feature","geometry":{"type":"Point","coordinates":[-3.69457,40.37541]},"properties":{"stop_id":"5379","stop_code":"5379","stop_name":"Glorieta De Málaga","routes":["018","022","059","076","079","085","086"]}},{"type":"Feature","geometry":{"type":"Point","coordinates":[-3.6956,40.37681]},"properties":{"stop_id":"5380","stop_code":"5380","stop_name":"Hospital 12 Octubre","routes":["018","022","059","076","079","085","086","513","514"]}},{"type":"Feature","geometry":{"type":"Point","coordinates":[-3.75232,40.39963]},"properties":{"stop_id":"5381","stop_code":"5381","stop_name":"Concejal Francisco Jiménez - Berlanas","routes":["039","055"]}},{"type":"Feature","geometry":{"type":"Point","coordinates":[-3.70372,40.48588]},"properties":{"stop_id":"5382","stop_code":"5382","stop_name":"Valencia De Don Juan - Patones","routes":["067","133","523"]}},{"type":"Feature","geometry":{"type":"Point","coordinates":[-3.62715,40.40405]},"properties":{"stop_id":"5383","stop_code":"5383","stop_name":"El Cairo","routes":["030"]}},{"type":"Feature","geometry":{"type":"Point","coordinates":[-3.62758,40.4056]},"properties":{"stop_id":"5384","stop_code":"5384","stop_name":"Laponia","routes":["030"]}},{"type":"Feature","geometry":{"type":"Point","coordinates":[-3.62871,40.4016]},"properties":{"stop_id":"5385","stop_code":"5385","stop_name":"Luis De Hoyos - Damasco","routes":["030"]}},{"type":"Feature","geometry":{"type":"Point","coordinates":[-3.62838,40.4017]},"properties":{"stop_id":"5386","stop_code":"5386","stop_name":"Luis De Hoyos - Damasco","routes":["030"]}},{"type":"Feature","geometry":{"type":"Point","coordinates":[-3.62943,40.39982]},"properties":{"stop_id":"5387","stop_code":"5387","stop_name":"Centro De Salud Pavones","routes":["030"]}},{"type":"Feature","geometry":{"type":"Point","coordinates":[-3.58456,40.45187]},"properties":{"stop_id":"5390","stop_code":"5390","stop_name":"Medina De Pomar","routes":["112","114","166","504"]}},{"type":"Feature","geometry":{"type":"Point","coordinates":[-3.68461,40.44465]},"properties":{"stop_id":"5394","stop_code":"5394","stop_name":"República Argentina","routes":["069","869"]}},{"type":"Feature","geometry":{"type":"Point","coordinates":[-3.65829,40.48978]},"properties":{"stop_id":"5395","stop_code":"5395","stop_name":"Pi Y Margall - Blasco Ibáñez","routes":["174"]}},{"type":"Feature","geometry":{"type":"Point","coordinates":[-3.65083,40.48679]},"properties":{"stop_id":"5397","stop_code":"5397","stop_name":"Pi Y Margall - Príncipe Carlos","routes":["170","172","174","372","501","831"]}},{"type":"Feature","geometry":{"type":"Point","coordinates":[-3.65075,40.48709]},"properties":{"stop_id":"5398","stop_code":"5398","stop_name":"Pi Y Margall - Príncipe Carlos","routes":["170","501"]}},{"type":"Feature","geometry":{"type":"Point","coordinates":[-3.6476,40.48576]},"properties":{"stop_id":"5399","stop_code":"5399","stop_name":"Pi Y Margall - Alcalá Zamora","routes":["170","172","174","372","501","831"]}},{"type":"Feature","geometry":{"type":"Point","coordinates":[-3.64762,40.4861]},"properties":{"stop_id":"5400","stop_code":"5400","stop_name":"Pi Y Margall - Alcalá Zamora","routes":["172","174","372","831"]}},{"type":"Feature","geometry":{"type":"Point","coordinates":[-3.64658,40.48602]},"properties":{"stop_id":"5401","stop_code":"5401","stop_name":"Sanchinarro","routes":["170","501"]}},{"type":"Feature","geometry":{"type":"Point","coordinates":[-3.65465,40.48834]},"properties":{"stop_id":"5402","stop_code":"5402","stop_name":"Alcalde Moreno Torres","routes":["172","174","372","501","831"]}},{"type":"Feature","geometry":{"type":"Point","coordinates":[-3.65753,40.48801]},"properties":{"stop_id":"5403","stop_code":"5403","stop_name":"Ingeniero Herrera - Moreno Torres","routes":["174","501"]}},{"type":"Feature","geometry":{"type":"Point","coordinates":[-3.66073,40.48741]},"properties":{"stop_id":"5404","stop_code":"5404","stop_name":"Metro Virgen Del Cortijo","routes":["150","174","501"]}},{"type":"Feature","geometry":{"type":"Point","coordinates":[-3.66294,40.48774]},"properties":{"stop_id":"5405","stop_code":"5405","stop_name":"Avenida De Manoteras - Fuente De La Mora","routes":["150","174","501"]}},{"type":"Feature","geometry":{"type":"Point","coordinates":[-3.66517,40.48806]},"properties":{"stop_id":"5407","stop_code":"5407","stop_name":"Virgen Del Cortijo","routes":["150"]}},{"type":"Feature","geometry":{"type":"Point","coordinates":[-3.66731,40.4884]},"properties":{"stop_id":"5408","stop_code":"5408","stop_name":"Avenida De Manoteras","routes":["174"]}},{"type":"Feature","geometry":{"type":"Point","coordinates":[-3.66942,40.4887]},"properties":{"stop_id":"5409","stop_code":"5409","stop_name":"Avenida De Manoteras - Oña","routes":["174","501"]}},{"type":"Feature","geometry":{"type":"Point","coordinates":[-3.65595,40.47361]},"properties":{"stop_id":"5411","stop_code":"5411","stop_name":"Estación Hortaleza - Virgen Del Carmen","routes":["172","372"]}},{"type":"Feature","geometry":{"type":"Point","coordinates":[-3.65618,40.47369]},"properties":{"stop_id":"5412","stop_code":"5412","stop_name":"Estación Hortaleza - Virgen Del Carmen","routes":["172","372"]}},{"type":"Feature","geometry":{"type":"Point","coordinates":[-3.65389,40.47718]},"properties":{"stop_id":"5413","stop_code":"5413","stop_name":"Estación Hortaleza - Chaves Nogales","routes":["172","372"]}},{"type":"Feature","geometry":{"type":"Point","coordinates":[-3.65423,40.47717]},"properties":{"stop_id":"5414","stop_code":"5414","stop_name":"Estación Hortaleza - Chaves Nogales","routes":["172","372"]}},{"type":"Feature","geometry":{"type":"Point","coordinates":[-3.65226,40.47886]},"properties":{"stop_id":"5415","stop_code":"5415","stop_name":"Estación Hortaleza - Polideportivo","routes":["172","372"]}},{"type":"Feature","geometry":{"type":"Point","coordinates":[-3.65252,40.47889]},"properties":{"stop_id":"5416","stop_code":"5416","stop_name":"Estación Hortaleza - Polideportivo","routes":["172","372"]}},{"type":"Feature","geometry":{"type":"Point","coordinates":[-3.64851,40.48321]},"properties":{"stop_id":"5417","stop_code":"5417","stop_name":"Alcalá Zamora - Antonio Saura","routes":["172","372"]}},{"type":"Feature","geometry":{"type":"Point","coordinates":[-3.64856,40.48369]},"properties":{"stop_id":"5418","stop_code":"5418","stop_name":"Alcalá Zamora - Antonio Saura","routes":["172","372"]}},{"type":"Feature","geometry":{"type":"Point","coordinates":[-3.65342,40.49235]},"properties":{"stop_id":"5419","stop_code":"5419","stop_name":"Príncipe Carlos - Ingeniero Herrera","routes":["172","372"]}},{"type":"Feature","geometry":{"type":"Point","coordinates":[-3.65366,40.49188]},"properties":{"stop_id":"5420","stop_code":"5420","stop_name":"Príncipe Carlos - Ingeniero Herrera","routes":["172","372"]}},{"type":"Feature","geometry":{"type":"Point","coordinates":[-3.65602,40.49399]},"properties":{"stop_id":"5421","stop_code":"5421","stop_name":"Metro Blasco Ibáñez","routes":["172","372"]}},{"type":"Feature","geometry":{"type":"Point","coordinates":[-3.58803,40.4573]},"properties":{"stop_id":"5422","stop_code":"5422","stop_name":"Corbeta - La Rioja","routes":["112","115","151","166","504"]}},{"type":"Feature","geometry":{"type":"Point","coordinates":[-3.65486,40.49692]},"properties":{"stop_id":"5426","stop_code":"5426","stop_name":"Ana De Austria - Alcalá Zamora","routes":["172","173","372","831"]}},{"type":"Feature","geometry":{"type":"Point","coordinates":[-3.65598,40.49342]},"properties":{"stop_id":"5427","stop_code":"5427","stop_name":"Metro Blasco Ibáñez","routes":["172","372"]}},{"type":"Feature","geometry":{"type":"Point","coordinates":[-3.58809,40.4572]},"properties":{"stop_id":"5428","stop_code":"5428","stop_name":"Corbeta - La Rioja","routes":["112","115","151","166","504"]}},{"type":"Feature","geometry":{"type":"Point","coordinates":[-3.61826,40.49561]},"properties":{"stop_id":"5433","stop_code":"5433","stop_name":"Secundino Zuazo - Fina De Calderón","routes":["831"]}},{"type":"Feature","geometry":{"type":"Point","coordinates":[-3.61807,40.49554]},"properties":{"stop_id":"5434","stop_code":"5434","stop_name":"Secundino Zuazo - Fina De Calderón","routes":["831"]}},{"type":"Feature","geometry":{"type":"Point","coordinates":[-3.61423,40.49564]},"properties":{"stop_id":"5435","stop_code":"5435","stop_name":"Secundino Zuazo - Josefina Aldecoa","routes":["831"]}},{"type":"Feature","geometry":{"type":"Point","coordinates":[-3.67374,40.3828]},"properties":{"stop_id":"5436","stop_code":"5436","stop_name":"Mejorana - Lagartera","routes":["024"]}},{"type":"Feature","geometry":{"type":"Point","coordinates":[-3.67162,40.38072]},"properties":{"stop_id":"5437","stop_code":"5437","stop_name":"Plaza De Las Regiones","routes":["111","511"]}},{"type":"Feature","geometry":{"type":"Point","coordinates":[-3.614,40.49557]},"properties":{"stop_id":"5438","stop_code":"5438","stop_name":"Secundino Zuazo - Josefina Aldecoa","routes":["831"]}},{"type":"Feature","geometry":{"type":"Point","coordinates":[-3.60843,40.49359]},"properties":{"stop_id":"5439","stop_code":"5439","stop_name":"Manuel Fraga Iribarne - Jordi Solé Tura","routes":["831"]}},{"type":"Feature","geometry":{"type":"Point","coordinates":[-3.60854,40.49345]},"properties":{"stop_id":"5440","stop_code":"5440","stop_name":"Manuel Fraga Iribarne - Jordi Solé Tura","routes":["831"]}},{"type":"Feature","geometry":{"type":"Point","coordinates":[-3.60838,40.49023]},"properties":{"stop_id":"5441","stop_code":"5441","stop_name":"Manuel Fraga Iribarne - Estanislao Pérez","routes":["831"]}},{"type":"Feature","geometry":{"type":"Point","coordinates":[-3.69357,40.41898]},"properties":{"stop_id":"5442","stop_code":"5442","stop_name":"Cibeles","routes":["010","512","515"]}},{"type":"Feature","geometry":{"type":"Point","coordinates":[-3.693,40.41868]},"properties":{"stop_id":"5443","stop_code":"5443","stop_name":"Cibeles - Ayuntamiento","routes":["014","027","037","045","363","509","510","511","525"]}},{"type":"Feature","geometry":{"type":"Point","coordinates":[-3.5908,40.40556]},"properties":{"stop_id":"5445","stop_code":"5445","stop_name":"Vicálvaro","routes":["106"]}},{"type":"Feature","geometry":{"type":"Point","coordinates":[-3.69216,40.44064]},"properties":{"stop_id":"5447","stop_code":"5447","stop_name":"Museo Ciencias Naturales","routes":["045"]}},{"type":"Feature","geometry":{"type":"Point","coordinates":[-3.70085,40.44689]},"properties":{"stop_id":"5449","stop_code":"5449","stop_name":"Fernández Villaverde - Maudes","routes":["069","149"]}},{"type":"Feature","geometry":{"type":"Point","coordinates":[-3.67484,40.42506]},"properties":{"stop_id":"5451","stop_code":"5451","stop_name":"Alcalá - Goya","routes":["043","053"]}},{"type":"Feature","geometry":{"type":"Point","coordinates":[-3.67522,40.43369]},"properties":{"stop_id":"5452","stop_code":"5452","stop_name":"Diego De León","routes":["210"]}},{"type":"Feature","geometry":{"type":"Point","coordinates":[-3.69125,40.40897]},"properties":{"stop_id":"5453","stop_code":"5453","stop_name":"Ministerio De Agricultura","routes":["010","014","361"]}},{"type":"Feature","geometry":{"type":"Point","coordinates":[-3.70682,40.41313]},"properties":{"stop_id":"5454","stop_code":"5454","stop_name":"Plaza Mayor","routes":["035"]}},{"type":"Feature","geometry":{"type":"Point","coordinates":[-3.7151,40.36005]},"properties":{"stop_id":"5455","stop_code":"5455","stop_name":"Rafaela Ybarra - Centro De Mayores","routes":["131"]}},{"type":"Feature","geometry":{"type":"Point","coordinates":[-3.7223,40.48027]},"properties":{"stop_id":"5456","stop_code":"5456","stop_name":"Herrera Oria - Gómez De La Serna","routes":["064","083","133"]}},{"type":"Feature","geometry":{"type":"Point","coordinates":[-3.63781,40.43719]},"properties":{"stop_id":"5458","stop_code":"5458","stop_name":"Ciudad Lineal","routes":["038","048","070","105"]}},{"type":"Feature","geometry":{"type":"Point","coordinates":[-3.68761,40.46656]},"properties":{"stop_id":"5459","stop_code":"5459","stop_name":"Plaza Castilla","routes":["704","833"]}},{"type":"Feature","geometry":{"type":"Point","coordinates":[-3.6915,40.34514]},"properties":{"stop_id":"5460","stop_code":"5460","stop_name":"Burjasot","routes":["079"]}},{"type":"Feature","geometry":{"type":"Point","coordinates":[-3.68846,40.34305]},"properties":{"stop_id":"5461","stop_code":"5461","stop_name":"San Cristóbal","routes":["079"]}},{"type":"Feature","geometry":{"type":"Point","coordinates":[-3.69193,40.34199]},"properties":{"stop_id":"5462","stop_code":"5462","stop_name":"Rocafort - Moncada","routes":["079"]}},{"type":"Feature","geometry":{"type":"Point","coordinates":[-3.71524,40.36036]},"properties":{"stop_id":"5465","stop_code":"5465","stop_name":"Rafaela Ybarra - Centro De Mayores","routes":["131"]}},{"type":"Feature","geometry":{"type":"Point","coordinates":[-3.6537,40.44309]},"properties":{"stop_id":"5466","stop_code":"5466","stop_name":"Torrelaguna - Avenida De Badajoz","routes":["053","122"]}},{"type":"Feature","geometry":{"type":"Point","coordinates":[-3.68161,40.39658]},"properties":{"stop_id":"5467","stop_code":"5467","stop_name":"Metro Méndez Álvaro","routes":["008"]}},{"type":"Feature","geometry":{"type":"Point","coordinates":[-3.67413,40.40076]},"properties":{"stop_id":"5471","stop_code":"5471","stop_name":"Pacífico","routes":["136"]}},{"type":"Feature","geometry":{"type":"Point","coordinates":[-3.65745,40.40666]},"properties":{"stop_id":"5472","stop_code":"5472","stop_name":"Corregidor Alonso Aguilar","routes":["008","020"]}},{"type":"Feature","geometry":{"type":"Point","coordinates":[-3.65741,40.40697]},"properties":{"stop_id":"5473","stop_code":"5473","stop_name":"Corregidor Alonso Aguilar","routes":["008","020","143"]}},{"type":"Feature","geometry":{"type":"Point","coordinates":[-3.77746,40.37511]},"properties":{"stop_id":"5481","stop_code":"5481","stop_name":"San Ignacio","routes":["138"]}},{"type":"Feature","geometry":{"type":"Point","coordinates":[-3.6179,40.40329]},"properties":{"stop_id":"5482","stop_code":"5482","stop_name":"Tren De Arganda","routes":["071"]}},{"type":"Feature","geometry":{"type":"Point","coordinates":[-3.61477,40.3956]},"properties":{"stop_id":"5483","stop_code":"5483","stop_name":"Centro De Transfusiones","routes":["071"]}},{"type":"Feature","geometry":{"type":"Point","coordinates":[-3.61248,40.39506]},"properties":{"stop_id":"5484","stop_code":"5484","stop_name":"Faunia","routes":["071"]}},{"type":"Feature","geometry":{"type":"Point","coordinates":[-3.61236,40.39542]},"properties":{"stop_id":"5485","stop_code":"5485","stop_name":"Faunia","routes":["071"]}},{"type":"Feature","geometry":{"type":"Point","coordinates":[-3.6066,40.39588]},"properties":{"stop_id":"5486","stop_code":"5486","stop_name":"Minerva - Molino Viejo","routes":["071"]}},{"type":"Feature","geometry":{"type":"Point","coordinates":[-3.60692,40.39613]},"properties":{"stop_id":"5487","stop_code":"5487","stop_name":"Minerva - Molino Viejo","routes":["071"]}},{"type":"Feature","geometry":{"type":"Point","coordinates":[-3.61546,40.39638]},"properties":{"stop_id":"5489","stop_code":"5489","stop_name":"Centro De Transfusiones","routes":["071"]}},{"type":"Feature","geometry":{"type":"Point","coordinates":[-3.61911,40.39867]},"properties":{"stop_id":"5490","stop_code":"5490","stop_name":"Cordel De Pavones - Pinillas","routes":["071"]}},{"type":"Feature","geometry":{"type":"Point","coordinates":[-3.61792,40.40147]},"properties":{"stop_id":"5491","stop_code":"5491","stop_name":"Cordel De Pavones - Juglares","routes":["071"]}},{"type":"Feature","geometry":{"type":"Point","coordinates":[-3.60836,40.48631]},"properties":{"stop_id":"5493","stop_code":"5493","stop_name":"Manuel Fraga Iribarne - Fernando Higueras","routes":["831"]}},{"type":"Feature","geometry":{"type":"Point","coordinates":[-3.60852,40.49013]},"properties":{"stop_id":"5494","stop_code":"5494","stop_name":"Manuel Fraga Iribarne - Estanislao Pérez","routes":["831"]}},{"type":"Feature","geometry":{"type":"Point","coordinates":[-3.60846,40.48613]},"properties":{"stop_id":"5496","stop_code":"5496","stop_name":"Manuel Fraga Iribarne - Fernando Higueras","routes":["831"]}},{"type":"Feature","geometry":{"type":"Point","coordinates":[-3.71452,40.44605]},"properties":{"stop_id":"5500","stop_code":"5500","stop_name":"Reina Victoria","routes":["045"]}},{"type":"Feature","geometry":{"type":"Point","coordinates":[-3.70723,40.41379]},"properties":{"stop_id":"5505","stop_code":"5505","stop_name":"Plaza Mayor","routes":["031"]}},{"type":"Feature","geometry":{"type":"Point","coordinates":[-3.73882,40.39444]},"properties":{"stop_id":"5506","stop_code":"5506","stop_name":"Vía Carpetana - La Campana","routes":["017","025","516"]}},{"type":"Feature","geometry":{"type":"Point","coordinates":[-3.71417,40.40198]},"properties":{"stop_id":"5507","stop_code":"5507","stop_name":"Pirámides","routes":["018"]}},{"type":"Feature","geometry":{"type":"Point","coordinates":[-3.64122,40.43023]},"properties":{"stop_id":"5510","stop_code":"5510","stop_name":"Ascao","routes":["028","506"]}},{"type":"Feature","geometry":{"type":"Point","coordinates":[-3.69283,40.41304]},"properties":{"stop_id":"5511","stop_code":"5511","stop_name":"Museo Del Prado - Jardín Botánico","routes":["010","014","027","034","037","045","361","363","509","510","511","512","513","514","515","517","525","526"]}},{"type":"Feature","geometry":{"type":"Point","coordinates":[-3.69248,40.38992]},"properties":{"stop_id":"5512","stop_code":"5512","stop_name":"Plaza De Italia","routes":["062","148","156","513"]}},{"type":"Feature","geometry":{"type":"Point","coordinates":[-3.70255,40.43833]},"properties":{"stop_id":"5514","stop_code":"5514","stop_name":"Álvarez De Castro - José Abascal","routes":["149"]}},{"type":"Feature","geometry":{"type":"Point","coordinates":[-3.65808,40.50024]},"properties":{"stop_id":"5517","stop_code":"5517","stop_name":"Sanchinarro","routes":["173"]}},{"type":"Feature","geometry":{"type":"Point","coordinates":[-3.65841,40.49997]},"properties":{"stop_id":"5518","stop_code":"5518","stop_name":"Alcalá Zamora - María Tudor","routes":["173"]}},{"type":"Feature","geometry":{"type":"Point","coordinates":[-3.71617,40.42515]},"properties":{"stop_id":"5522","stop_code":"5522","stop_name":"Templo De Debod","routes":["062","074"]}},{"type":"Feature","geometry":{"type":"Point","coordinates":[-3.71987,40.48131]},"properties":{"stop_id":"5523","stop_code":"5523","stop_name":"Herrera Oria - Isla De Arosa","routes":["049"]}},{"type":"Feature","geometry":{"type":"Point","coordinates":[-3.70392,40.45513]},"properties":{"stop_id":"5524","stop_code":"5524","stop_name":"Francos Rodríguez - Estrecho","routes":["126"]}},{"type":"Feature","geometry":{"type":"Point","coordinates":[-3.56667,40.44661]},"properties":{"stop_id":"5528","stop_code":"5528","stop_name":"Fermina Sevillano - Octubre","routes":["077","167","505"]}},{"type":"Feature","geometry":{"type":"Point","coordinates":[-3.57,40.44401]},"properties":{"stop_id":"5529","stop_code":"5529","stop_name":"Fin De Semana","routes":["088","167"]}},{"type":"Feature","geometry":{"type":"Point","coordinates":[-3.59087,40.36304]},"properties":{"stop_id":"5531","stop_code":"5531","stop_name":"Las Suertes - Gran Vía Del Sureste","routes":["145","509"]}},{"type":"Feature","geometry":{"type":"Point","coordinates":[-3.60293,40.406]},"properties":{"stop_id":"5532","stop_code":"5532","stop_name":"Forges - Jardín De La Duquesa","routes":["507"]}},{"type":"Feature","geometry":{"type":"Point","coordinates":[-3.61422,40.37945]},"properties":{"stop_id":"5533","stop_code":"5533","stop_name":"Real De Arganda - Ensanche De Vallecas","routes":["509"]}},{"type":"Feature","geometry":{"type":"Point","coordinates":[-3.61113,40.37307]},"properties":{"stop_id":"5534","stop_code":"5534","stop_name":"La Gavia - Las Suertes","routes":["509"]}},{"type":"Feature","geometry":{"type":"Point","coordinates":[-3.67793,40.5076]},"properties":{"stop_id":"5535","stop_code":"5535","stop_name":"Castiello De Jaca - Berdún","routes":["176","524"]}},{"type":"Feature","geometry":{"type":"Point","coordinates":[-3.59385,40.3645]},"properties":{"stop_id":"5536","stop_code":"5536","stop_name":"Las Suertes - Antonio Gades","routes":["145","509"]}},{"type":"Feature","geometry":{"type":"Point","coordinates":[-3.66465,40.40177]},"properties":{"stop_id":"5540","stop_code":"5540","stop_name":"Alfonso XIII - Peña Prieta","routes":["008","056","113"]}},{"type":"Feature","geometry":{"type":"Point","coordinates":[-3.66213,40.4014]},"properties":{"stop_id":"5541","stop_code":"5541","stop_name":"Santa Marta - Alfonso XIII","routes":["008","056","113"]}},{"type":"Feature","geometry":{"type":"Point","coordinates":[-3.70068,40.42642]},"properties":{"stop_id":"5542","stop_code":"5542","stop_name":"Tribunal","routes":["040"]}},{"type":"Feature","geometry":{"type":"Point","coordinates":[-3.69224,40.49825]},"properties":{"stop_id":"5543","stop_code":"5543","stop_name":"Afueras A Valverde - Bella Altisidora","routes":["524"]}},{"type":"Feature","geometry":{"type":"Point","coordinates":[-3.69247,40.49797]},"properties":{"stop_id":"5544","stop_code":"5544","stop_name":"Afueras A Valverde - San Cugat","routes":["524"]}},{"type":"Feature","geometry":{"type":"Point","coordinates":[-3.65764,40.463]},"properties":{"stop_id":"5545","stop_code":"5545","stop_name":"Junta Municipal De Hortaleza","routes":["073","503"]}},{"type":"Feature","geometry":{"type":"Point","coordinates":[-3.62612,40.46852]},"properties":{"stop_id":"5547","stop_code":"5547","stop_name":"Ribera Del Loira - Ribera Del Sena","routes":["104"]}},{"type":"Feature","geometry":{"type":"Point","coordinates":[-3.62706,40.46931]},"properties":{"stop_id":"5548","stop_code":"5548","stop_name":"Tomás Redondo - Ribera Del Loira","routes":["451"]}},{"type":"Feature","geometry":{"type":"Point","coordinates":[-3.72687,40.38773]},"properties":{"stop_id":"5549","stop_code":"5549","stop_name":"Camino Viejo Leganés - Valle De Oro","routes":["055","081","108","517"]}},{"type":"Feature","geometry":{"type":"Point","coordinates":[-3.73035,40.38838]},"properties":{"stop_id":"5550","stop_code":"5550","stop_name":"Oporto","routes":["081","108","517"]}},{"type":"Feature","geometry":{"type":"Point","coordinates":[-3.69137,40.39989]},"properties":{"stop_id":"5558","stop_code":"5558","stop_name":"Ramírez De Prado - General Lacy","routes":["008"]}},{"type":"Feature","geometry":{"type":"Point","coordinates":[-3.74536,40.40476]},"properties":{"stop_id":"5559","stop_code":"5559","stop_name":"Lucero","routes":["031","039","158","869"]}},{"type":"Feature","geometry":{"type":"Point","coordinates":[-3.72335,40.39381]},"properties":{"stop_id":"5560","stop_code":"5560","stop_name":"General Ricardos - Camino Viejo Leganés","routes":["034","035","118","119","526"]}},{"type":"Feature","geometry":{"type":"Point","coordinates":[-3.62578,40.38415]},"properties":{"stop_id":"5561","stop_code":"5561","stop_name":"Democracia - Arboleda","routes":["090"]}},{"type":"Feature","geometry":{"type":"Point","coordinates":[-3.6256,40.38416]},"properties":{"stop_id":"5562","stop_code":"5562","stop_name":"Democracia - Arboleda","routes":["090"]}},{"type":"Feature","geometry":{"type":"Point","coordinates":[-3.69231,40.4235]},"properties":{"stop_id":"5564","stop_code":"5564","stop_name":"Bárbara De Braganza","routes":["037"]}},{"type":"Feature","geometry":{"type":"Point","coordinates":[-3.67546,40.39612]},"properties":{"stop_id":"5566","stop_code":"5566","stop_name":"Ombú - Acanto","routes":["113"]}},{"type":"Feature","geometry":{"type":"Point","coordinates":[-3.70725,40.42035]},"properties":{"stop_id":"5568","stop_code":"5568","stop_name":"Callao","routes":["146"]}},{"type":"Feature","geometry":{"type":"Point","coordinates":[-3.7073,40.42018]},"properties":{"stop_id":"5569","stop_code":"5569","stop_name":"Callao","routes":["075"]}},{"type":"Feature","geometry":{"type":"Point","coordinates":[-3.70707,40.42017]},"properties":{"stop_id":"5570","stop_code":"5570","stop_name":"Callao","routes":["147"]}},{"type":"Feature","geometry":{"type":"Point","coordinates":[-3.70681,40.42014]},"properties":{"stop_id":"5571","stop_code":"5571","stop_name":"Callao","routes":["148"]}},{"type":"Feature","geometry":{"type":"Point","coordinates":[-3.70842,40.42082]},"properties":{"stop_id":"5572","stop_code":"5572","stop_name":"Callao","routes":["044"]}},{"type":"Feature","geometry":{"type":"Point","coordinates":[-3.70829,40.42106]},"properties":{"stop_id":"5573","stop_code":"5573","stop_name":"Callao","routes":["133"]}},{"type":"Feature","geometry":{"type":"Point","coordinates":[-3.58037,40.44346]},"properties":{"stop_id":"5574","stop_code":"5574","stop_name":"Nanclares De Oca - Arcaute","routes":["077","167"]}},{"type":"Feature","geometry":{"type":"Point","coordinates":[-3.71976,40.43607]},"properties":{"stop_id":"5575","stop_code":"5575","stop_name":"Moncloa","routes":["046"]}},{"type":"Feature","geometry":{"type":"Point","coordinates":[-3.7082,40.44781]},"properties":{"stop_id":"5591","stop_code":"5591","stop_name":"Cruz Roja","routes":["044"]}},{"type":"Feature","geometry":{"type":"Point","coordinates":[-3.5903,40.47313]},"properties":{"stop_id":"5592","stop_code":"5592","stop_name":"Playa De Zarauz","routes":["151"]}},{"type":"Feature","geometry":{"type":"Point","coordinates":[-3.59033,40.47326]},"properties":{"stop_id":"5593","stop_code":"5593","stop_name":"Playa De Zarauz","routes":["151"]}},{"type":"Feature","geometry":{"type":"Point","coordinates":[-3.62496,40.4535]},"properties":{"stop_id":"5594","stop_code":"5594","stop_name":"Avenida De Los Andes - Abelias","routes":["104"]}},{"type":"Feature","geometry":{"type":"Point","coordinates":[-3.62512,40.45379]},"properties":{"stop_id":"5595","stop_code":"5595","stop_name":"Avenida De Los Andes - Abelias","routes":["104"]}},{"type":"Feature","geometry":{"type":"Point","coordinates":[-3.71929,40.43581]},"properties":{"stop_id":"5597","stop_code":"5597","stop_name":"Moncloa","routes":["092"]}},{"type":"Feature","geometry":{"type":"Point","coordinates":[-3.78193,40.45236]},"properties":{"stop_id":"5598","stop_code":"5598","stop_name":"Arroyo Pozuelo - Húmera","routes":["160","528"]}},{"type":"Feature","geometry":{"type":"Point","coordinates":[-3.78244,40.45213]},"properties":{"stop_id":"5599","stop_code":"5599","stop_name":"Arroyo Pozuelo - Húmera","routes":["160","528"]}},{"type":"Feature","geometry":{"type":"Point","coordinates":[-3.73151,40.38849]},"properties":{"stop_id":"5600","stop_code":"5600","stop_name":"Oporto","routes":["055","516","870"]}},{"type":"Feature","geometry":{"type":"Point","coordinates":[-3.73157,40.38846]},"properties":{"stop_id":"5601","stop_code":"5601","stop_name":"Oporto","routes":["055","118","516","517","869"]}},{"type":"Feature","geometry":{"type":"Point","coordinates":[-3.68928,40.46668]},"properties":{"stop_id":"5602","stop_code":"5602","stop_name":"Plaza Castilla","routes":["027"]}},{"type":"Feature","geometry":{"type":"Point","coordinates":[-3.68892,40.46721]},"properties":{"stop_id":"5603","stop_code":"5603","stop_name":"Plaza Castilla","routes":["070"]}},{"type":"Feature","geometry":{"type":"Point","coordinates":[-3.68888,40.46734]},"properties":{"stop_id":"5604","stop_code":"5604","stop_name":"Plaza Castilla","routes":["135"]}},{"type":"Feature","geometry":{"type":"Point","coordinates":[-3.68881,40.46756]},"properties":{"stop_id":"5605","stop_code":"5605","stop_name":"Plaza Castilla","routes":["067"]}},{"type":"Feature","geometry":{"type":"Point","coordinates":[-3.68877,40.46773]},"properties":{"stop_id":"5606","stop_code":"5606","stop_name":"Plaza Castilla","routes":["129","177"]}},{"type":"Feature","geometry":{"type":"Point","coordinates":[-3.68871,40.46795]},"properties":{"stop_id":"5607","stop_code":"5607","stop_name":"Plaza Castilla","routes":["176"]}},{"type":"Feature","geometry":{"type":"Point","coordinates":[-3.68867,40.46808]},"properties":{"stop_id":"5608","stop_code":"5608","stop_name":"Plaza Castilla","routes":["175"]}},{"type":"Feature","geometry":{"type":"Point","coordinates":[-3.68863,40.46821]},"properties":{"stop_id":"5609","stop_code":"5609","stop_name":"Plaza Castilla","routes":["178"]}},{"type":"Feature","geometry":{"type":"Point","coordinates":[-3.68859,40.46835]},"properties":{"stop_id":"5610","stop_code":"5610","stop_name":"Plaza Castilla","routes":["134"]}},{"type":"Feature","geometry":{"type":"Point","coordinates":[-3.68906,40.46769]},"properties":{"stop_id":"5611","stop_code":"5611","stop_name":"Plaza Castilla","routes":["042","049"]}},{"type":"Feature","geometry":{"type":"Point","coordinates":[-3.68899,40.46798]},"properties":{"stop_id":"5612","stop_code":"5612","stop_name":"Plaza Castilla","routes":["173","174"]}},{"type":"Feature","geometry":{"type":"Point","coordinates":[-3.69174,40.44483]},"properties":{"stop_id":"5613","stop_code":"5613","stop_name":"Nuevos Ministerios Cercanías","routes":["881"]}},{"type":"Feature","geometry":{"type":"Point","coordinates":[-3.6097,40.44944]},"properties":{"stop_id":"5617","stop_code":"5617","stop_name":"Canillejas","routes":["165","200","504","532"]}},{"type":"Feature","geometry":{"type":"Point","coordinates":[-3.67561,40.42144]},"properties":{"stop_id":"5618","stop_code":"5618","stop_name":"O Donnell - Narváez","routes":["402","403"]}},{"type":"Feature","geometry":{"type":"Point","coordinates":[-3.67563,40.42166]},"properties":{"stop_id":"5619","stop_code":"5619","stop_name":"O Donnell - Narváez","routes":["402","403","404","405"]}},{"type":"Feature","geometry":{"type":"Point","coordinates":[-3.66828,40.42124]},"properties":{"stop_id":"5620","stop_code":"5620","stop_name":"Metro O Donnell","routes":["203","402","403","404","405","527"]}},{"type":"Feature","geometry":{"type":"Point","coordinates":[-3.64918,40.43209]},"properties":{"stop_id":"5621","stop_code":"5621","stop_name":"Hermanos Machado - San Juan De La Cuesta","routes":["113"]}},{"type":"Feature","geometry":{"type":"Point","coordinates":[-3.70195,40.39832]},"properties":{"stop_id":"5623","stop_code":"5623","stop_name":"Santa María De La Cabeza - Puente Praga","routes":["055","060","517"]}},{"type":"Feature","geometry":{"type":"Point","coordinates":[-3.71924,40.39608]},"properties":{"stop_id":"5624","stop_code":"5624","stop_name":"General Ricardos - Iglesia","routes":["034","035","118","119","526"]}},{"type":"Feature","geometry":{"type":"Point","coordinates":[-3.72112,40.39479]},"properties":{"stop_id":"5625","stop_code":"5625","stop_name":"General Ricardos - Comandante Fontanes","routes":["034","035","118","119","526"]}},{"type":"Feature","geometry":{"type":"Point","coordinates":[-3.69097,40.4241]},"properties":{"stop_id":"5626","stop_code":"5626","stop_name":"Biblioteca Nacional","routes":["005","014","027","045","053","150","501","522","523","524","525","526"]}},{"type":"Feature","geometry":{"type":"Point","coordinates":[-3.69125,40.42521]},"properties":{"stop_id":"5627","stop_code":"5627","stop_name":"Metro Colón","routes":["021","037","363"]}},{"type":"Feature","geometry":{"type":"Point","coordinates":[-3.72114,40.46478]},"properties":{"stop_id":"5628","stop_code":"5628","stop_name":"Sainz De Robles - Antonio Machado","routes":["064","137","520"]}},{"type":"Feature","geometry":{"type":"Point","coordinates":[-3.76448,40.39554]},"properties":{"stop_id":"5629","stop_code":"5629","stop_name":"Escalona - Illescas","routes":["121"]}},{"type":"Feature","geometry":{"type":"Point","coordinates":[-3.69512,40.4653]},"properties":{"stop_id":"5632","stop_code":"5632","stop_name":"Pinos Alta - Bravo Murillo","routes":["049","522"]}},{"type":"Feature","geometry":{"type":"Point","coordinates":[-3.69759,40.46616]},"properties":{"stop_id":"5633","stop_code":"5633","stop_name":"Veza","routes":["049","522"]}},{"type":"Feature","geometry":{"type":"Point","coordinates":[-3.69961,40.46759]},"properties":{"stop_id":"5634","stop_code":"5634","stop_name":"Plátano","routes":["049","522"]}},{"type":"Feature","geometry":{"type":"Point","coordinates":[-3.70082,40.46879]},"properties":{"stop_id":"5635","stop_code":"5635","stop_name":"Arroyo","routes":["049","522"]}},{"type":"Feature","geometry":{"type":"Point","coordinates":[-3.7023,40.46986]},"properties":{"stop_id":"5636","stop_code":"5636","stop_name":"Arroyo - Paseo De La Dirección","routes":["049","522"]}},{"type":"Feature","geometry":{"type":"Point","coordinates":[-3.68485,40.36335]},"properties":{"stop_id":"5638","stop_code":"5638","stop_name":"Los Rosales - Tanatorio","routes":["023","512"]}},{"type":"Feature","geometry":{"type":"Point","coordinates":[-3.69671,40.42634]},"properties":{"stop_id":"5639","stop_code":"5639","stop_name":"Santa Bárbara","routes":["003"]}},{"type":"Feature","geometry":{"type":"Point","coordinates":[-3.76853,40.37371]},"properties":{"stop_id":"5640","stop_code":"5640","stop_name":"Avenida De La Aviación - José De Cadalso","routes":["519"]}},{"type":"Feature","geometry":{"type":"Point","coordinates":[-3.77287,40.37438]},"properties":{"stop_id":"5641","stop_code":"5641","stop_name":"Avenida De La Aviación - Rafael Finat","routes":["519"]}},{"type":"Feature","geometry":{"type":"Point","coordinates":[-3.72209,40.4057]},"properties":{"stop_id":"5642","stop_code":"5642","stop_name":"Virgen Del Puerto - Mármol","routes":["036","050"]}},{"type":"Feature","geometry":{"type":"Point","coordinates":[-3.77908,40.45947]},"properties":{"stop_id":"5645","stop_code":"5645","stop_name":"Osa Mayor - Carretera De Húmera","routes":["160","161","528"]}},{"type":"Feature","geometry":{"type":"Point","coordinates":[-3.77476,40.46107]},"properties":{"stop_id":"5646","stop_code":"5646","stop_name":"Osa Mayor - Bellatrix","routes":["160"]}},{"type":"Feature","geometry":{"type":"Point","coordinates":[-3.57723,40.47346]},"properties":{"stop_id":"5649","stop_code":"5649","stop_name":"Plaza Mayor De Barajas","routes":["105","115","504"]}},{"type":"Feature","geometry":{"type":"Point","coordinates":[-3.61284,40.42712]},"properties":{"stop_id":"5650","stop_code":"5650","stop_name":"Arcos De Jalón - Avenida De Canillejas","routes":["004"]}},{"type":"Feature","geometry":{"type":"Point","coordinates":[-3.64849,40.43222]},"properties":{"stop_id":"5651","stop_code":"5651","stop_name":"José María Pereda - San Juan De La Cuesta","routes":["113"]}},{"type":"Feature","geometry":{"type":"Point","coordinates":[-3.72648,40.47885]},"properties":{"stop_id":"5652","stop_code":"5652","stop_name":"Herrera Oria - Islas Marquesas","routes":["064","083","133","179"]}},{"type":"Feature","geometry":{"type":"Point","coordinates":[-3.77388,40.37332]},"properties":{"stop_id":"5654","stop_code":"5654","stop_name":"Sinfonía - Danza","routes":["139"]}},{"type":"Feature","geometry":{"type":"Point","coordinates":[-3.6655,40.48811]},"properties":{"stop_id":"5657","stop_code":"5657","stop_name":"Virgen Del Cortijo","routes":["174","501"]}},{"type":"Feature","geometry":{"type":"Point","coordinates":[-3.66807,40.48809]},"properties":{"stop_id":"5658","stop_code":"5658","stop_name":"Avenida De Manoteras","routes":["150"]}},{"type":"Feature","geometry":{"type":"Point","coordinates":[-3.66522,40.48563]},"properties":{"stop_id":"5659","stop_code":"5659","stop_name":"Camino Fuente De La Mora","routes":["150"]}},{"type":"Feature","geometry":{"type":"Point","coordinates":[-3.66088,40.48573]},"properties":{"stop_id":"5660","stop_code":"5660","stop_name":"Ingeniero Herrera - Fuente De La Mora","routes":["150"]}},{"type":"Feature","geometry":{"type":"Point","coordinates":[-3.65992,40.48628]},"properties":{"stop_id":"5661","stop_code":"5661","stop_name":"Ingeniero Herrera - Fuente De La Mora","routes":["150","501"]}},{"type":"Feature","geometry":{"type":"Point","coordinates":[-3.72386,40.38501]},"properties":{"stop_id":"5662","stop_code":"5662","stop_name":"Portalegre - Avenida Oporto","routes":["108"]}},{"type":"Feature","geometry":{"type":"Point","coordinates":[-3.72347,40.38572]},"properties":{"stop_id":"5663","stop_code":"5663","stop_name":"Opañel","routes":["108"]}},{"type":"Feature","geometry":{"type":"Point","coordinates":[-3.58145,40.45708]},"properties":{"stop_id":"5665","stop_code":"5665","stop_name":"Centro De Carga Aérea","routes":["101"]}},{"type":"Feature","geometry":{"type":"Point","coordinates":[-3.66429,40.38689]},"properties":{"stop_id":"5667","stop_code":"5667","stop_name":"Martínez De La Riva - Puerto Bonaigua","routes":["057"]}},{"type":"Feature","geometry":{"type":"Point","coordinates":[-3.65406,40.39194]},"properties":{"stop_id":"5671","stop_code":"5671","stop_name":"Buenos Aires","routes":["141"]}},{"type":"Feature","geometry":{"type":"Point","coordinates":[-3.79494,40.46802]},"properties":{"stop_id":"5678","stop_code":"5678","stop_name":"Cabellera Berenice - Valle Toranzo","routes":["162","528"]}},{"type":"Feature","geometry":{"type":"Point","coordinates":[-3.79529,40.4681]},"properties":{"stop_id":"5679","stop_code":"5679","stop_name":"Valle De Toranzo - Berenice","routes":["162"]}},{"type":"Feature","geometry":{"type":"Point","coordinates":[-3.66533,40.39389]},"properties":{"stop_id":"5681","stop_code":"5681","stop_name":"Puerto De Pajares - Arroyo Del Olivar","routes":["010"]}},{"type":"Feature","geometry":{"type":"Point","coordinates":[-3.58428,40.39836]},"properties":{"stop_id":"5683","stop_code":"5683","stop_name":"Polígono Industrial Vicálvaro","routes":["452"]}},{"type":"Feature","geometry":{"type":"Point","coordinates":[-3.58573,40.39611]},"properties":{"stop_id":"5684","stop_code":"5684","stop_name":"Rivas - Avenida Del Parque","routes":["452"]}},{"type":"Feature","geometry":{"type":"Point","coordinates":[-3.76043,40.38516]},"properties":{"stop_id":"5685","stop_code":"5685","stop_name":"Aluche","routes":["155"]}},{"type":"Feature","geometry":{"type":"Point","coordinates":[-3.76076,40.38517]},"properties":{"stop_id":"5686","stop_code":"5686","stop_name":"Aluche","routes":["096"]}},{"type":"Feature","geometry":{"type":"Point","coordinates":[-3.71934,40.37465]},"properties":{"stop_id":"5687","stop_code":"5687","stop_name":"Avenida De Los Poblados - Carretera Toledo","routes":["155"]}},{"type":"Feature","geometry":{"type":"Point","coordinates":[-3.62879,40.42645]},"properties":{"stop_id":"5688","stop_code":"5688","stop_name":"Castillo De Uclés - Hermanos García Noblejas","routes":["109"]}},{"type":"Feature","geometry":{"type":"Point","coordinates":[-3.62551,40.42784]},"properties":{"stop_id":"5689","stop_code":"5689","stop_name":"Castillo De Uclés - Zaratán","routes":["109"]}},{"type":"Feature","geometry":{"type":"Point","coordinates":[-3.62321,40.43022]},"properties":{"stop_id":"5690","stop_code":"5690","stop_name":"Castillo De Uclés - Castillo De Simancas","routes":["109"]}},{"type":"Feature","geometry":{"type":"Point","coordinates":[-3.62299,40.43251]},"properties":{"stop_id":"5691","stop_code":"5691","stop_name":"Castillo De Uclés","routes":["109"]}},{"type":"Feature","geometry":{"type":"Point","coordinates":[-3.62344,40.43009]},"properties":{"stop_id":"5692","stop_code":"5692","stop_name":"Castillo De Uclés - Castillo De Simancas","routes":["109"]}},{"type":"Feature","geometry":{"type":"Point","coordinates":[-3.62528,40.42811]},"properties":{"stop_id":"5693","stop_code":"5693","stop_name":"Castillo De Uclés - Zaratán","routes":["109"]}},{"type":"Feature","geometry":{"type":"Point","coordinates":[-3.62868,40.42863]},"properties":{"stop_id":"5694","stop_code":"5694","stop_name":"Castillo De Madrigal De Las Altas Torres","routes":["109"]}},{"type":"Feature","geometry":{"type":"Point","coordinates":[-3.62895,40.42471]},"properties":{"stop_id":"5695","stop_code":"5695","stop_name":"Hermanos García Noblejas - Arcentales","routes":["109"]}},{"type":"Feature","geometry":{"type":"Point","coordinates":[-3.63168,40.42506]},"properties":{"stop_id":"5696","stop_code":"5696","stop_name":"Gandhi - José Arcones Gil","routes":["109"]}},{"type":"Feature","geometry":{"type":"Point","coordinates":[-3.72462,40.46105]},"properties":{"stop_id":"5698","stop_code":"5698","stop_name":"Puerta De Hierro","routes":["137"]}},{"type":"Feature","geometry":{"type":"Point","coordinates":[-3.68883,40.40773]},"properties":{"stop_id":"5700","stop_code":"5700","stop_name":"Alfonso XII - Estación De Atocha","routes":["019"]}},{"type":"Feature","geometry":{"type":"Point","coordinates":[-3.69731,40.38211]},"properties":{"stop_id":"5702","stop_code":"5702","stop_name":"Avenida De Córdoba","routes":["018","022","059","076","079","085","086","513","514"]}},{"type":"Feature","geometry":{"type":"Point","coordinates":[-3.69773,40.38405]},"properties":{"stop_id":"5703","stop_code":"5703","stop_name":"Almendrales","routes":["018","022","059","076","079","085","086","513","514"]}},{"type":"Feature","geometry":{"type":"Point","coordinates":[-3.69895,40.38764]},"properties":{"stop_id":"5704","stop_code":"5704","stop_name":"Glorieta De Cádiz","routes":["018","022","059","076","079","085","086","513","514"]}},{"type":"Feature","geometry":{"type":"Point","coordinates":[-3.68957,40.40627]},"properties":{"stop_id":"5705","stop_code":"5705","stop_name":"Estación De Atocha","routes":["054","057"]}},{"type":"Feature","geometry":{"type":"Point","coordinates":[-3.68997,40.40623]},"properties":{"stop_id":"5706","stop_code":"5706","stop_name":"Estación De Atocha","routes":["024"]}},{"type":"Feature","geometry":{"type":"Point","coordinates":[-3.69014,40.4064]},"properties":{"stop_id":"5707","stop_code":"5707","stop_name":"Estación De Atocha","routes":["086"]}},{"type":"Feature","geometry":{"type":"Point","coordinates":[-3.69001,40.40666]},"properties":{"stop_id":"5708","stop_code":"5708","stop_name":"Estación De Atocha","routes":["085"]}},{"type":"Feature","geometry":{"type":"Point","coordinates":[-3.68984,40.40675]},"properties":{"stop_id":"5709","stop_code":"5709","stop_name":"Estación De Atocha","routes":["203","529"]}},{"type":"Feature","geometry":{"type":"Point","coordinates":[-3.6897,40.40686]},"properties":{"stop_id":"5710","stop_code":"5710","stop_name":"Estación De Atocha","routes":["361","530"]}},{"type":"Feature","geometry":{"type":"Point","coordinates":[-3.6098,40.44891]},"properties":{"stop_id":"5713","stop_code":"5713","stop_name":"Canillejas","routes":["140"]}},{"type":"Feature","geometry":{"type":"Point","coordinates":[-3.60971,40.44908]},"properties":{"stop_id":"5714","stop_code":"5714","stop_name":"Canillejas","routes":["088"]}},{"type":"Feature","geometry":{"type":"Point","coordinates":[-3.60982,40.44918]},"properties":{"stop_id":"5715","stop_code":"5715","stop_name":"Canillejas","routes":["151"]}},{"type":"Feature","geometry":{"type":"Point","coordinates":[-3.72715,40.46531]},"properties":{"stop_id":"5716","stop_code":"5716","stop_name":"Isla De Oza - San Martín De Porres","routes":["082"]}},{"type":"Feature","geometry":{"type":"Point","coordinates":[-3.6894,40.40633]},"properties":{"stop_id":"5717","stop_code":"5717","stop_name":"Estación De Atocha","routes":["141"]}},{"type":"Feature","geometry":{"type":"Point","coordinates":[-3.69939,40.38751]},"properties":{"stop_id":"5718","stop_code":"5718","stop_name":"Glorieta De Cádiz","routes":["018","022","059","076","079","085","086","513","514"]}},{"type":"Feature","geometry":{"type":"Point","coordinates":[-3.69826,40.38372]},"properties":{"stop_id":"5719","stop_code":"5719","stop_name":"Almendrales","routes":["018","022","059","076","079","085","086","513","514"]}},{"type":"Feature","geometry":{"type":"Point","coordinates":[-3.69765,40.38187]},"properties":{"stop_id":"5720","stop_code":"5720","stop_name":"Avenida De Córdoba","routes":["018","022","059","076","079","085","086","513","514"]}},{"type":"Feature","geometry":{"type":"Point","coordinates":[-3.69589,40.37651]},"properties":{"stop_id":"5721","stop_code":"5721","stop_name":"Hospital 12 Octubre","routes":["081","121","515"]}},{"type":"Feature","geometry":{"type":"Point","coordinates":[-3.68894,40.46822]},"properties":{"stop_id":"5722","stop_code":"5722","stop_name":"Plaza Castilla","routes":["107"]}},{"type":"Feature","geometry":{"type":"Point","coordinates":[-3.59354,40.4921]},"properties":{"stop_id":"5726","stop_code":"5726","stop_name":"Aeropuerto T4","routes":["203","527"]}},{"type":"Feature","geometry":{"type":"Point","coordinates":[-3.69265,40.41862]},"properties":{"stop_id":"5727","stop_code":"5727","stop_name":"Cibeles","routes":["401","502","503"]}},{"type":"Feature","geometry":{"type":"Point","coordinates":[-3.72995,40.48357]},"properties":{"stop_id":"5729","stop_code":"5729","stop_name":"Rosalía De Castro - Ramón Gómez De La Serna","routes":["082"]}},{"type":"Feature","geometry":{"type":"Point","coordinates":[-3.77291,40.39479]},"properties":{"stop_id":"5731","stop_code":"5731","stop_name":"Sebastián Álvaro","routes":["096"]}},{"type":"Feature","geometry":{"type":"Point","coordinates":[-3.69463,40.39367]},"properties":{"stop_id":"5741","stop_code":"5741","stop_name":"Beata","routes":["062"]}},{"type":"Feature","geometry":{"type":"Point","coordinates":[-3.75207,40.41359]},"properties":{"stop_id":"5743","stop_code":"5743","stop_name":"Parque De Atracciones","routes":["033"]}},{"type":"Feature","geometry":{"type":"Point","coordinates":[-3.75412,40.41254]},"properties":{"stop_id":"5744","stop_code":"5744","stop_name":"Venta Del Batán","routes":["033"]}},{"type":"Feature","geometry":{"type":"Point","coordinates":[-3.62378,40.41755]},"properties":{"stop_id":"5746","stop_code":"5746","stop_name":"Alsacia","routes":["167"]}},{"type":"Feature","geometry":{"type":"Point","coordinates":[-3.62322,40.41782]},"properties":{"stop_id":"5747","stop_code":"5747","stop_name":"Alsacia","routes":["070"]}},{"type":"Feature","geometry":{"type":"Point","coordinates":[-3.70818,40.41605]},"properties":{"stop_id":"5749","stop_code":"5749","stop_name":"Mayor - Siete De Julio","routes":["603"]}},{"type":"Feature","geometry":{"type":"Point","coordinates":[-3.62516,40.38414]},"properties":{"stop_id":"5751","stop_code":"5751","stop_name":"Democracia - Arboleda","routes":["130"]}},{"type":"Feature","geometry":{"type":"Point","coordinates":[-3.62476,40.38388]},"properties":{"stop_id":"5752","stop_code":"5752","stop_name":"Democracia - Arboleda","routes":["130"]}},{"type":"Feature","geometry":{"type":"Point","coordinates":[-3.62973,40.37753]},"properties":{"stop_id":"5758","stop_code":"5758","stop_name":"San Jaime - Sierra Vieja","routes":["130","454"]}},{"type":"Feature","geometry":{"type":"Point","coordinates":[-3.63,40.3775]},"properties":{"stop_id":"5759","stop_code":"5759","stop_name":"San Jaime - Sierra Vieja","routes":["130","454"]}},{"type":"Feature","geometry":{"type":"Point","coordinates":[-3.7306,40.42744]},"properties":{"stop_id":"5761","stop_code":"5761","stop_name":"Ribera Manzanares - Felipe Moratilla","routes":["041","075"]}},{"type":"Feature","geometry":{"type":"Point","coordinates":[-3.66029,40.45865]},"properties":{"stop_id":"5768","stop_code":"5768","stop_name":"Arturo Soria","routes":["053"]}},{"type":"Feature","geometry":{"type":"Point","coordinates":[-3.59304,40.4057]},"properties":{"stop_id":"5772","stop_code":"5772","stop_name":"Abad Juan Catalán","routes":["106"]}},{"type":"Feature","geometry":{"type":"Point","coordinates":[-3.6542,40.37711]},"properties":{"stop_id":"5774","stop_code":"5774","stop_name":"Palomeras","routes":["010"]}},{"type":"Feature","geometry":{"type":"Point","coordinates":[-3.68453,40.36339]},"properties":{"stop_id":"5775","stop_code":"5775","stop_name":"Los Rosales - Tanatorio","routes":["023","512"]}},{"type":"Feature","geometry":{"type":"Point","coordinates":[-3.69738,40.39394]},"properties":{"stop_id":"5776","stop_code":"5776","stop_name":"Guillermo De Osma","routes":["062"]}},{"type":"Feature","geometry":{"type":"Point","coordinates":[-3.62781,40.37264]},"properties":{"stop_id":"5777","stop_code":"5777","stop_name":"Valderrebollo - Centro Alzheimer","routes":["103"]}},{"type":"Feature","geometry":{"type":"Point","coordinates":[-3.56982,40.4443]},"properties":{"stop_id":"5781","stop_code":"5781","stop_name":"Fermina Sevillano - Diciembre","routes":["077","167","505"]}},{"type":"Feature","geometry":{"type":"Point","coordinates":[-3.68032,40.43999]},"properties":{"stop_id":"5784","stop_code":"5784","stop_name":"Francisco Silvela - Príncipe De Vergara","routes":["073"]}},{"type":"Feature","geometry":{"type":"Point","coordinates":[-3.67905,40.43699]},"properties":{"stop_id":"5787","stop_code":"5787","stop_name":"Príncipe De Vergara - María De Molina","routes":["029","052"]}},{"type":"Feature","geometry":{"type":"Point","coordinates":[-3.67668,40.43766]},"properties":{"stop_id":"5788","stop_code":"5788","stop_name":"Avenida De América","routes":["072","504"]}},{"type":"Feature","geometry":{"type":"Point","coordinates":[-3.76579,40.3967]},"properties":{"stop_id":"5790","stop_code":"5790","stop_name":"Seseña - Centro De Salud","routes":["121"]}},{"type":"Feature","geometry":{"type":"Point","coordinates":[-3.72059,40.47453]},"properties":{"stop_id":"5791","stop_code":"5791","stop_name":"César Manrique - Chantada","routes":["137"]}},{"type":"Feature","geometry":{"type":"Point","coordinates":[-3.75011,40.47091]},"properties":{"stop_id":"5793","stop_code":"5793","stop_name":"Escuela Escp","routes":["083","133","164","179","531"]}},{"type":"Feature","geometry":{"type":"Point","coordinates":[-3.69,40.46848]},"properties":{"stop_id":"5798","stop_code":"5798","stop_name":"San Aquilino","routes":["177"]}},{"type":"Feature","geometry":{"type":"Point","coordinates":[-3.68955,40.47173]},"properties":{"stop_id":"5799","stop_code":"5799","stop_name":"Plaza Del Este","routes":["177"]}},{"type":"Feature","geometry":{"type":"Point","coordinates":[-3.69175,40.47238]},"properties":{"stop_id":"5800","stop_code":"5800","stop_name":"Matilde Landa","routes":["177"]}},{"type":"Feature","geometry":{"type":"Point","coordinates":[-3.69429,40.47328]},"properties":{"stop_id":"5801","stop_code":"5801","stop_name":"Plaza Del Norte","routes":["177"]}},{"type":"Feature","geometry":{"type":"Point","coordinates":[-3.69583,40.4719]},"properties":{"stop_id":"5802","stop_code":"5802","stop_name":"Nador","routes":["177"]}},{"type":"Feature","geometry":{"type":"Point","coordinates":[-3.69666,40.47097]},"properties":{"stop_id":"5803","stop_code":"5803","stop_name":"Sorolla - Avenida De Asturias","routes":["177"]}},{"type":"Feature","geometry":{"type":"Point","coordinates":[-3.70186,40.47159]},"properties":{"stop_id":"5804","stop_code":"5804","stop_name":"Paseo De La Dirección - Molina","routes":["177"]}},{"type":"Feature","geometry":{"type":"Point","coordinates":[-3.70307,40.46981]},"properties":{"stop_id":"5805","stop_code":"5805","stop_name":"Paseo De La Dirección - Cantueso","routes":["177"]}},{"type":"Feature","geometry":{"type":"Point","coordinates":[-3.70457,40.46803]},"properties":{"stop_id":"5806","stop_code":"5806","stop_name":"Plaza Calicanto","routes":["177"]}},{"type":"Feature","geometry":{"type":"Point","coordinates":[-3.70433,40.46463]},"properties":{"stop_id":"5807","stop_code":"5807","stop_name":"Robledo","routes":["177"]}},{"type":"Feature","geometry":{"type":"Point","coordinates":[-3.70596,40.46582]},"properties":{"stop_id":"5808","stop_code":"5808","stop_name":"Aligustre","routes":["177"]}},{"type":"Feature","geometry":{"type":"Point","coordinates":[-3.70408,40.46723]},"properties":{"stop_id":"5809","stop_code":"5809","stop_name":"Pinos Baja - Blanco Argibay","routes":["177"]}},{"type":"Feature","geometry":{"type":"Point","coordinates":[-3.70197,40.46925]},"properties":{"stop_id":"5810","stop_code":"5810","stop_name":"Pinos Baja - Arroyo","routes":["177"]}},{"type":"Feature","geometry":{"type":"Point","coordinates":[-3.70033,40.47087]},"properties":{"stop_id":"5811","stop_code":"5811","stop_name":"Pinos Baja - Molina","routes":["177"]}},{"type":"Feature","geometry":{"type":"Point","coordinates":[-3.69914,40.47169]},"properties":{"stop_id":"5812","stop_code":"5812","stop_name":"Avenida De Asturias - Pinos Baja","routes":["177"]}},{"type":"Feature","geometry":{"type":"Point","coordinates":[-3.6972,40.47029]},"properties":{"stop_id":"5813","stop_code":"5813","stop_name":"Avenida De Asturias - Rosario Romero","routes":["177"]}},{"type":"Feature","geometry":{"type":"Point","coordinates":[-3.69486,40.47173]},"properties":{"stop_id":"5814","stop_code":"5814","stop_name":"Joaquín Dicenta","routes":["177"]}},{"type":"Feature","geometry":{"type":"Point","coordinates":[-3.69129,40.47071]},"properties":{"stop_id":"5815","stop_code":"5815","stop_name":"Mártires De La Ventilla","routes":["177"]}},{"type":"Feature","geometry":{"type":"Point","coordinates":[-3.68917,40.47003]},"properties":{"stop_id":"5816","stop_code":"5816","stop_name":"Mártires De La Ventilla - Castellana","routes":["177"]}},{"type":"Feature","geometry":{"type":"Point","coordinates":[-3.66195,40.44081]},"properties":{"stop_id":"5817","stop_code":"5817","stop_name":"Parque De Las Avenidas","routes":["053","122"]}},{"type":"Feature","geometry":{"type":"Point","coordinates":[-3.70535,40.40251]},"properties":{"stop_id":"5820","stop_code":"5820","stop_name":"Paseo De La Esperanza - Vallejo Nájera","routes":["062"]}},{"type":"Feature","geometry":{"type":"Point","coordinates":[-3.66887,40.42044]},"properties":{"stop_id":"5822","stop_code":"5822","stop_name":"Doctor Esquerdo - O Donnell","routes":["002","030","056","143","156","530"]}},{"type":"Feature","geometry":{"type":"Point","coordinates":[-3.62913,40.42396]},"properties":{"stop_id":"5823","stop_code":"5823","stop_name":"Largo Caballero - Centro Salud","routes":["070"]}},{"type":"Feature","geometry":{"type":"Point","coordinates":[-3.58598,40.47223]},"properties":{"stop_id":"5825","stop_code":"5825","stop_name":"Nuestra Señora De Loreto","routes":["105","504"]}},{"type":"Feature","geometry":{"type":"Point","coordinates":[-3.61594,40.46417]},"properties":{"stop_id":"5827","stop_code":"5827","stop_name":"Feria De Madrid","routes":["122","503"]}},{"type":"Feature","geometry":{"type":"Point","coordinates":[-3.80707,40.47055]},"properties":{"stop_id":"5832","stop_code":"5832","stop_name":"Deusto","routes":["162"]}},{"type":"Feature","geometry":{"type":"Point","coordinates":[-3.59716,40.40187]},"properties":{"stop_id":"5833","stop_code":"5833","stop_name":"Puerta De Arganda","routes":["403"]}},{"type":"Feature","geometry":{"type":"Point","coordinates":[-3.70013,40.41736]},"properties":{"stop_id":"5837","stop_code":"5837","stop_name":"Sevilla","routes":["601"]}},{"type":"Feature","geometry":{"type":"Point","coordinates":[-3.59635,40.40165]},"properties":{"stop_id":"5838","stop_code":"5838","stop_name":"Puerta Arganda","routes":["071"]}},{"type":"Feature","geometry":{"type":"Point","coordinates":[-3.59635,40.40139]},"properties":{"stop_id":"5839","stop_code":"5839","stop_name":"Puerta Arganda","routes":["452","718"]}},{"type":"Feature","geometry":{"type":"Point","coordinates":[-3.59161,40.47145]},"properties":{"stop_id":"5844","stop_code":"5844","stop_name":"Valhondo - Ciclón","routes":["105","151","166"]}},{"type":"Feature","geometry":{"type":"Point","coordinates":[-3.59125,40.4714]},"properties":{"stop_id":"5845","stop_code":"5845","stop_name":"Valhondo - Ciclón","routes":["105","151","166"]}},{"type":"Feature","geometry":{"type":"Point","coordinates":[-3.6623,40.48409]},"properties":{"stop_id":"5846","stop_code":"5846","stop_name":"Fuente De La Mora","routes":["150"]}},{"type":"Feature","geometry":{"type":"Point","coordinates":[-3.63773,40.46936]},"properties":{"stop_id":"5847","stop_code":"5847","stop_name":"Mar De Cristal","routes":["153"]}},{"type":"Feature","geometry":{"type":"Point","coordinates":[-3.63887,40.46939]},"properties":{"stop_id":"5848","stop_code":"5848","stop_name":"Mar De Cristal","routes":["104"]}},{"type":"Feature","geometry":{"type":"Point","coordinates":[-3.65759,40.49944]},"properties":{"stop_id":"5850","stop_code":"5850","stop_name":"Alcalá Zamora - María Tudor","routes":["170","172","372","831"]}},{"type":"Feature","geometry":{"type":"Point","coordinates":[-3.62643,40.45162]},"properties":{"stop_id":"5851","stop_code":"5851","stop_name":"Glorieta Del Yucatán","routes":["104"]}},{"type":"Feature","geometry":{"type":"Point","coordinates":[-3.62687,40.45177]},"properties":{"stop_id":"5852","stop_code":"5852","stop_name":"Glorieta Del Yucatán","routes":["104"]}},{"type":"Feature","geometry":{"type":"Point","coordinates":[-3.68992,40.40724]},"properties":{"stop_id":"5853","stop_code":"5853","stop_name":"Estación De Atocha","routes":["102"]}},{"type":"Feature","geometry":{"type":"Point","coordinates":[-3.67948,40.35319]},"properties":{"stop_id":"5856","stop_code":"5856","stop_name":"Los Rosales - Niquel","routes":["085","123"]}},{"type":"Feature","geometry":{"type":"Point","coordinates":[-3.67551,40.43836]},"properties":{"stop_id":"5857","stop_code":"5857","stop_name":"Av. América - Fco. Silvela","routes":["532"]}},{"type":"Feature","geometry":{"type":"Point","coordinates":[-3.5925,40.36578]},"properties":{"stop_id":"5859","stop_code":"5859","stop_name":"Cardenal Tarancón - Antonio Gades","routes":["145"]}},{"type":"Feature","geometry":{"type":"Point","coordinates":[-3.67025,40.39814]},"properties":{"stop_id":"5860","stop_code":"5860","stop_name":"Puente De Vallecas","routes":["113"]}},{"type":"Feature","geometry":{"type":"Point","coordinates":[-3.69908,40.48801]},"properties":{"stop_id":"5862","stop_code":"5862","stop_name":"Alfredo Marqueríe - Sangenjo","routes":["067"]}},{"type":"Feature","geometry":{"type":"Point","coordinates":[-3.66496,40.51373]},"properties":{"stop_id":"5864","stop_code":"5864","stop_name":"Ronda Comunicación - Edificio Central","routes":["172","455"]}},{"type":"Feature","geometry":{"type":"Point","coordinates":[-3.66389,40.5026]},"properties":{"stop_id":"5865","stop_code":"5865","stop_name":"Sauceda - Abetal","routes":["172","372","455"]}},{"type":"Feature","geometry":{"type":"Point","coordinates":[-3.66444,40.50222]},"properties":{"stop_id":"5866","stop_code":"5866","stop_name":"Sauceda - Abetal","routes":["172","372","455"]}},{"type":"Feature","geometry":{"type":"Point","coordinates":[-3.66689,40.50145]},"properties":{"stop_id":"5867","stop_code":"5867","stop_name":"Sauceda - Azul","routes":["172","372","455"]}},{"type":"Feature","geometry":{"type":"Point","coordinates":[-3.66706,40.50123]},"properties":{"stop_id":"5868","stop_code":"5868","stop_name":"Sauceda - Azul","routes":["172","372","455"]}},{"type":"Feature","geometry":{"type":"Point","coordinates":[-3.67178,40.50186]},"properties":{"stop_id":"5869","stop_code":"5869","stop_name":"Atapuerca - San Juan De Ortega","routes":["455"]}},{"type":"Feature","geometry":{"type":"Point","coordinates":[-3.6713,40.50163]},"properties":{"stop_id":"5870","stop_code":"5870","stop_name":"Atapuerca - San Juan De Ortega","routes":["455"]}},{"type":"Feature","geometry":{"type":"Point","coordinates":[-3.67546,40.50168]},"properties":{"stop_id":"5871","stop_code":"5871","stop_name":"Las Tablas","routes":["455"]}},{"type":"Feature","geometry":{"type":"Point","coordinates":[-3.66557,40.5172]},"properties":{"stop_id":"5872","stop_code":"5872","stop_name":"Telefónica","routes":["172","455"]}},{"type":"Feature","geometry":{"type":"Point","coordinates":[-3.7117,40.38492]},"properties":{"stop_id":"5875","stop_code":"5875","stop_name":"Rafaela Ybarra - Marcelo Usera","routes":["515"]}},{"type":"Feature","geometry":{"type":"Point","coordinates":[-3.6974,40.42626]},"properties":{"stop_id":"5876","stop_code":"5876","stop_name":"Santa Bárbara","routes":["037"]}},{"type":"Feature","geometry":{"type":"Point","coordinates":[-3.62436,40.36895]},"properties":{"stop_id":"5878","stop_code":"5878","stop_name":"Centro De Salud Ensanche Vallecas","routes":["103"]}},{"type":"Feature","geometry":{"type":"Point","coordinates":[-3.62422,40.36911]},"properties":{"stop_id":"5879","stop_code":"5879","stop_name":"Ecobulevar","routes":["103"]}},{"type":"Feature","geometry":{"type":"Point","coordinates":[-3.74758,40.38462]},"properties":{"stop_id":"5880","stop_code":"5880","stop_name":"Fátima - Nuestra Señora De La Luz","routes":["017"]}},{"type":"Feature","geometry":{"type":"Point","coordinates":[-3.74917,40.38533]},"properties":{"stop_id":"5881","stop_code":"5881","stop_name":"Metro Eugenia De Montijo","routes":["017","526"]}},{"type":"Feature","geometry":{"type":"Point","coordinates":[-3.68896,40.45919]},"properties":{"stop_id":"5882","stop_code":"5882","stop_name":"Cuzco","routes":["011","040"]}},{"type":"Feature","geometry":{"type":"Point","coordinates":[-3.70172,40.33635]},"properties":{"stop_id":"5883","stop_code":"5883","stop_name":"Resina - San Eustaquio","routes":["079"]}},{"type":"Feature","geometry":{"type":"Point","coordinates":[-3.63468,40.40807]},"properties":{"stop_id":"5884","stop_code":"5884","stop_name":"García Tapia - Oberón","routes":["030","508"]}},{"type":"Feature","geometry":{"type":"Point","coordinates":[-3.61528,40.49685]},"properties":{"stop_id":"5887","stop_code":"5887","stop_name":"Félix Candela","routes":["171","174","502"]}},{"type":"Feature","geometry":{"type":"Point","coordinates":[-3.62592,40.47602]},"properties":{"stop_id":"5888","stop_code":"5888","stop_name":"Manuel Muñoz Monasterio","routes":["171"]}},{"type":"Feature","geometry":{"type":"Point","coordinates":[-3.62605,40.47599]},"properties":{"stop_id":"5889","stop_code":"5889","stop_name":"Manuel Muñoz Monasterio","routes":["171"]}},{"type":"Feature","geometry":{"type":"Point","coordinates":[-3.62569,40.48134]},"properties":{"stop_id":"5890","stop_code":"5890","stop_name":"Isidro González Velázquez","routes":["171"]}},{"type":"Feature","geometry":{"type":"Point","coordinates":[-3.62673,40.48195]},"properties":{"stop_id":"5891","stop_code":"5891","stop_name":"Isidro González Velázquez","routes":["171","502"]}},{"type":"Feature","geometry":{"type":"Point","coordinates":[-3.61148,40.48893]},"properties":{"stop_id":"5892","stop_code":"5892","stop_name":"Samaranch - Pérez Pita","routes":["171","174","502"]}},{"type":"Feature","geometry":{"type":"Point","coordinates":[-3.61204,40.48928]},"properties":{"stop_id":"5893","stop_code":"5893","stop_name":"Samaranch - Pérez Pita","routes":["171","174","502"]}},{"type":"Feature","geometry":{"type":"Point","coordinates":[-3.61495,40.49424]},"properties":{"stop_id":"5894","stop_code":"5894","stop_name":"Samaranch - Josefina Aldecoa","routes":["171","174","502"]}},{"type":"Feature","geometry":{"type":"Point","coordinates":[-3.61495,40.49391]},"properties":{"stop_id":"5895","stop_code":"5895","stop_name":"Samaranch - Josefina Aldecoa","routes":["171","174","502"]}},{"type":"Feature","geometry":{"type":"Point","coordinates":[-3.62278,40.48211]},"properties":{"stop_id":"5899","stop_code":"5899","stop_name":"Fuerzas Armadas - Francisco Umbral","routes":["171","174","831"]}},{"type":"Feature","geometry":{"type":"Point","coordinates":[-3.69849,40.41796]},"properties":{"stop_id":"5907","stop_code":"5907","stop_name":"Sol - Sevilla","routes":["005","150"]}},{"type":"Feature","geometry":{"type":"Point","coordinates":[-3.61737,40.48285]},"properties":{"stop_id":"5911","stop_code":"5911","stop_name":"Valdebebas Cercanías","routes":["171","174","502"]}},{"type":"Feature","geometry":{"type":"Point","coordinates":[-3.61786,40.48313]},"properties":{"stop_id":"5912","stop_code":"5912","stop_name":"Valdebebas Cercanías","routes":["171","174","502"]}},{"type":"Feature","geometry":{"type":"Point","coordinates":[-3.62788,40.48341]},"properties":{"stop_id":"5915","stop_code":"5915","stop_name":"Fuerzas Armadas - Maestra Dolores Marco","routes":["174","831"]}},{"type":"Feature","geometry":{"type":"Point","coordinates":[-3.62316,40.48247]},"properties":{"stop_id":"5916","stop_code":"5916","stop_name":"Fuerzas Armadas - Francisco Umbral","routes":["171","174","831"]}},{"type":"Feature","geometry":{"type":"Point","coordinates":[-3.63211,40.48595]},"properties":{"stop_id":"5917","stop_code":"5917","stop_name":"Fuerzas Armadas - Maragatería","routes":["174","831"]}},{"type":"Feature","geometry":{"type":"Point","coordinates":[-3.62805,40.48368]},"properties":{"stop_id":"5918","stop_code":"5918","stop_name":"Fuerzas Armadas - Maestra Dolores Marco","routes":["174","831"]}},{"type":"Feature","geometry":{"type":"Point","coordinates":[-3.63673,40.48587]},"properties":{"stop_id":"5919","stop_code":"5919","stop_name":"Fuerzas Armadas - Parque Valdebebas","routes":["174","831"]}},{"type":"Feature","geometry":{"type":"Point","coordinates":[-3.63213,40.4861]},"properties":{"stop_id":"5920","stop_code":"5920","stop_name":"Fuerzas Armadas - Maragatería","routes":["174","831"]}},{"type":"Feature","geometry":{"type":"Point","coordinates":[-3.65486,40.48804]},"properties":{"stop_id":"5921","stop_code":"5921","stop_name":"Francisco Pi Y Margall - Alcalde Moreno Torres","routes":["172","174","372","831"]}},{"type":"Feature","geometry":{"type":"Point","coordinates":[-3.63704,40.48587]},"properties":{"stop_id":"5922","stop_code":"5922","stop_name":"Fuerzas Armadas - Parque Valdebebas","routes":["174","831"]}},{"type":"Feature","geometry":{"type":"Point","coordinates":[-3.65874,40.49005]},"properties":{"stop_id":"5923","stop_code":"5923","stop_name":"Francisco Pi Y Margall - Vicente Blasco Ibañez","routes":["831"]}},{"type":"Feature","geometry":{"type":"Point","coordinates":[-3.65913,40.49071]},"properties":{"stop_id":"5924","stop_code":"5924","stop_name":"Francisco Pi Y Margall - Vicente Blasco Ibañez","routes":["831"]}},{"type":"Feature","geometry":{"type":"Point","coordinates":[-3.65806,40.49399]},"properties":{"stop_id":"5925","stop_code":"5925","stop_name":"Ana De Austria - Principe Carlos","routes":["173","831"]}},{"type":"Feature","geometry":{"type":"Point","coordinates":[-3.65824,40.49339]},"properties":{"stop_id":"5926","stop_code":"5926","stop_name":"Ana De Austria - Princesa De Éboli","routes":["173","501","831"]}},{"type":"Feature","geometry":{"type":"Point","coordinates":[-3.6546,40.49802]},"properties":{"stop_id":"5927","stop_code":"5927","stop_name":"Niceto Alcalá Zamora - Ana De Austria","routes":["170","172","173","372","831"]}},{"type":"Feature","geometry":{"type":"Point","coordinates":[-3.6575,40.49986]},"properties":{"stop_id":"5928","stop_code":"5928","stop_name":"Niceto Alcalá Zamora - Isabel De Valois","routes":["170","172","372","831"]}},{"type":"Feature","geometry":{"type":"Point","coordinates":[-3.69541,40.48688]},"properties":{"stop_id":"5929","stop_code":"5929","stop_name":"Hospital Ramón Y Cajal","routes":["831"]}},{"type":"Feature","geometry":{"type":"Point","coordinates":[-3.54874,40.40107]},"properties":{"stop_id":"5937","stop_code":"5937","stop_name":"El Cañaveral","routes":["506"]}},{"type":"Feature","geometry":{"type":"Point","coordinates":[-3.73772,40.3708]},"properties":{"stop_id":"5938","stop_code":"5938","stop_name":"Vía Lusitana - Halconero Del Rey","routes":["401"]}},{"type":"Feature","geometry":{"type":"Point","coordinates":[-3.73748,40.37066]},"properties":{"stop_id":"5939","stop_code":"5939","stop_name":"Vía Lusitana - Halconero Del Rey","routes":["401"]}},{"type":"Feature","geometry":{"type":"Point","coordinates":[-3.65367,40.497]},"properties":{"stop_id":"5943","stop_code":"5943","stop_name":"Niceto Alcalá Zamora - Ana De Austria","routes":["170","501"]}},{"type":"Feature","geometry":{"type":"Point","coordinates":[-3.72929,40.47527]},"properties":{"stop_id":"5950","stop_code":"5950","stop_name":"Islas Aleutianas - Joaquín Lorenzo","routes":["064","520"]}},{"type":"Feature","geometry":{"type":"Point","coordinates":[-3.77559,40.36242]},"properties":{"stop_id":"5957","stop_code":"5957","stop_name":"Pinar De San José - Centro De Acogida","routes":["832"]}},{"type":"Feature","geometry":{"type":"Point","coordinates":[-3.63613,40.39122]},"properties":{"stop_id":"5965","stop_code":"5965","stop_name":"San Claudio - Rafael Fernández Hijicos","routes":["054"]}},{"type":"Feature","geometry":{"type":"Point","coordinates":[-3.66988,40.40834]},"properties":{"stop_id":"5972","stop_code":"5972","stop_name":"Conde De Casal","routes":["032","056","156","869"]}},{"type":"Feature","geometry":{"type":"Point","coordinates":[-3.6089,40.4829]},"properties":{"stop_id":"5973","stop_code":"5973","stop_name":"Glorieta De Antoñete","routes":["831"]}},{"type":"Feature","geometry":{"type":"Point","coordinates":[-3.62376,40.49758]},"properties":{"stop_id":"5974","stop_code":"5974","stop_name":"Glorieta De Antonio Bonet","routes":["831"]}},{"type":"Feature","geometry":{"type":"Point","coordinates":[-3.62384,40.49694]},"properties":{"stop_id":"5975","stop_code":"5975","stop_name":"María Mercedes De Borbón - Félix Candela","routes":["831"]}},{"type":"Feature","geometry":{"type":"Point","coordinates":[-3.71134,40.48449]},"properties":{"stop_id":"5982","stop_code":"5982","stop_name":"Herrera Oria - Roda De Bará","routes":["049","134"]}},{"type":"Feature","geometry":{"type":"Point","coordinates":[-3.67642,40.50427]},"properties":{"stop_id":"5984","stop_code":"5984","stop_name":"Castiello De Jaca - Burguete","routes":["176"]}},{"type":"Feature","geometry":{"type":"Point","coordinates":[-3.63573,40.38977]},"properties":{"stop_id":"5985","stop_code":"5985","stop_name":"San Claudio - Andaluces","routes":["054"]}},{"type":"Feature","geometry":{"type":"Point","coordinates":[-3.729,40.47405]},"properties":{"stop_id":"5996","stop_code":"5996","stop_name":"López Ibor - Joaquín Lorenzo","routes":["042","064","137","520"]}},{"type":"Feature","geometry":{"type":"Point","coordinates":[-3.6156,40.44157]},"properties":{"stop_id":"5998","stop_code":"5998","stop_name":"Avenida De Canillejas - Néctar","routes":["140","153","165"]}},{"type":"Feature","geometry":{"type":"Point","coordinates":[-3.71863,40.43358]},"properties":{"stop_id":"6003","stop_code":"6003","stop_name":"Moncloa","routes":["083"]}},{"type":"Feature","geometry":{"type":"Point","coordinates":[-3.82037,40.46897]},"properties":{"stop_id":"6225","stop_code":"6225","stop_name":"Avenida De La Victoria - Virgen De Los Olmos","routes":["163"]}},{"type":"Feature","geometry":{"type":"Point","coordinates":[-3.82478,40.47063]},"properties":{"stop_id":"6226","stop_code":"6226","stop_name":"Avenida De La Victoria - Sáinz De La Calleja","routes":["163"]}},{"type":"Feature","geometry":{"type":"Point","coordinates":[-3.83236,40.47351]},"properties":{"stop_id":"6228","stop_code":"6228","stop_name":"Avenida De La Victoria - Federico Agustí","routes":["163"]}},{"type":"Feature","geometry":{"type":"Point","coordinates":[-3.83647,40.47505]},"properties":{"stop_id":"6229","stop_code":"6229","stop_name":"Avenida De La Victoria - Avenida De La Estación","routes":["163"]}},{"type":"Feature","geometry":{"type":"Point","coordinates":[-3.83657,40.47492]},"properties":{"stop_id":"6257","stop_code":"6257","stop_name":"El Plantío","routes":["163"]}},{"type":"Feature","geometry":{"type":"Point","coordinates":[-3.83146,40.473]},"properties":{"stop_id":"6258","stop_code":"6258","stop_name":"Avenida De La Victoria - Federico Agustí","routes":["163"]}},{"type":"Feature","geometry":{"type":"Point","coordinates":[-3.82593,40.4709]},"properties":{"stop_id":"6260","stop_code":"6260","stop_name":"Avenida De La Victoria - Monte Del Pilar","routes":["163"]}},{"type":"Feature","geometry":{"type":"Point","coordinates":[-3.82022,40.46875]},"properties":{"stop_id":"6261","stop_code":"6261","stop_name":"Avenida De La Victoria - Virgen De Los Olmos","routes":["163"]}},{"type":"Feature","geometry":{"type":"Point","coordinates":[-3.77877,40.46284]},"properties":{"stop_id":"6268","stop_code":"6268","stop_name":"Padre Huidobro - Paseo De La Ermita","routes":["162"]}},{"type":"Feature","geometry":{"type":"Point","coordinates":[-3.77981,40.46057]},"properties":{"stop_id":"6272","stop_code":"6272","stop_name":"Araquil - Paseo Ermita","routes":["160","161"]}},{"type":"Feature","geometry":{"type":"Point","coordinates":[-3.75124,40.47794]},"properties":{"stop_id":"6315","stop_code":"6315","stop_name":"Ctra. De El Pardo - Alberca","routes":["164","179","531"]}},{"type":"Feature","geometry":{"type":"Point","coordinates":[-3.75429,40.48902]},"properties":{"stop_id":"6316","stop_code":"6316","stop_name":"Ctra. De El Pardo - Tiro Pichón","routes":["164","179","531"]}},{"type":"Feature","geometry":{"type":"Point","coordinates":[-3.76248,40.50045]},"properties":{"stop_id":"6317","stop_code":"6317","stop_name":"Ctra. De El Pardo - Puente De Renfe","routes":["164","179","531"]}},{"type":"Feature","geometry":{"type":"Point","coordinates":[-3.77027,40.51297]},"properties":{"stop_id":"6318","stop_code":"6318","stop_name":"Ctra. De El Pardo - Acuartelamiento Marva","routes":["164","179","531"]}},{"type":"Feature","geometry":{"type":"Point","coordinates":[-3.77265,40.5169]},"properties":{"stop_id":"6319","stop_code":"6319","stop_name":"Av. Del Palacio - Regimiento Transmisiones","routes":["164","179","531"]}},{"type":"Feature","geometry":{"type":"Point","coordinates":[-3.77757,40.5207]},"properties":{"stop_id":"6320","stop_code":"6320","stop_name":"Paseo De El Pardo 5","routes":["164","179","531"]}},{"type":"Feature","geometry":{"type":"Point","coordinates":[-3.77852,40.52262]},"properties":{"stop_id":"6321","stop_code":"6321","stop_name":"Paseo De El Pardo 43","routes":["164","179","531"]}},{"type":"Feature","geometry":{"type":"Point","coordinates":[-3.78051,40.52945]},"properties":{"stop_id":"6322","stop_code":"6322","stop_name":"Paseo De El Pardo - Campaña","routes":["164","179","531"]}},{"type":"Feature","geometry":{"type":"Point","coordinates":[-3.78214,40.53239]},"properties":{"stop_id":"6323","stop_code":"6323","stop_name":"Carretera Colmenar - Regimiento","routes":["164","179","531"]}},{"type":"Feature","geometry":{"type":"Point","coordinates":[-3.78516,40.53653]},"properties":{"stop_id":"6324","stop_code":"6324","stop_name":"Carretera Colmenar Viejo","routes":["164","179","531"]}},{"type":"Feature","geometry":{"type":"Point","coordinates":[-3.7822,40.53221]},"properties":{"stop_id":"6325","stop_code":"6325","stop_name":"Carretera Colmenar - Regimiento","routes":["164","179","531"]}},{"type":"Feature","geometry":{"type":"Point","coordinates":[-3.78049,40.52905]},"properties":{"stop_id":"6326","stop_code":"6326","stop_name":"Paseo De El Pardo - Campaña","routes":["164","179","531"]}},{"type":"Feature","geometry":{"type":"Point","coordinates":[-3.77875,40.52262]},"properties":{"stop_id":"6327","stop_code":"6327","stop_name":"Paseo De El Pardo 20","routes":["164","179","531"]}},{"type":"Feature","geometry":{"type":"Point","coordinates":[-3.77781,40.52053]},"properties":{"stop_id":"6328","stop_code":"6328","stop_name":"Paseo De El Pardo - Carboneros","routes":["164","179","531"]}},{"type":"Feature","geometry":{"type":"Point","coordinates":[-3.77552,40.51851]},"properties":{"stop_id":"6329","stop_code":"6329","stop_name":"Avenida De La Guardia - Soldado","routes":["164","179","531"]}},{"type":"Feature","geometry":{"type":"Point","coordinates":[-3.7734,40.51654]},"properties":{"stop_id":"6330","stop_code":"6330","stop_name":"Avenida De La Guardia - Brunete","routes":["164","179","531"]}},{"type":"Feature","geometry":{"type":"Point","coordinates":[-3.77046,40.51292]},"properties":{"stop_id":"6331","stop_code":"6331","stop_name":"Ctra. De El Pardo - Parque Ingenieros","routes":["164","179","531"]}},{"type":"Feature","geometry":{"type":"Point","coordinates":[-3.76315,40.50074]},"properties":{"stop_id":"6332","stop_code":"6332","stop_name":"Ctra. De El Pardo - Puente De Renfe","routes":["164","179","531"]}},{"type":"Feature","geometry":{"type":"Point","coordinates":[-3.75453,40.48878]},"properties":{"stop_id":"6333","stop_code":"6333","stop_name":"Ctra. De El Pardo - Tiro Pichón","routes":["164","179","531"]}},{"type":"Feature","geometry":{"type":"Point","coordinates":[-3.75159,40.47967]},"properties":{"stop_id":"6334","stop_code":"6334","stop_name":"Ctra. De El Pardo - M - 40","routes":["164","179","531"]}},{"type":"Feature","geometry":{"type":"Point","coordinates":[-3.78853,40.42843]},"properties":{"stop_id":"6446","stop_code":"6446","stop_name":"Húmera - Pueblo","routes":["093","096"]}},{"type":"Feature","geometry":{"type":"Point","coordinates":[-3.78845,40.42836]},"properties":{"stop_id":"6447","stop_code":"6447","stop_name":"Húmera - Pueblo","routes":["093","096"]}},{"type":"Feature","geometry":{"type":"Point","coordinates":[-3.5906,40.40245]},"properties":{"stop_id":"7101","stop_code":"7101","stop_name":"Boyer - Rivas","routes":["159"]}},{"type":"Feature","geometry":{"type":"Point","coordinates":[-3.58748,40.40435]},"properties":{"stop_id":"7102","stop_code":"7102","stop_name":"Boyer - Vigil","routes":["159"]}},{"type":"Feature","geometry":{"type":"Point","coordinates":[-3.58764,40.40447]},"properties":{"stop_id":"7182","stop_code":"7182","stop_name":"Boyer - Vigil","routes":["159"]}},{"type":"Feature","geometry":{"type":"Point","coordinates":[-3.59213,40.40198]},"properties":{"stop_id":"7183","stop_code":"7183","stop_name":"Boyer - Rivas","routes":["159"]}},{"type":"Feature","geometry":{"type":"Point","coordinates":[-3.60913,40.43512]},"properties":{"stop_id":"7192","stop_code":"7192","stop_name":"Avenida Arcentales - Plaza Grecia","routes":["167"]}},{"type":"Feature","geometry":{"type":"Point","coordinates":[-3.58102,40.44962]},"properties":{"stop_id":"7205","stop_code":"7205","stop_name":"Avenida Aragón - Campezo","routes":["088"]}},{"type":"Feature","geometry":{"type":"Point","coordinates":[-3.55828,40.4492]},"properties":{"stop_id":"7208","stop_code":"7208","stop_name":"Avenida Aragón - Ingeniero Torres Quevedo","routes":["088"]}},{"type":"Feature","geometry":{"type":"Point","coordinates":[-3.5487,40.44835]},"properties":{"stop_id":"7209","stop_code":"7209","stop_name":"Avenida Aragón - Parque Empresarial Pegaso","routes":["088"]}},{"type":"Feature","geometry":{"type":"Point","coordinates":[-3.58227,40.4754]},"properties":{"stop_id":"7333","stop_code":"7333","stop_name":"Avenida Logroño - Pajarones","routes":["532"]}},{"type":"Feature","geometry":{"type":"Point","coordinates":[-3.60733,40.45175]},"properties":{"stop_id":"7396","stop_code":"7396","stop_name":"Avenida De Logroño - Canillejas","routes":["165"]}},{"type":"Feature","geometry":{"type":"Point","coordinates":[-3.72093,40.42019]},"properties":{"stop_id":"8372","stop_code":"8372","stop_name":"Príncipe Pío","routes":["832"]}},{"type":"Feature","geometry":{"type":"Point","coordinates":[-3.73162,40.4119]},"properties":{"stop_id":"10774","stop_code":"10774","stop_name":"Guadarrama - Grandeza Española","routes":["158"]}},{"type":"Feature","geometry":{"type":"Point","coordinates":[-3.73085,40.41071]},"properties":{"stop_id":"10775","stop_code":"10775","stop_name":"Guadarrama - Paseo Jesuitas","routes":["158"]}},{"type":"Feature","geometry":{"type":"Point","coordinates":[-3.7322,40.40972]},"properties":{"stop_id":"10776","stop_code":"10776","stop_name":"Galiana - Cerro Bermejo","routes":["158"]}},{"type":"Feature","geometry":{"type":"Point","coordinates":[-3.73524,40.40769]},"properties":{"stop_id":"10777","stop_code":"10777","stop_name":"Paseo Jesuitas - Agila","routes":["158"]}},{"type":"Feature","geometry":{"type":"Point","coordinates":[-3.73796,40.40566]},"properties":{"stop_id":"10779","stop_code":"10779","stop_name":"Paseo Olivos - Costanilla De Los Olivos","routes":["158"]}},{"type":"Feature","geometry":{"type":"Point","coordinates":[-3.73997,40.40571]},"properties":{"stop_id":"10780","stop_code":"10780","stop_name":"Paseo Olivos - Avenida De Los Apóstoles","routes":["158"]}},{"type":"Feature","geometry":{"type":"Point","coordinates":[-3.74172,40.40611]},"properties":{"stop_id":"10781","stop_code":"10781","stop_name":"Huerta De Castañeda - Paseo De Los Olivos","routes":["158"]}},{"type":"Feature","geometry":{"type":"Point","coordinates":[-3.74399,40.40702]},"properties":{"stop_id":"10790","stop_code":"10790","stop_name":"Jaraíz De La Vera - Higueras","routes":["158"]}},{"type":"Feature","geometry":{"type":"Point","coordinates":[-3.73573,40.40557]},"properties":{"stop_id":"10794","stop_code":"10794","stop_name":"Salvador Crespo - Paseo De Los Olivos","routes":["158"]}},{"type":"Feature","geometry":{"type":"Point","coordinates":[-3.73308,40.40596]},"properties":{"stop_id":"10795","stop_code":"10795","stop_name":"Paseo De Los Olivos - María Del Carmen","routes":["158"]}},{"type":"Feature","geometry":{"type":"Point","coordinates":[-3.73247,40.40708]},"properties":{"stop_id":"10796","stop_code":"10796","stop_name":"María Del Carmen - Campillo","routes":["158"]}},{"type":"Feature","geometry":{"type":"Point","coordinates":[-3.73174,40.40848]},"properties":{"stop_id":"10797","stop_code":"10797","stop_name":"María Del Carmen - Jaime Tercero","routes":["158"]}},{"type":"Feature","geometry":{"type":"Point","coordinates":[-3.73239,40.40937]},"properties":{"stop_id":"10798","stop_code":"10798","stop_name":"Galiana - Pericles","routes":["158"]}},{"type":"Feature","geometry":{"type":"Point","coordinates":[-3.7304,40.41065]},"properties":{"stop_id":"10799","stop_code":"10799","stop_name":"Paseo Jesuitas - Santa Úrsula","routes":["158"]}},{"type":"Feature","geometry":{"type":"Point","coordinates":[-3.77547,40.51901]},"properties":{"stop_id":"10887","stop_code":"10887","stop_name":"Ctra. De El Pardo - Av. De La Guardia","routes":["164","179","531"]}},{"type":"Feature","geometry":{"type":"Point","coordinates":[-3.73044,40.41245]},"properties":{"stop_id":"10900","stop_code":"10900","stop_name":"Santa Úrsula - Antonio Zamora","routes":["158"]}},{"type":"Feature","geometry":{"type":"Point","coordinates":[-3.61131,40.43486]},"properties":{"stop_id":"11760","stop_code":"11760","stop_name":"Avenida Arcentales - Iliada","routes":["167"]}},{"type":"Feature","geometry":{"type":"Point","coordinates":[-3.71908,40.43425]},"properties":{"stop_id":"11980","stop_code":"11980","stop_name":"Moncloa","routes":["160","531"]}},{"type":"Feature","geometry":{"type":"Point","coordinates":[-3.72041,40.4345]},"properties":{"stop_id":"15525","stop_code":"15525","stop_name":"Moncloa","routes":["062","164"]}},{"type":"Feature","geometry":{"type":"Point","coordinates":[-3.74366,40.39638]},"properties":{"stop_id":"15695","stop_code":"15695","stop_name":"Alhambra - Los Cármenes","routes":["158"]}},{"type":"Feature","geometry":{"type":"Point","coordinates":[-3.5824,40.47602]},"properties":{"stop_id":"17306","stop_code":"17306","stop_name":"Avenida Logroño 164","routes":["532"]}},{"type":"Feature","geometry":{"type":"Point","coordinates":[-3.60185,40.43317]},"properties":{"stop_id":"17388","stop_code":"17388","stop_name":"Carretera San Blas A Coslada Frente Metropolitano","routes":["167"]}},{"type":"Feature","geometry":{"type":"Point","coordinates":[-3.80364,40.46294]},"properties":{"stop_id":"17643","stop_code":"17643","stop_name":"Rafael Botí - Avenida Navacerrada","routes":["163"]}},{"type":"Feature","geometry":{"type":"Point","coordinates":[-3.80355,40.46312]},"properties":{"stop_id":"17644","stop_code":"17644","stop_name":"Rafael Botí - Avenida Navacerrada","routes":["163"]}},{"type":"Feature","geometry":{"type":"Point","coordinates":[-3.78815,40.45934]},"properties":{"stop_id":"17688","stop_code":"17688","stop_name":"Pico Ocejón - Osa Mayor","routes":["163"]}},{"type":"Feature","geometry":{"type":"Point","coordinates":[-3.79103,40.46121]},"properties":{"stop_id":"18927","stop_code":"18927","stop_name":"Camino Barrial - Ana Teresa","routes":["163"]}},{"type":"Feature","geometry":{"type":"Point","coordinates":[-3.79205,40.46156]},"properties":{"stop_id":"18928","stop_code":"18928","stop_name":"Camino Barrial - Lázaro Carreter","routes":["163"]}},{"type":"Feature","geometry":{"type":"Point","coordinates":[-3.71865,40.38453]},"properties":{"stop_id":"19224","stop_code":"19224","stop_name":"Vía Lusitana - Intercambiador Plaza Elíptica","routes":["898"]}},{"type":"Feature","geometry":{"type":"Point","coordinates":[-3.56102,40.40161]},"properties":{"stop_id":"50007","stop_code":"50007","stop_name":"Concejal V. Granizo - Victoria Kent","routes":["159","506"]}},{"type":"Feature","geometry":{"type":"Point","coordinates":[-3.60261,40.43381]},"properties":{"stop_id":"50009","stop_code":"50009","stop_name":"Estadio Metropolitano","routes":["167"]}},{"type":"Feature","geometry":{"type":"Point","coordinates":[-3.69049,40.40764]},"properties":{"stop_id":"50011","stop_code":"50011","stop_name":"Estación De Atocha","routes":["059"]}},{"type":"Feature","geometry":{"type":"Point","coordinates":[-3.79482,40.46019]},"properties":{"stop_id":"50018","stop_code":"50018","stop_name":"Lázaro Carreter - Vizcaíno Casas","routes":["163"]}},{"type":"Feature","geometry":{"type":"Point","coordinates":[-3.79453,40.4605]},"properties":{"stop_id":"50019","stop_code":"50019","stop_name":"Lázaro Carreter - Vizcaíno Casas","routes":["163"]}},{"type":"Feature","geometry":{"type":"Point","coordinates":[-3.80844,40.46446]},"properties":{"stop_id":"50022","stop_code":"50022","stop_name":"El Barrial","routes":["163"]}},{"type":"Feature","geometry":{"type":"Point","coordinates":[-3.67329,40.48751]},"properties":{"stop_id":"50043","stop_code":"50043","stop_name":"Av. Burgos - Nudo Manoteras","routes":["833"]}},{"type":"Feature","geometry":{"type":"Point","coordinates":[-3.65933,40.40469]},"properties":{"stop_id":"51000","stop_code":"51000","stop_name":"Sierra Toledana - Sierra Elvira","routes":["008","113"]}},{"type":"Feature","geometry":{"type":"Point","coordinates":[-3.66049,40.40321]},"properties":{"stop_id":"51001","stop_code":"51001","stop_name":"Doctor Lozano - Sierra Toledana","routes":["008","113"]}},{"type":"Feature","geometry":{"type":"Point","coordinates":[-3.59337,40.44601]},"properties":{"stop_id":"51002","stop_code":"51002","stop_name":"Ctra Acceso Estación O`donnell - Pirra","routes":["088"]}},{"type":"Feature","geometry":{"type":"Point","coordinates":[-3.56039,40.40507]},"properties":{"stop_id":"51003","stop_code":"51003","stop_name":"Miguel Delibes - Mario Moreno Cantinflas","routes":["159","405","506"]}},{"type":"Feature","geometry":{"type":"Point","coordinates":[-3.54856,40.39826]},"properties":{"stop_id":"51006","stop_code":"51006","stop_name":"Alcalde Andrés Madrid Dávila - Pilar Bellosillo","routes":["159"]}},{"type":"Feature","geometry":{"type":"Point","coordinates":[-3.54685,40.39769]},"properties":{"stop_id":"51007","stop_code":"51007","stop_name":"Ferenc Puskas - Pilar Bellosillo","routes":["159"]}},{"type":"Feature","geometry":{"type":"Point","coordinates":[-3.69765,40.48765]},"properties":{"stop_id":"51008","stop_code":"51008","stop_name":"Alfredo Marqueríe - Fermín Caballero","routes":["522"]}},{"type":"Feature","geometry":{"type":"Point","coordinates":[-3.70739,40.50133]},"properties":{"stop_id":"51009","stop_code":"51009","stop_name":"Monasterio Paular - Monasterio Huelgas","routes":["170"]}},{"type":"Feature","geometry":{"type":"Point","coordinates":[-3.71177,40.5001]},"properties":{"stop_id":"51010","stop_code":"51010","stop_name":"Monasterio Paular - Monasterio Silos","routes":["170"]}},{"type":"Feature","geometry":{"type":"Point","coordinates":[-3.61092,40.42147]},"properties":{"stop_id":"51011","stop_code":"51011","stop_name":"Suecia - Avenida De Canillejas","routes":["140","153"]}},{"type":"Feature","geometry":{"type":"Point","coordinates":[-3.64401,40.40348]},"properties":{"stop_id":"51013","stop_code":"51013","stop_name":"Hacienda De Pavones - Corregidor Conde Maceda","routes":["020","030","508"]}},{"type":"Feature","geometry":{"type":"Point","coordinates":[-3.64329,40.40254]},"properties":{"stop_id":"51014","stop_code":"51014","stop_name":"Pico De Artilleros - Corregidor Conde Maceda","routes":["020","508"]}},{"type":"Feature","geometry":{"type":"Point","coordinates":[-3.6427,40.4028]},"properties":{"stop_id":"51015","stop_code":"51015","stop_name":"Hacienda De Pavones - Corregidor Conde Maceda","routes":["071","100"]}},{"type":"Feature","geometry":{"type":"Point","coordinates":[-3.6427,40.40357]},"properties":{"stop_id":"51016","stop_code":"51016","stop_name":"Pico Artilleros - Corregidor Conde Maceda","routes":["030"]}},{"type":"Feature","geometry":{"type":"Point","coordinates":[-3.71541,40.45409]},"properties":{"stop_id":"51018","stop_code":"51018","stop_name":"Sánchez Arcas - Rubio Y Galí","routes":["132"]}},{"type":"Feature","geometry":{"type":"Point","coordinates":[-3.60945,40.4982]},"properties":{"stop_id":"51022","stop_code":"51022","stop_name":"Valdebebas","routes":["171","174","502"]}},{"type":"Feature","geometry":{"type":"Point","coordinates":[-3.61239,40.49811]},"properties":{"stop_id":"51023","stop_code":"51023","stop_name":"César Cort Botí - Leandro Silva","routes":["171","174","502"]}},{"type":"Feature","geometry":{"type":"Point","coordinates":[-3.71973,40.46276]},"properties":{"stop_id":"51026","stop_code":"51026","stop_name":"Antonio Machado - Isla De Oza","routes":["126","127","132"]}},{"type":"Feature","geometry":{"type":"Point","coordinates":[-3.59575,40.40409]},"properties":{"stop_id":"51027","stop_code":"51027","stop_name":"Villablanca - Gran Vía Del Este","routes":["100","106","159","506","507"]}},{"type":"Feature","geometry":{"type":"Point","coordinates":[-3.75328,40.41118]},"properties":{"stop_id":"51030","stop_code":"51030","stop_name":"Venta Del Batán","routes":["033"]}},{"type":"Feature","geometry":{"type":"Point","coordinates":[-3.67458,40.50059]},"properties":{"stop_id":"51031","stop_code":"51031","stop_name":"Camino De Santiago - Atapuerca","routes":["172","372"]}},{"type":"Feature","geometry":{"type":"Point","coordinates":[-3.67416,40.50053]},"properties":{"stop_id":"51032","stop_code":"51032","stop_name":"Camino De Santiago - Atapuerca","routes":["524"]}},{"type":"Feature","geometry":{"type":"Point","coordinates":[-3.71779,40.43381]},"properties":{"stop_id":"51033","stop_code":"51033","stop_name":"Moncloa","routes":["361"]}},{"type":"Feature","geometry":{"type":"Point","coordinates":[-3.7093,40.50361]},"properties":{"stop_id":"51035","stop_code":"51035","stop_name":"Monasterio De Silos - Santuario De Valverde","routes":["170"]}},{"type":"Feature","geometry":{"type":"Point","coordinates":[-3.59166,40.36093]},"properties":{"stop_id":"51036","stop_code":"51036","stop_name":"Gran Vía Del Sureste - Ensanche Vallecas","routes":["145"]}},{"type":"Feature","geometry":{"type":"Point","coordinates":[-3.68821,40.45189]},"properties":{"stop_id":"51040","stop_code":"51040","stop_name":"Concha Espina - Plaza De Lima","routes":["043"]}},{"type":"Feature","geometry":{"type":"Point","coordinates":[-3.63552,40.40012]},"properties":{"stop_id":"51046","stop_code":"51046","stop_name":"Pavones","routes":["020"]}},{"type":"Feature","geometry":{"type":"Point","coordinates":[-3.71126,40.40704]},"properties":{"stop_id":"51047","stop_code":"51047","stop_name":"Puerta De Toledo","routes":["603"]}},{"type":"Feature","geometry":{"type":"Point","coordinates":[-3.66548,40.4641]},"properties":{"stop_id":"51053","stop_code":"51053","stop_name":"Arturo Soria - Ángel Gordillo","routes":["007","070"]}},{"type":"Feature","geometry":{"type":"Point","coordinates":[-3.65134,40.37373]},"properties":{"stop_id":"51057","stop_code":"51057","stop_name":"Camino Del Pozo Tío Raimundo - Luis I","routes":["454"]}},{"type":"Feature","geometry":{"type":"Point","coordinates":[-3.62558,40.47889]},"properties":{"stop_id":"51058","stop_code":"51058","stop_name":"Francisco Umbral - Cambados","routes":["171"]}},{"type":"Feature","geometry":{"type":"Point","coordinates":[-3.65534,40.48976]},"properties":{"stop_id":"51059","stop_code":"51059","stop_name":"Ingeniero Emilio Herrera - Princesa Éboli","routes":["172"]}},{"type":"Feature","geometry":{"type":"Point","coordinates":[-3.65469,40.4898]},"properties":{"stop_id":"51060","stop_code":"51060","stop_name":"Ingeniero Emilio Herrera - Princesa Éboli","routes":["172"]}},{"type":"Feature","geometry":{"type":"Point","coordinates":[-3.65736,40.37551]},"properties":{"stop_id":"51078","stop_code":"51078","stop_name":"Padre Llanos - Esteban Carros","routes":["024","180"]}},{"type":"Feature","geometry":{"type":"Point","coordinates":[-3.77695,40.38996]},"properties":{"stop_id":"51079","stop_code":"51079","stop_name":"Paseo De Extremadura 382","routes":["039","519"]}},{"type":"Feature","geometry":{"type":"Point","coordinates":[-3.77578,40.39052]},"properties":{"stop_id":"51080","stop_code":"51080","stop_name":"Paseo De Extremadura 441","routes":["039","519"]}},{"type":"Feature","geometry":{"type":"Point","coordinates":[-3.59043,40.36231]},"properties":{"stop_id":"51081","stop_code":"51081","stop_name":"Gran Vía Del Sureste - Las Suertes","routes":["145"]}},{"type":"Feature","geometry":{"type":"Point","coordinates":[-3.58961,40.36191]},"properties":{"stop_id":"51082","stop_code":"51082","stop_name":"Gran Vía Del Sureste - Las Suertes","routes":["145"]}},{"type":"Feature","geometry":{"type":"Point","coordinates":[-3.70558,40.49175]},"properties":{"stop_id":"51091","stop_code":"51091","stop_name":"Nuria - Peña Sirio","routes":["133","523"]}},{"type":"Feature","geometry":{"type":"Point","coordinates":[-3.72105,40.38445]},"properties":{"stop_id":"51093","stop_code":"51093","stop_name":"Braganza - Vía Lusitana","routes":["047","247"]}},{"type":"Feature","geometry":{"type":"Point","coordinates":[-3.69521,40.39041]},"properties":{"stop_id":"51095","stop_code":"51095","stop_name":"Legazpi","routes":["869"]}},{"type":"Feature","geometry":{"type":"Point","coordinates":[-3.58814,40.39274]},"properties":{"stop_id":"51103","stop_code":"51103","stop_name":"Dehesa Vieja - Huerta De Los Rueda","routes":["718"]}},{"type":"Feature","geometry":{"type":"Point","coordinates":[-3.58667,40.39063]},"properties":{"stop_id":"51104","stop_code":"51104","stop_name":"Santeras - Huerta De Los Rueda","routes":["718"]}},{"type":"Feature","geometry":{"type":"Point","coordinates":[-3.78286,40.53319]},"properties":{"stop_id":"51106","stop_code":"51106","stop_name":"Carretera Colmenar - Batallón","routes":["164","179","531"]}},{"type":"Feature","geometry":{"type":"Point","coordinates":[-3.67518,40.4935]},"properties":{"stop_id":"51107","stop_code":"51107","stop_name":"Carretera De Fuencarral A Hortaleza","routes":["833"]}},{"type":"Feature","geometry":{"type":"Point","coordinates":[-3.6727,40.49651]},"properties":{"stop_id":"51108","stop_code":"51108","stop_name":"Quintanadueñas - Puerto De Somport","routes":["833"]}},{"type":"Feature","geometry":{"type":"Point","coordinates":[-3.6725,40.49566]},"properties":{"stop_id":"51109","stop_code":"51109","stop_name":"Puerto De Somport","routes":["833"]}},{"type":"Feature","geometry":{"type":"Point","coordinates":[-3.74162,40.40622]},"properties":{"stop_id":"51111","stop_code":"51111","stop_name":"Vicente Camarón - Huerta Castañeda","routes":["158"]}},{"type":"Feature","geometry":{"type":"Point","coordinates":[-3.7399,40.40614]},"properties":{"stop_id":"51112","stop_code":"51112","stop_name":"Vicente Camarón - Av. De Los Apóstoles","routes":["158"]}},{"type":"Feature","geometry":{"type":"Point","coordinates":[-3.73764,40.40601]},"properties":{"stop_id":"51113","stop_code":"51113","stop_name":"Vicente Camarón - Costanilla De Los Olivos","routes":["158"]}},{"type":"Feature","geometry":{"type":"Point","coordinates":[-3.73572,40.40594]},"properties":{"stop_id":"51114","stop_code":"51114","stop_name":"Paseo Jesuitas - Salvador Crespo","routes":["158"]}},{"type":"Feature","geometry":{"type":"Point","coordinates":[-3.61552,40.48309]},"properties":{"stop_id":"51118","stop_code":"51118","stop_name":"Intercambiador Valdebebas","routes":["709"]}},{"type":"Feature","geometry":{"type":"Point","coordinates":[-3.67306,40.42325]},"properties":{"stop_id":"51121","stop_code":"51121","stop_name":"Jorge Juan - Máiquez","routes":["069"]}},{"type":"Feature","geometry":{"type":"Point","coordinates":[-3.7525,40.40727]},"properties":{"stop_id":"51122","stop_code":"51122","stop_name":"Batán","routes":["866"]}},{"type":"Feature","geometry":{"type":"Point","coordinates":[-3.75,40.40785]},"properties":{"stop_id":"51123","stop_code":"51123","stop_name":"Villamanín - Villavaliente","routes":["866"]}},{"type":"Feature","geometry":{"type":"Point","coordinates":[-3.75303,40.40583]},"properties":{"stop_id":"51124","stop_code":"51124","stop_name":"Villasandino - Villamanín","routes":["866"]}},{"type":"Feature","geometry":{"type":"Point","coordinates":[-3.7494,40.40361]},"properties":{"stop_id":"51127","stop_code":"51127","stop_name":"Sepúlveda - Cebreros","routes":["036","519","866"]}},{"type":"Feature","geometry":{"type":"Point","coordinates":[-3.7493,40.4043]},"properties":{"stop_id":"51128","stop_code":"51128","stop_name":"Cebreros - Sepúlveda","routes":["033","065"]}},{"type":"Feature","geometry":{"type":"Point","coordinates":[-3.74987,40.40431]},"properties":{"stop_id":"51129","stop_code":"51129","stop_name":"Cebreros - Sepúlveda","routes":["065","866"]}},{"type":"Feature","geometry":{"type":"Point","coordinates":[-3.74597,40.40501]},"properties":{"stop_id":"51130","stop_code":"51130","stop_name":"Cebreros - Higueras","routes":["036","065","519"]}},{"type":"Feature","geometry":{"type":"Point","coordinates":[-3.74595,40.40488]},"properties":{"stop_id":"51131","stop_code":"51131","stop_name":"Cebreros - Higueras","routes":["033","036","065","519"]}},{"type":"Feature","geometry":{"type":"Point","coordinates":[-3.58348,40.47498]},"properties":{"stop_id":"51135","stop_code":"51135","stop_name":"Arroyomolino - Alhaurín","routes":["151"]}},{"type":"Feature","geometry":{"type":"Point","coordinates":[-3.72119,40.48697]},"properties":{"stop_id":"51145","stop_code":"51145","stop_name":"Cerro Minguete - Riscos De Polanco","routes":["049","521"]}},{"type":"Feature","geometry":{"type":"Point","coordinates":[-3.70556,40.41273]},"properties":{"stop_id":"51146","stop_code":"51146","stop_name":"Colegiata - Tirso De Molina","routes":["050","065","362","601","603"]}},{"type":"Feature","geometry":{"type":"Point","coordinates":[-3.79226,40.37862]},"properties":{"stop_id":"51147","stop_code":"51147","stop_name":"Cuatro Vientos","routes":["898"]}},{"type":"Feature","geometry":{"type":"Point","coordinates":[-3.67748,40.40732]},"properties":{"stop_id":"51158","stop_code":"51158","stop_name":"Av. Del Mediterráneo - Mariano De Cavia","routes":["090"]}},{"type":"Feature","geometry":{"type":"Point","coordinates":[-3.67398,40.40682]},"properties":{"stop_id":"51159","stop_code":"51159","stop_name":"Abtao - Av. Del Mediterráneo","routes":["145"]}},{"type":"Feature","geometry":{"type":"Point","coordinates":[-3.76829,40.3981]},"properties":{"stop_id":"51161","stop_code":"51161","stop_name":"Villaviciosa - Carabias","routes":["065"]}},{"type":"Feature","geometry":{"type":"Point","coordinates":[-3.7711,40.39708]},"properties":{"stop_id":"51162","stop_code":"51162","stop_name":"Villaviciosa - Galicia","routes":["065"]}},{"type":"Feature","geometry":{"type":"Point","coordinates":[-3.77382,40.39604]},"properties":{"stop_id":"51163","stop_code":"51163","stop_name":"Carretera Carabanchel A Aravaca - Villaviciosa","routes":["065"]}},{"type":"Feature","geometry":{"type":"Point","coordinates":[-3.77533,40.3992]},"properties":{"stop_id":"51164","stop_code":"51164","stop_name":"Ctra. Boadilla Del Monte - Sedano","routes":["065"]}},{"type":"Feature","geometry":{"type":"Point","coordinates":[-3.77247,40.3992]},"properties":{"stop_id":"51165","stop_code":"51165","stop_name":"Ctra. Boadilla Del Monte - Galicia","routes":["065"]}},{"type":"Feature","geometry":{"type":"Point","coordinates":[-3.76983,40.39919]},"properties":{"stop_id":"51166","stop_code":"51166","stop_name":"Ctra. Boadilla Del Monte - Mirlo","routes":["065"]}},{"type":"Feature","geometry":{"type":"Point","coordinates":[-3.76782,40.39906]},"properties":{"stop_id":"51167","stop_code":"51167","stop_name":"Ctra. Boadilla Del Monte - Carabias","routes":["065"]}},{"type":"Feature","geometry":{"type":"Point","coordinates":[-3.54681,40.40107]},"properties":{"stop_id":"51170","stop_code":"51170","stop_name":"Ferenc Puskas - Casa Tilly","routes":["159"]}},{"type":"Feature","geometry":{"type":"Point","coordinates":[-3.55264,40.40628]},"properties":{"stop_id":"51171","stop_code":"51171","stop_name":"Blas De Lezo - Cerro Del Tesoro","routes":["159"]}},{"type":"Feature","geometry":{"type":"Point","coordinates":[-3.71673,40.38806]},"properties":{"stop_id":"51172","stop_code":"51172","stop_name":"Antonio De Leyva - Arroyo Opañel","routes":["055","060","517"]}},{"type":"Feature","geometry":{"type":"Point","coordinates":[-3.68639,40.45235]},"properties":{"stop_id":"51173","stop_code":"51173","stop_name":"Padre Damián - Concha Espina","routes":["150"]}},{"type":"Feature","geometry":{"type":"Point","coordinates":[-3.63057,40.38328]},"properties":{"stop_id":"51176","stop_code":"51176","stop_name":"Av. De La Albufera - Cocherón De La Villa","routes":["058","103","142","143","525"]}},{"type":"Feature","geometry":{"type":"Point","coordinates":[-3.75844,40.38505]},"properties":{"stop_id":"51180","stop_code":"51180","stop_name":"Camarena - Ocaña","routes":["031","121","518"]}},{"type":"Feature","geometry":{"type":"Point","coordinates":[-3.70172,40.41373]},"properties":{"stop_id":"51181","stop_code":"51181","stop_name":"San Sebastián - Atocha","routes":["362","601","603"]}},{"type":"Feature","geometry":{"type":"Point","coordinates":[-3.62484,40.38269]},"properties":{"stop_id":"51184","stop_code":"51184","stop_name":"Sierra De Guadalupe","routes":["090","481"]}},{"type":"Feature","geometry":{"type":"Point","coordinates":[-3.63283,40.38419]},"properties":{"stop_id":"51189","stop_code":"51189","stop_name":"Polideportivo Palomeras","routes":["058","103","142","143"]}},{"type":"Feature","geometry":{"type":"Point","coordinates":[-3.68531,40.47875]},"properties":{"stop_id":"51192","stop_code":"51192","stop_name":"Castellana - Hospital La Paz","routes":["175","178"]}},{"type":"Feature","geometry":{"type":"Point","coordinates":[-3.68496,40.48009]},"properties":{"stop_id":"51193","stop_code":"51193","stop_name":"Castellana - Nudo Norte","routes":["173","174","176"]}},{"type":"Feature","geometry":{"type":"Point","coordinates":[-3.68609,40.47968]},"properties":{"stop_id":"51194","stop_code":"51194","stop_name":"Castellana - Hospital La Paz","routes":["173","175","176","178"]}},{"type":"Feature","geometry":{"type":"Point","coordinates":[-3.61001,40.44907]},"properties":{"stop_id":"51195","stop_code":"51195","stop_name":"Canillejas","routes":["101"]}},{"type":"Feature","geometry":{"type":"Point","coordinates":[-3.67164,40.40512]},"properties":{"stop_id":"51201","stop_code":"51201","stop_name":"Doctor Esquerdo - Cavanilles","routes":["014"]}},{"type":"Feature","geometry":{"type":"Point","coordinates":[-3.66266,40.42948]},"properties":{"stop_id":"51203","stop_code":"51203","stop_name":"América Española","routes":["012"]}},{"type":"Feature","geometry":{"type":"Point","coordinates":[-3.72878,40.41408]},"properties":{"stop_id":"51205","stop_code":"51205","stop_name":"Puerta Del Ángel","routes":["033"]}},{"type":"Feature","geometry":{"type":"Point","coordinates":[-3.73243,40.41371]},"properties":{"stop_id":"51206","stop_code":"51206","stop_name":"Avenida De Portugal - Fruela","routes":["033"]}},{"type":"Feature","geometry":{"type":"Point","coordinates":[-3.73842,40.41144]},"properties":{"stop_id":"51207","stop_code":"51207","stop_name":"Avenida De Portugal - Avenida Principal","routes":["033"]}},{"type":"Feature","geometry":{"type":"Point","coordinates":[-3.66828,40.38758]},"properties":{"stop_id":"51208","stop_code":"51208","stop_name":"Sierra Molina - San Diego","routes":["024"]}},{"type":"Feature","geometry":{"type":"Point","coordinates":[-3.68813,40.47239]},"properties":{"stop_id":"51209","stop_code":"51209","stop_name":"Castellana - Luis Esteban","routes":["067","124","134","135","147","173","175","176","178","179"]}},{"type":"Feature","geometry":{"type":"Point","coordinates":[-3.62528,40.38299]},"properties":{"stop_id":"51210","stop_code":"51210","stop_name":"Sierra Guadalupe","routes":["090"]}},{"type":"Feature","geometry":{"type":"Point","coordinates":[-3.62538,40.38287]},"properties":{"stop_id":"51211","stop_code":"51211","stop_name":"Sierra Guadalupe","routes":["454"]}},{"type":"Feature","geometry":{"type":"Point","coordinates":[-3.62514,40.38246]},"properties":{"stop_id":"51212","stop_code":"51212","stop_name":"Sierra Guadalupe","routes":["481"]}},{"type":"Feature","geometry":{"type":"Point","coordinates":[-3.66207,40.35975]},"properties":{"stop_id":"51219","stop_code":"51219","stop_name":"Mercamadrid - Zona Comercial","routes":["130","453"]}},{"type":"Feature","geometry":{"type":"Point","coordinates":[-3.68152,40.33964]},"properties":{"stop_id":"51221","stop_code":"51221","stop_name":"Arroyo De La Bulera - Maricara","routes":["123"]}},{"type":"Feature","geometry":{"type":"Point","coordinates":[-3.6809,40.33916]},"properties":{"stop_id":"51222","stop_code":"51222","stop_name":"Arroyo De La Bulera - Viñas Del Río","routes":["085","512"]}},{"type":"Feature","geometry":{"type":"Point","coordinates":[-3.68012,40.33876]},"properties":{"stop_id":"51223","stop_code":"51223","stop_name":"Llanos - Arroyo De La Bulera","routes":["085","123","512"]}},{"type":"Feature","geometry":{"type":"Point","coordinates":[-3.70428,40.41247]},"properties":{"stop_id":"51229","stop_code":"51229","stop_name":"Tirso De Molina","routes":["026","032","526","601"]}},{"type":"Feature","geometry":{"type":"Point","coordinates":[-3.70486,40.41352]},"properties":{"stop_id":"51231","stop_code":"51231","stop_name":"Conde De Romanones - Tirso De Molina","routes":["026"]}},{"type":"Feature","geometry":{"type":"Point","coordinates":[-3.70485,40.41355]},"properties":{"stop_id":"51232","stop_code":"51232","stop_name":"Conde De Romanones - Tirso De Molina","routes":["032"]}},{"type":"Feature","geometry":{"type":"Point","coordinates":[-3.69246,40.40519]},"properties":{"stop_id":"51241","stop_code":"51241","stop_name":"Atocha","routes":["047","055","247"]}},{"type":"Feature","geometry":{"type":"Point","coordinates":[-3.6883,40.43781]},"properties":{"stop_id":"51242","stop_code":"51242","stop_name":"María De Molina - Serrano","routes":["012","016","501"]}},{"type":"Feature","geometry":{"type":"Point","coordinates":[-3.58117,40.45194]},"properties":{"stop_id":"51243","stop_code":"51243","stop_name":"Barrio Aeropuerto","routes":["166"]}},{"type":"Feature","geometry":{"type":"Point","coordinates":[-3.72607,40.4744]},"properties":{"stop_id":"51244","stop_code":"51244","stop_name":"Joaquín Lorenzo - Islas Marquesas","routes":["042","064","137","520"]}},{"type":"Feature","geometry":{"type":"Point","coordinates":[-3.76092,40.40284]},"properties":{"stop_id":"51245","stop_code":"51245","stop_name":"Casa Campo","routes":["036","039","519"]}},{"type":"Feature","geometry":{"type":"Point","coordinates":[-3.70061,40.47562]},"properties":{"stop_id":"51246","stop_code":"51246","stop_name":"Finisterre - Villa De Marín","routes":["128"]}},{"type":"Feature","geometry":{"type":"Point","coordinates":[-3.70204,40.47747]},"properties":{"stop_id":"51247","stop_code":"51247","stop_name":"Finisterre - Melchor Fernández Almagro","routes":["128"]}},{"type":"Feature","geometry":{"type":"Point","coordinates":[-3.67951,40.47224]},"properties":{"stop_id":"51249","stop_code":"51249","stop_name":"Chamartín","routes":["005"]}},{"type":"Feature","geometry":{"type":"Point","coordinates":[-3.69638,40.37759]},"properties":{"stop_id":"51250","stop_code":"51250","stop_name":"Hospital 12 De Octubre - Urgencias","routes":["081","121","515"]}},{"type":"Feature","geometry":{"type":"Point","coordinates":[-3.69751,40.37826]},"properties":{"stop_id":"51251","stop_code":"51251","stop_name":"Hospital 12 De Octubre - Entrada Principal","routes":["081","121","515"]}},{"type":"Feature","geometry":{"type":"Point","coordinates":[-3.69854,40.37887]},"properties":{"stop_id":"51252","stop_code":"51252","stop_name":"Hospital 12 De Octubre - Tolosa Latour","routes":["121"]}},{"type":"Feature","geometry":{"type":"Point","coordinates":[-3.69857,40.3789]},"properties":{"stop_id":"51254","stop_code":"51254","stop_name":"Hospital 12 De Octubre - Tolosa Latour","routes":["081","515"]}},{"type":"Feature","geometry":{"type":"Point","coordinates":[-3.66473,40.37549]},"properties":{"stop_id":"51255","stop_code":"51255","stop_name":"Cazorla - Villacarrillo","routes":["102","103","511"]}},{"type":"Feature","geometry":{"type":"Point","coordinates":[-3.70276,40.41399]},"properties":{"stop_id":"51258","stop_code":"51258","stop_name":"Atocha - Jacinto Benavente","routes":["006","026","032"]}},{"type":"Feature","geometry":{"type":"Point","coordinates":[-3.66132,40.40326]},"properties":{"stop_id":"51260","stop_code":"51260","stop_name":"Doctor Lozano - Santa Marta","routes":["056"]}},{"type":"Feature","geometry":{"type":"Point","coordinates":[-3.71527,40.33617]},"properties":{"stop_id":"51261","stop_code":"51261","stop_name":"Valle De Tobalina - Montejo","routes":["456"]}},{"type":"Feature","geometry":{"type":"Point","coordinates":[-3.54948,40.39585]},"properties":{"stop_id":"51265","stop_code":"51265","stop_name":"Luis Ocaña - Alcalde Andrés Madrid Dávila","routes":["159"]}},{"type":"Feature","geometry":{"type":"Point","coordinates":[-3.54931,40.39602]},"properties":{"stop_id":"51266","stop_code":"51266","stop_name":"Luis Ocaña - Alcalde Andrés Madrid Dávila","routes":["159"]}},{"type":"Feature","geometry":{"type":"Point","coordinates":[-3.70891,40.34196]},"properties":{"stop_id":"51269","stop_code":"51269","stop_name":"Domingo Párraga - Plaza Gómez Acebo","routes":["079","514"]}},{"type":"Feature","geometry":{"type":"Point","coordinates":[-3.69939,40.38753]},"properties":{"stop_id":"51270","stop_code":"51270","stop_name":"Av. De Córdoba - Gta De Cádiz","routes":["006","078"]}},{"type":"Feature","geometry":{"type":"Point","coordinates":[-3.69838,40.38412]},"properties":{"stop_id":"51271","stop_code":"51271","stop_name":"Almendrales","routes":["006","078"]}},{"type":"Feature","geometry":{"type":"Point","coordinates":[-3.68899,40.46507]},"properties":{"stop_id":"65001","stop_code":"65001","stop_name":"Castellana - Plaza Castilla","routes":["881"]}}]}